dealscan_name,dealscan_parent_id,candidate_rssd9001,candidate_bank_name,score,confirmed_rssd9001
1st Century Bank NA,58752.0,3146150,U.S. CENTURY BANK,77.41935483870968,
1st Century Bank NA,58752.0,783648,CENTIER BANK,71.42857142857143,
1st Century Bank NA,58752.0,2860440,1ST UNITED BANK,70.96774193548387,
1st Source Bank,54409.0,2860440,1ST UNITED BANK,73.33333333333334,
1st Source Bank,54409.0,817833,SOUTHTRUST BANK,60.0,
1st United Bank,109359.0,2860440,1ST UNITED BANK,100.0,
1st United Bank,109359.0,613307,PEOPLE'S UNITED BANK,62.857142857142854,
1st United Bank,109359.0,538802,INTERAUDI BANK,62.06896551724138,
ACE Financial Solutions Inc,73433.0,526452,1ST FINANCIAL BANK USA,62.22222222222222,
ACTIAM-FMO SME Finance Fund,141715.0,827560,"FINANCE FACTORS, LIMITED",60.0,
AG Star Financial Services PCA,125285.0,2700984,WRIGHT EXPRESS FINANCIAL SERVICES CORPORATION,66.66666666666667,
AIG Capital Corp,58699.0,2253891,CAPITAL ONE BANK,66.66666666666667,
AIG Capital Corp,58699.0,637451,PLAINSCAPITAL BANK,62.06896551724138,
ALJ Capital,106156.0,2253891,CAPITAL ONE BANK,66.66666666666667,
ALJ Capital,106156.0,637451,PLAINSCAPITAL BANK,62.06896551724138,
AQR Capital LLC,60789.0,2253891,CAPITAL ONE BANK,66.66666666666667,
AQR Capital LLC,60789.0,637451,PLAINSCAPITAL BANK,62.06896551724138,
ATEL Financial Corp,72097.0,163473,CITIZENS FINANCIAL BANK,70.27027027027026,
ATEL Financial Corp,72097.0,526452,1ST FINANCIAL BANK USA,61.111111111111114,
Academy Bank NA,115452.0,810900,"ASIA BANK, N.A.",66.66666666666667,
Academy Bank NA,115452.0,3284070,ALLY BANK,66.66666666666667,
Academy Bank NA,115452.0,311845,ARVEST BANK,60.86956521739131,
Acore Capital LP,182444.0,2253891,CAPITAL ONE BANK,62.06896551724138,
Acore Capital Mortgage LP,170003.0,2253891,CAPITAL ONE BANK,63.1578947368421,
Adelphi Bank,175991.0,810900,"ASIA BANK, N.A.",66.66666666666667,
Adelphi Bank,175991.0,3284070,ALLY BANK,66.66666666666667,
Adelphi Bank,175991.0,311845,ARVEST BANK,60.86956521739131,
Adirondack Bank,108167.0,810900,"ASIA BANK, N.A.",66.66666666666667,
Aequum Capital Financial LLC,171194.0,163473,CITIZENS FINANCIAL BANK,63.829787234042556,
Aereal Bank,125117.0,311845,ARVEST BANK,72.72727272727273,
Aereal Bank,125117.0,810900,"ASIA BANK, N.A.",70.0,
Aereal Bank,125117.0,3284070,ALLY BANK,70.0,
Aetna Financial Services,78430.0,2700984,WRIGHT EXPRESS FINANCIAL SERVICES CORPORATION,70.17543859649122,
Aetna Financial Services,78430.0,526452,1ST FINANCIAL BANK USA,60.86956521739131,
AgFirst Farm Credit Bank,47956.0,510871,FIRSTBANK PUERTO RICO,62.22222222222222,
AgStar Financial Services ACA,138331.0,2700984,WRIGHT EXPRESS FINANCIAL SERVICES CORPORATION,64.51612903225806,
Agribank FCB,90688.0,56557,COBIZ BANK,63.63636363636363,
Agribank FCB,90688.0,66015,BPD BANK,60.0,
Agribank FCB,90688.0,2950677,CIT BANK,60.0,
Agstar Financial Services PCA,9242.0,2700984,WRIGHT EXPRESS FINANCIAL SERVICES CORPORATION,64.51612903225806,
Aiga Capital Partners,172597.0,2253891,CAPITAL ONE BANK,64.86486486486487,
AimBank,145959.0,810900,"ASIA BANK, N.A.",75.0,
AimBank,145959.0,476810,"CITIBANK, N.A.",66.66666666666667,
AimBank,145959.0,245333,AMSOUTH BANK,63.1578947368421,
Aimco Capital,135565.0,2253891,CAPITAL ONE BANK,62.06896551724138,
Alabama National Bancorp,21837.0,676160,FAR EAST NATIONAL BANK,65.21739130434783,
Alabama National Bancorp,21837.0,1004368,NATIONAL BANK OF ARIZONA,62.5,
Alabama National Bancorp,21837.0,171133,EASTERN NATIONAL BANK,62.22222222222222,
Aladdin Capital,20096.0,637451,PLAINSCAPITAL BANK,72.72727272727273,
Aladdin Capital,20096.0,2253891,CAPITAL ONE BANK,64.51612903225806,
Aladdin Capital Holdings LLC,57143.0,2253891,CAPITAL ONE BANK,65.0,
Alamerica Bank,170721.0,1160732,SUN AMERICAN BANK,77.41935483870968,
Alamerica Bank,170721.0,245016,HABIB AMERICAN BANK,72.72727272727273,
Alamerica Bank,170721.0,810900,"ASIA BANK, N.A.",69.56521739130434,
Alcentra,57013.0,783648,CENTIER BANK,60.0,
Aldwych Capital Partners LLC,145243.0,2253891,CAPITAL ONE BANK,60.0,
Alerus Financial Corp,167618.0,163473,CITIZENS FINANCIAL BANK,66.66666666666667,
Alfin Banco SA,180680.0,3402913,BANESCO USA,64.0,
Allegheny Valley Bank,132698.0,3284070,ALLY BANK,60.0,
Allegiance Bank,146838.0,810900,"ASIA BANK, N.A.",66.66666666666667,
Allegiance Bank,146838.0,3284070,ALLY BANK,66.66666666666667,
Allegiance Bank,146838.0,661308,AMALGAMATED BANK,64.51612903225806,
Alliance Bank NA,53515.0,810900,"ASIA BANK, N.A.",72.72727272727273,
Alliance Bank NA,53515.0,3284070,ALLY BANK,72.72727272727273,
Alliance Bank NA,53515.0,2736219,"TRANSPORTATION ALLIANCE BANK, INC.",63.41463414634146,
Alliance Bernstein LP,49192.0,2736219,"TRANSPORTATION ALLIANCE BANK, INC.",69.56521739130434,
AllianceBernstein LP,160731.0,2736219,"TRANSPORTATION ALLIANCE BANK, INC.",66.66666666666667,
Allianz Global Investors LLC,136735.0,1444021,"BARCLAYS GLOBAL INVESTORS, NATIONAL ASSOCIATION",60.0,
Allstate Financial Corp,51633.0,526452,1ST FINANCIAL BANK USA,65.0,
Allstate Financial Corp,51633.0,163473,CITIZENS FINANCIAL BANK,63.41463414634146,
Ally Financial Inc,62615.0,526452,1ST FINANCIAL BANK USA,61.111111111111114,
Ally Financial Inc,62615.0,3284070,ALLY BANK,60.86956521739131,
Alma Bank,183672.0,810900,"ASIA BANK, N.A.",77.77777777777779,
Alma Bank,183672.0,3284070,ALLY BANK,77.77777777777779,
Alma Bank,183672.0,661308,AMALGAMATED BANK,72.0,
AloStar Bank of Commerce,110356.0,44134,FIRST COMMERCIAL BANK,62.22222222222222,
Alpine Capital,148224.0,637451,PLAINSCAPITAL BANK,68.75,
Alpine Capital,148224.0,2253891,CAPITAL ONE BANK,66.66666666666667,
Altabank,167803.0,790534,TOTALBANK,70.58823529411764,
Altabank,167803.0,810900,"ASIA BANK, N.A.",70.58823529411764,
Altabank,167803.0,3284070,ALLY BANK,70.58823529411764,
Altai Capital Management,106150.0,2253891,CAPITAL ONE BANK,60.0,
AmTrust Financial Services Inc,57401.0,2700984,WRIGHT EXPRESS FINANCIAL SERVICES CORPORATION,71.1864406779661,
Amalgamated Bank,53437.0,661308,AMALGAMATED BANK,100.0,
Amalgamated Bank of Chicago,52851.0,661308,AMALGAMATED BANK,74.4186046511628,
Amarillo National Bank,53112.0,1004368,NATIONAL BANK OF ARIZONA,78.26086956521739,
Amarillo National Bank,53112.0,280110,KEYBANK NATIONAL ASSOCIATION,72.0,
Amarillo National Bank,53112.0,504713,U.S. BANK NATIONAL ASSOCIATION,72.0,
Amerant Bank,146542.0,1160732,SUN AMERICAN BANK,75.86206896551724,
Amerant Bank,146542.0,245016,HABIB AMERICAN BANK,70.96774193548387,
Amerant Bank,146542.0,311845,ARVEST BANK,69.56521739130434,
AmeriBank,11044.0,1160732,SUN AMERICAN BANK,69.23076923076923,
AmeriBank,11044.0,810900,"ASIA BANK, N.A.",66.66666666666667,
AmeriBank,11044.0,245016,HABIB AMERICAN BANK,64.28571428571428,
AmeriServ Financial,101934.0,163473,CITIZENS FINANCIAL BANK,61.904761904761905,
AmeriServe Finance Trust,48467.0,214807,DEUTSCHE BANK TRUST COMPANY AMERICAS,60.0,
American Ag Credit Badgerland,103368.0,714811,"CHINESE AMERICAN BANK, THE",60.0,
American Bank & Trust Co,59379.0,1160732,SUN AMERICAN BANK,78.94736842105263,
American Bank & Trust Co,59379.0,714811,"CHINESE AMERICAN BANK, THE",71.42857142857143,
American Bank & Trust Co,59379.0,245016,HABIB AMERICAN BANK,70.0,
American Bank NA,52615.0,1160732,SUN AMERICAN BANK,86.66666666666667,
American Bank NA,52615.0,245016,HABIB AMERICAN BANK,81.25,
American Bank NA,52615.0,714811,"CHINESE AMERICAN BANK, THE",76.47058823529412,
American Bank of Commerce,145300.0,714811,"CHINESE AMERICAN BANK, THE",73.91304347826086,
American Bank of Commerce,145300.0,1394676,AMERICAN EXPRESS CENTURION BANK,67.85714285714286,
American Bank of Commerce,145300.0,1160732,SUN AMERICAN BANK,66.66666666666667,
American Bank of Missouri,124548.0,1160732,SUN AMERICAN BANK,76.19047619047619,
American Bank of Missouri,124548.0,714811,"CHINESE AMERICAN BANK, THE",69.56521739130434,
American Bank of Missouri,124548.0,245016,HABIB AMERICAN BANK,68.18181818181819,
American Capital Ltd,57921.0,245016,HABIB AMERICAN BANK,62.857142857142854,
American Capital Ltd,57921.0,2253891,CAPITAL ONE BANK,62.5,
American Capital Ltd,57921.0,1160732,SUN AMERICAN BANK,60.60606060606061,
American Enterprise Bank,129515.0,714811,"CHINESE AMERICAN BANK, THE",80.0,
American Enterprise Bank,129515.0,1394676,AMERICAN EXPRESS CENTURION BANK,76.36363636363637,
American Enterprise Bank,129515.0,1160732,SUN AMERICAN BANK,73.17073170731707,
American Financial Corp,13729.0,714811,"CHINESE AMERICAN BANK, THE",66.66666666666667,
American Financial Corp,13729.0,245016,HABIB AMERICAN BANK,64.86486486486487,
American Financial Corp,13729.0,163473,CITIZENS FINANCIAL BANK,63.41463414634146,
American Funds,130914.0,1160732,SUN AMERICAN BANK,70.96774193548387,
American Funds,130914.0,714811,"CHINESE AMERICAN BANK, THE",62.857142857142854,
American Funds,130914.0,245016,HABIB AMERICAN BANK,60.60606060606061,
American Heritage Bank,126427.0,714811,"CHINESE AMERICAN BANK, THE",79.06976744186046,
American Heritage Bank,126427.0,245016,HABIB AMERICAN BANK,78.04878048780488,
American Heritage Bank,126427.0,1160732,SUN AMERICAN BANK,71.7948717948718,
American High Income Trust,105492.0,214807,DEUTSCHE BANK TRUST COMPANY AMERICAS,61.29032258064516,
American High-Income Trust,61732.0,214807,DEUTSCHE BANK TRUST COMPANY AMERICAS,61.29032258064516,
American International Group Inc,12189.0,564557,FALCON INTERNATIONAL BANK,67.9245283018868,
American International Group Inc,12189.0,867632,INTERNATIONAL FINANCE BANK,66.66666666666667,
American Momentum Bank,59899.0,1160732,SUN AMERICAN BANK,76.92307692307692,
American Momentum Bank,59899.0,714811,"CHINESE AMERICAN BANK, THE",69.76744186046511,
American Momentum Bank,59899.0,245016,HABIB AMERICAN BANK,68.29268292682926,
American Money Management,61931.0,1160732,SUN AMERICAN BANK,61.904761904761905,
American Money Management,61931.0,714811,"CHINESE AMERICAN BANK, THE",60.86956521739131,
American Money Management,61931.0,1394676,AMERICAN EXPRESS CENTURION BANK,60.71428571428572,
American National Bank of Texas,61874.0,1004368,NATIONAL BANK OF ARIZONA,76.36363636363637,
American National Bank of Texas,61874.0,480228,"BANK OF AMERICA, NATIONAL ASSOCIATION",74.62686567164178,
American National Bank of Texas,61874.0,1394676,AMERICAN EXPRESS CENTURION BANK,74.19354838709677,
American Plus Bank NA,167055.0,1160732,SUN AMERICAN BANK,85.71428571428572,
American Plus Bank NA,167055.0,714811,"CHINESE AMERICAN BANK, THE",76.92307692307692,
American Plus Bank NA,167055.0,245016,HABIB AMERICAN BANK,75.67567567567568,
American Savings Bank,23064.0,1160732,SUN AMERICAN BANK,84.21052631578947,
American Savings Bank,23064.0,714811,"CHINESE AMERICAN BANK, THE",80.95238095238095,
American Savings Bank,23064.0,245016,HABIB AMERICAN BANK,80.0,
American State Bank and Trust Co,143004.0,1160732,SUN AMERICAN BANK,69.56521739130434,
American State Bank and Trust Co,143004.0,214807,DEUTSCHE BANK TRUST COMPANY AMERICAS,67.6923076923077,
American State Bank and Trust Co,143004.0,714811,"CHINESE AMERICAN BANK, THE",64.0,
American West Bank,107723.0,1160732,SUN AMERICAN BANK,85.71428571428572,
American West Bank,107723.0,714811,"CHINESE AMERICAN BANK, THE",82.05128205128204,
American West Bank,107723.0,245016,HABIB AMERICAN BANK,75.67567567567568,
Ameris Bancorp,49355.0,2736291,BANCO POPULAR NORTH AMERICA,63.41463414634146,
Ameris Capital,147526.0,637451,PLAINSCAPITAL BANK,62.5,
Ameris Capital,147526.0,2253891,CAPITAL ONE BANK,60.0,
Anchor Bank,109711.0,606046,BANCORPSOUTH BANK,71.42857142857143,
Anchor Bank,109711.0,311845,ARVEST BANK,63.63636363636363,
Anchor Bank,109711.0,245333,AMSOUTH BANK,60.86956521739131,
Anchorage Capital Group LLC,102958.0,2253891,CAPITAL ONE BANK,61.53846153846154,
Angel Island Capital,120940.0,2253891,CAPITAL ONE BANK,66.66666666666667,
Ankura Trust Co LLC,147945.0,675332,SUNTRUST BANK,72.0,
Ankura Trust Co LLC,147945.0,817833,SOUTHTRUST BANK,66.66666666666667,
Ankura Trust Co LLC,147945.0,837260,CALIFORNIA BANK & TRUST,62.857142857142854,
Ann Arbor State Bank,151338.0,1456501,"MORGAN STANLEY BANK, N.A.",61.53846153846154,
Annaly Capital Management Inc,114080.0,2253891,CAPITAL ONE BANK,63.41463414634146,
Apogem Capital,169678.0,2253891,CAPITAL ONE BANK,60.0,
Apollo Bank,116974.0,3284070,ALLY BANK,80.0,
Apollo Bank,116974.0,245333,AMSOUTH BANK,60.86956521739131,
Apollo Bank,116974.0,790534,TOTALBANK,60.0,
Apollo Housing Capital,83880.0,2253891,CAPITAL ONE BANK,63.1578947368421,
Apple Bank,186058.0,3284070,ALLY BANK,73.6842105263158,
Apple Bank,186058.0,311845,ARVEST BANK,66.66666666666667,
Apple Bank,186058.0,790534,TOTALBANK,63.1578947368421,
Apple Bank for Savings,59494.0,619877,USAA FEDERAL SAVINGS BANK,63.829787234042556,
Apple Bank for Savings,59494.0,75633,HARRIS TRUST AND SAVINGS BANK,62.745098039215684,
Apple Bank for Savings,59494.0,2502656,USAA SAVINGS BANK,61.53846153846154,
Aquesta Bank,133732.0,311845,ARVEST BANK,78.26086956521739,
Aquesta Bank,133732.0,810900,"ASIA BANK, N.A.",76.19047619047619,
Aquesta Bank,133732.0,245333,AMSOUTH BANK,66.66666666666667,
Arab Banking,112602.0,810900,"ASIA BANK, N.A.",66.66666666666667,
Arab Banking,112602.0,1160732,SUN AMERICAN BANK,62.06896551724138,
Arab Banking,112602.0,311845,ARVEST BANK,60.86956521739131,
Arab Banking Corp Grand Cayman Branch,121242.0,852320,BRANCH BANKING AND TRUST COMPANY,71.875,
Ardshinbank CJSC,188999.0,1160732,SUN AMERICAN BANK,60.60606060606061,
Ares Capital Corp,52334.0,2253891,CAPITAL ONE BANK,64.28571428571428,
Ares Capital Corp,52334.0,637451,PLAINSCAPITAL BANK,60.0,
Arini Capital Management Ltd,186478.0,2253891,CAPITAL ONE BANK,65.0,
Arizona Bank,33382.0,810900,"ASIA BANK, N.A.",76.19047619047619,
Arizona Bank,33382.0,1004368,NATIONAL BANK OF ARIZONA,66.66666666666667,
Arizona Bank,33382.0,1160732,SUN AMERICAN BANK,62.06896551724138,
Arkansas Valley Bank,148755.0,229801,VALLEY NATIONAL BANK,60.0,
Armed Forces Bank,120373.0,714811,"CHINESE AMERICAN BANK, THE",63.1578947368421,
Armed Forces Bank,120373.0,725732,BAC FLORIDA BANK,60.60606060606061,
Arrow Bank NA,185461.0,311845,ARVEST BANK,66.66666666666667,
Arrow Bank NA,185461.0,245333,AMSOUTH BANK,63.63636363636363,
Arrow Bank NA,185461.0,810900,"ASIA BANK, N.A.",63.1578947368421,
Arvest Bank,90419.0,311845,ARVEST BANK,100.0,
Arvest Bank,90419.0,810900,"ASIA BANK, N.A.",70.0,
Arvest Bank,90419.0,245333,AMSOUTH BANK,69.56521739130434,
Assiniboine Credit Union,126417.0,3918898,"CIT BANK, NATIONAL ASSOCIATION",60.37735849056604,
Associated Bank NA,52356.0,810900,"ASIA BANK, N.A.",75.0,
Associated Bank NA,52356.0,245333,AMSOUTH BANK,66.66666666666667,
Associated Bank NA,52356.0,661308,AMALGAMATED BANK,64.51612903225806,
Astrobank,145861.0,311845,ARVEST BANK,70.0,
Astrobank,145861.0,245333,AMSOUTH BANK,66.66666666666667,
Astrobank,145861.0,790534,TOTALBANK,66.66666666666667,
Atlantic Bank & Trust,61566.0,2736219,"TRANSPORTATION ALLIANCE BANK, INC.",61.224489795918366,
Atlantic Capital Bank,61668.0,2253891,CAPITAL ONE BANK,64.86486486486487,
Atlantic Capital Bank,61668.0,637451,PLAINSCAPITAL BANK,61.53846153846154,
Atlantic Capital Bank,61668.0,2736219,"TRANSPORTATION ALLIANCE BANK, INC.",61.224489795918366,
Atlantic Union Bank,146835.0,2736219,"TRANSPORTATION ALLIANCE BANK, INC.",63.829787234042556,
Atlantic Union Bank,146835.0,1160732,SUN AMERICAN BANK,61.111111111111114,
Audentia Capital,147592.0,2253891,CAPITAL ONE BANK,62.5,
Auramet International,184780.0,867632,INTERNATIONAL FINANCE BANK,72.34042553191489,
Auramet International,184780.0,564557,FALCON INTERNATIONAL BANK,69.56521739130434,
Auramet International,184780.0,12311,"HUNTINGTON NATIONAL BANK, THE",62.22222222222222,
Avant Capital Partners LLC,165850.0,2253891,CAPITAL ONE BANK,68.42105263157895,
Aveer Capital,147558.0,2253891,CAPITAL ONE BANK,62.06896551724138,
Avenue Bank,55216.0,311845,ARVEST BANK,72.72727272727273,
Avenue Bank,55216.0,245333,AMSOUTH BANK,60.86956521739131,
Avenue Bank,55216.0,810900,"ASIA BANK, N.A.",60.0,
Avenue Capital Group,127023.0,2253891,CAPITAL ONE BANK,66.66666666666667,
Avenue Capital Management,63067.0,2253891,CAPITAL ONE BANK,63.41463414634146,
Aviation Finance Co Ltd,115955.0,163473,CITIZENS FINANCIAL BANK,61.53846153846154,
Axiom Bank,126474.0,810900,"ASIA BANK, N.A.",73.6842105263158,
Axiom Bank,126474.0,245333,AMSOUTH BANK,63.63636363636363,
Axiom Bank,126474.0,3284070,ALLY BANK,63.1578947368421,
Axos Bank,149089.0,810900,"ASIA BANK, N.A.",77.77777777777779,
Axos Bank,149089.0,311845,ARVEST BANK,70.0,
Axos Bank,149089.0,245333,AMSOUTH BANK,66.66666666666667,
Azania Bank Ltd,158757.0,810900,"ASIA BANK, N.A.",80.0,
Azania Bank Ltd,158757.0,3284070,ALLY BANK,60.0,
Azzad Wise Capital Fund,159619.0,2253891,CAPITAL ONE BANK,61.53846153846154,
BAC Florida Bank,55083.0,725732,BAC FLORIDA BANK,100.0,
BAC Florida Bank,55083.0,3277876,GREAT FLORIDA BANK,70.58823529411764,
BAC Florida Bank,55083.0,60143,COMERICA BANK,62.06896551724138,
BBCN Bank,105591.0,66015,BPD BANK,70.58823529411764,
BBCN Bank,105591.0,2950677,CIT BANK,70.58823529411764,
BBCN Bank,105591.0,783648,CENTIER BANK,66.66666666666667,
BBH Capital Partners,145808.0,2253891,CAPITAL ONE BANK,66.66666666666667,
BD Capital LLC,149918.0,2253891,CAPITAL ONE BANK,69.23076923076923,
BD Capital LLC,149918.0,637451,PLAINSCAPITAL BANK,64.28571428571428,
BDC Capital,146698.0,2253891,CAPITAL ONE BANK,66.66666666666667,
BDC Capital,146698.0,637451,PLAINSCAPITAL BANK,62.06896551724138,
BGFIBank Group SA,163897.0,3212149,UBS BANK USA,62.06896551724138,
BHD International Bank Panama,125739.0,564557,FALCON INTERNATIONAL BANK,70.37037037037037,
BHD International Bank Panama,125739.0,867632,INTERNATIONAL FINANCE BANK,69.0909090909091,
BHD International Bank Panama,125739.0,112837,HIBERNIA NATIONAL BANK,66.66666666666667,
BMW Financial Services,78035.0,2700984,WRIGHT EXPRESS FINANCIAL SERVICES CORPORATION,69.0909090909091,
BNC National Bank,56396.0,63069,CITY NATIONAL BANK,85.71428571428572,
BNC National Bank,56396.0,259518,NATIONAL CITY BANK,85.71428571428572,
BNC National Bank,56396.0,112837,HIBERNIA NATIONAL BANK,82.05128205128204,
BNF Bank plc,157376.0,66015,BPD BANK,70.0,
BNF Bank plc,157376.0,4114567,FIRST REPUBLIC BANK,64.51612903225806,
BNF Bank plc,157376.0,2950677,CIT BANK,60.0,
BOK Financial Corp,27214.0,526452,1ST FINANCIAL BANK USA,68.57142857142857,
BOK Financial Corp,27214.0,163473,CITIZENS FINANCIAL BANK,66.66666666666667,
BOK Financial Corp,27214.0,867632,INTERNATIONAL FINANCE BANK,61.53846153846154,
BP Oil International Ltd,157965.0,208244,OLD NATIONAL BANK,70.27027027027026,
BP Oil International Ltd,157965.0,564557,FALCON INTERNATIONAL BANK,66.66666666666667,
BP Oil International Ltd,157965.0,867632,INTERNATIONAL FINANCE BANK,65.21739130434783,
BPR Bank,160764.0,66015,BPD BANK,87.5,
BPR Bank,160764.0,56557,COBIZ BANK,66.66666666666667,
BPR Bank,160764.0,612618,"PROVIDENT BANK, THE",63.63636363636363,
BSB Bank,8090.0,66015,BPD BANK,75.0,
BSB Bank,8090.0,3212149,UBS BANK USA,70.0,
BSB Bank,8090.0,56557,COBIZ BANK,66.66666666666667,
Badgerland Financial FLCA,55669.0,526452,1ST FINANCIAL BANK USA,63.829787234042556,
Bain Capital,109813.0,2253891,CAPITAL ONE BANK,78.57142857142857,
Bain Capital,109813.0,637451,PLAINSCAPITAL BANK,73.33333333333334,
Bain Capital,109813.0,2950677,CIT BANK,70.0,
Bain Capital LP,109813.0,2253891,CAPITAL ONE BANK,78.57142857142857,
Bain Capital LP,109813.0,637451,PLAINSCAPITAL BANK,73.33333333333334,
Bain Capital LP,109813.0,2950677,CIT BANK,70.0,
Bain Capital Private Credit,180141.0,2253891,CAPITAL ONE BANK,60.46511627906976,
Balance Point Capital Partners LP,109303.0,2253891,CAPITAL ONE BANK,60.86956521739131,
BancAlliance Inc,121871.0,2253891,CAPITAL ONE BANK,64.28571428571428,
BancFirst Corp,23678.0,2950677,CIT BANK,70.58823529411764,
BancFirst Corp,23678.0,310727,CAROLINA FIRST BANK,64.28571428571428,
BancFirst Corp,23678.0,44134,FIRST COMMERCIAL BANK,60.0,
Banca Afirme,162649.0,311845,ARVEST BANK,60.86956521739131,
Banca UBAE,57953.0,3402913,BANESCO USA,66.66666666666667,
Banca UBAE,57953.0,3212149,UBS BANK USA,63.63636363636363,
Bancaribe International Bank Inc,163005.0,564557,FALCON INTERNATIONAL BANK,75.47169811320755,
Bancaribe International Bank Inc,163005.0,867632,INTERNATIONAL FINANCE BANK,74.07407407407408,
Bancaribe International Bank Inc,163005.0,3918898,"CIT BANK, NATIONAL ASSOCIATION",70.17543859649122,
Banco BASA SA,144188.0,3212149,UBS BANK USA,72.0,
Banco BASA SA,144188.0,3402913,BANESCO USA,66.66666666666667,
Banco BASA SA,144188.0,697633,COMPASS BANK,64.0,
Banco Banorte,48694.0,332907,NORTH FORK BANK,64.28571428571428,
Banco Banorte,48694.0,725732,BAC FLORIDA BANK,62.06896551724138,
Banco Banorte,48694.0,1718188,NORTHRIM BANK,61.53846153846154,
Banco Caminos SA,165361.0,2502656,USAA SAVINGS BANK,66.66666666666667,
Banco Caminos SA,165361.0,101019,BANK LEUMI USA,60.0,
Banco Cooperativo de Puerto Rico,169263.0,940311,BANCO POPULAR DE PUERTO RICO,70.0,
Banco G&T Continental,155176.0,266271,TCF NATIONAL BANK,63.1578947368421,
Banco G&T Continental,155176.0,564557,FALCON INTERNATIONAL BANK,60.86956521739131,
Banco Industrial,158919.0,3402913,BANESCO USA,66.66666666666667,
Banco Industrial,158919.0,564557,FALCON INTERNATIONAL BANK,63.41463414634146,
Banco Industrial,158919.0,538802,INTERAUDI BANK,60.0,
Banco Leon,103605.0,934329,"MELLON BANK, N.A.",66.66666666666667,
Banco Leon,103605.0,233031,REGIONS BANK,63.63636363636363,
Banco Occidente,19961.0,612618,"PROVIDENT BANK, THE",68.96551724137932,
Banco Occidente,19961.0,777366,BANK OF THE ORIENT,68.96551724137932,
Banco Occidente,19961.0,783648,CENTIER BANK,66.66666666666667,
Banco Popular Inc,64837.0,3402913,BANESCO USA,66.66666666666667,
Banco Popular Inc,64837.0,2736291,BANCO POPULAR NORTH AMERICA,65.0,
Banco Popular Inc,64837.0,940311,BANCO POPULAR DE PUERTO RICO,63.41463414634146,
Banco Ve por Mas,106758.0,3783313,CROSS RIVER BANK,62.5,
"Banco do Brasil, S.A., New York Branch",57111.0,918918,SAFRA NATIONAL BANK OF NEW YORK,61.53846153846154,
"Banco do Brasil, S.A., New York Branch",57111.0,320119,ISRAEL DISCOUNT BANK OF NEW YORK,60.60606060606061,
Bancorp Bank,164375.0,606046,BANCORPSOUTH BANK,82.75862068965517,
Bancorp Bank,164375.0,311845,ARVEST BANK,60.86956521739131,
Bancorp Bank,164375.0,3402913,BANESCO USA,60.86956521739131,
BancorpSouth,18079.0,606046,BANCORPSOUTH BANK,82.75862068965517,
BancorpSouth Bank,122664.0,606046,BANCORPSOUTH BANK,100.0,
BancorpSouth Bank,122664.0,245333,AMSOUTH BANK,75.86206896551724,
BancorpSouth Bank,122664.0,311845,ARVEST BANK,64.28571428571428,
Banesco USA,165503.0,3402913,BANESCO USA,100.0,
Banesco USA,165503.0,3212149,UBS BANK USA,69.56521739130434,
Banesco USA,165503.0,101019,BANK LEUMI USA,64.0,
Bangor Savings Bank,121212.0,2502656,USAA SAVINGS BANK,66.66666666666667,
Bangor Savings Bank,121212.0,75633,HARRIS TRUST AND SAVINGS BANK,62.5,
Bank Al Jazira,186929.0,3284070,ALLY BANK,60.86956521739131,
Bank Al Jazira,186929.0,725732,BAC FLORIDA BANK,60.0,
Bank First NA,191875.0,2950677,CIT BANK,77.77777777777779,
Bank First NA,191875.0,804963,BANK OF THE WEST,72.72727272727273,
Bank First NA,191875.0,1007846,FIRST MIDWEST BANK,71.42857142857143,
Bank Gaborone,159101.0,804208,GREENPOINT BANK,64.28571428571428,
Bank Gaborone,159101.0,58243,JOHNSON BANK,64.0,
Bank Gaborone,159101.0,233031,REGIONS BANK,64.0,
Bank Iowa,109700.0,2950677,CIT BANK,70.58823529411764,
Bank Iowa,109700.0,233031,REGIONS BANK,66.66666666666667,
Bank Iowa,109700.0,697633,COMPASS BANK,66.66666666666667,
Bank Irvine,172588.0,612618,"PROVIDENT BANK, THE",72.0,
Bank Irvine,172588.0,233031,REGIONS BANK,69.56521739130434,
Bank Irvine,172588.0,1464122,WHITNEY BANK,69.56521739130434,
Bank Midwest NA,68642.0,1007846,FIRST MIDWEST BANK,80.0,
Bank Midwest NA,68642.0,804963,BANK OF THE WEST,75.0,
Bank Midwest NA,68642.0,2950677,CIT BANK,70.0,
Bank Mutual Corp,57694.0,3212149,UBS BANK USA,69.56521739130434,
Bank Mutual Corp,57694.0,675332,SUNTRUST BANK,66.66666666666667,
Bank Mutual Corp,57694.0,101019,BANK LEUMI USA,64.0,
Bank OZK,164651.0,56557,COBIZ BANK,77.77777777777779,
Bank OZK,164651.0,463735,HANCOCK BANK,70.0,
Bank OZK,164651.0,934329,"MELLON BANK, N.A.",63.1578947368421,
Bank Of The Ozarks Inc,38702.0,541101,"BANK OF NEW YORK, THE",73.33333333333334,
Bank Of The Ozarks Inc,38702.0,777366,BANK OF THE ORIENT,71.42857142857143,
Bank Of The Ozarks Inc,38702.0,804963,BANK OF THE WEST,69.23076923076923,
Bank Rhode Island,59897.0,2253891,CAPITAL ONE BANK,60.60606060606061,
Bank Rhode Island,59897.0,30810,DISCOVER BANK,60.0,
Bank SinoPac Co Ltd,183920.0,463735,HANCOCK BANK,66.66666666666667,
Bank SinoPac Co Ltd,183920.0,697633,COMPASS BANK,66.66666666666667,
Bank SinoPac Co Ltd,183920.0,978154,STERLING BANK,64.0,
Bank South,58709.0,817833,SOUTHTRUST BANK,80.0,
Bank South,58709.0,675332,SUNTRUST BANK,69.56521739130434,
Bank South,58709.0,1718188,NORTHRIM BANK,69.56521739130434,
Bank Street Group,109474.0,777366,BANK OF THE ORIENT,64.51612903225806,
Bank Street Group,109474.0,804208,GREENPOINT BANK,62.5,
Bank Street Group,109474.0,817833,SOUTHTRUST BANK,62.5,
Bank United of Florida,78817.0,391575,"UNITED FIDELITY BANK, FSB",73.91304347826086,
Bank United of Florida,78817.0,43173,UNITED COMMERCIAL BANK,72.72727272727273,
Bank United of Florida,78817.0,3277876,GREAT FLORIDA BANK,70.0,
Bank of  Niagara,52108.0,711472,BANK OF GUAM,74.07407407407408,
Bank of  Niagara,52108.0,795968,BANK OF HAWAII,68.96551724137932,
Bank of  Niagara,52108.0,208244,OLD NATIONAL BANK,62.5,
Bank of Africa UK,181757.0,1160732,SUN AMERICAN BANK,70.58823529411764,
Bank of Africa UK,181757.0,810900,"ASIA BANK, N.A.",61.53846153846154,
Bank of Africa UK,181757.0,245016,HABIB AMERICAN BANK,61.111111111111114,
Bank of Blue Valley,59026.0,802866,SILICON VALLEY BANK,73.6842105263158,
Bank of Blue Valley,59026.0,229801,VALLEY NATIONAL BANK,66.66666666666667,
Bank of Blue Valley,59026.0,541101,"BANK OF NEW YORK, THE",62.857142857142854,
Bank of Castile,90299.0,2253891,CAPITAL ONE BANK,70.96774193548387,
Bank of Castile,90299.0,795968,BANK OF HAWAII,68.96551724137932,
Bank of Castile,90299.0,208244,OLD NATIONAL BANK,68.75,
Bank of Edwardsville,56072.0,795968,BANK OF HAWAII,64.70588235294117,
Bank of Georgetown,124209.0,838632,EAGLE NATIONAL BANK OF MIAMI,60.86956521739131,
Bank of Georgetown,124209.0,804208,GREENPOINT BANK,60.60606060606061,
Bank of Georgetown,124209.0,233031,REGIONS BANK,60.0,
Bank of Granite,34172.0,711472,BANK OF GUAM,74.07407407407408,
Bank of Granite,34172.0,795968,BANK OF HAWAII,68.96551724137932,
Bank of Granite,34172.0,804208,GREENPOINT BANK,66.66666666666667,
Bank of Greene County,167322.0,320119,ISRAEL DISCOUNT BANK OF NEW YORK,67.9245283018868,
Bank of Greene County,167322.0,1017939,UNITED COMMUNITY BANK,66.66666666666667,
Bank of Greene County,167322.0,804208,GREENPOINT BANK,61.111111111111114,
Bank of Guam,109111.0,711472,BANK OF GUAM,100.0,
Bank of Guam,109111.0,795968,BANK OF HAWAII,69.23076923076923,
Bank of Guam,109111.0,101019,BANK LEUMI USA,61.53846153846154,
Bank of Hawaii,34534.0,795968,BANK OF HAWAII,100.0,
Bank of Hawaii,34534.0,711472,BANK OF GUAM,69.23076923076923,
Bank of Hawaii,34534.0,980661,FIRST HAWAIIAN BANK,66.66666666666667,
Bank of Hope,136201.0,795968,BANK OF HAWAII,69.23076923076923,
Bank of Hope,136201.0,711472,BANK OF GUAM,66.66666666666667,
Bank of Hope,136201.0,541101,"BANK OF NEW YORK, THE",64.28571428571428,
Bank of Idaho,170621.0,711472,BANK OF GUAM,72.0,
Bank of Idaho,170621.0,795968,BANK OF HAWAII,66.66666666666667,
Bank of Idaho,170621.0,2253891,CAPITAL ONE BANK,62.06896551724138,
Bank of Indianapolis,55853.0,2132941,"NATIONAL BANK OF INDIANAPOLIS, THE",81.63265306122449,
Bank of Indianapolis,55853.0,362445,NATIONAL CITY BANK OF INDIANA,69.38775510204081,
Bank of Indianapolis,55853.0,208244,OLD NATIONAL BANK,64.86486486486487,
Bank of Internet Federal Bank,105262.0,564557,FALCON INTERNATIONAL BANK,62.96296296296296,
Bank of Internet Federal Bank,105262.0,867632,INTERNATIONAL FINANCE BANK,61.81818181818181,
Bank of Itau,57247.0,711472,BANK OF GUAM,75.0,
Bank of Itau,57247.0,2253891,CAPITAL ONE BANK,71.42857142857143,
Bank of Itau,57247.0,2950677,CIT BANK,70.0,
Bank of Kansas,58943.0,795968,BANK OF HAWAII,71.42857142857143,
Bank of Kansas,58943.0,711472,BANK OF GUAM,69.23076923076923,
Bank of Kansas,58943.0,208244,OLD NATIONAL BANK,64.51612903225806,
Bank of Kentucky,56386.0,3146150,U.S. CENTURY BANK,70.96774193548387,
Bank of Kentucky,56386.0,374149,NATIONAL CITY BANK OF KENTUCKY,69.56521739130434,
Bank of Kentucky,56386.0,711472,BANK OF GUAM,64.28571428571428,
Bank of Labor,125695.0,711472,BANK OF GUAM,72.0,
Bank of Labor,125695.0,795968,BANK OF HAWAII,66.66666666666667,
Bank of Labor,125695.0,332907,NORTH FORK BANK,64.28571428571428,
Bank of Little Chute,129467.0,42541,NATIONAL CITY BANK OF THE MIDWEST,61.224489795918366,
Bank of Little Chute,129467.0,2253891,CAPITAL ONE BANK,61.111111111111114,
Bank of Midwest,53464.0,1007846,FIRST MIDWEST BANK,72.72727272727273,
Bank of Midwest,53464.0,42541,NATIONAL CITY BANK OF THE MIDWEST,68.18181818181819,
Bank of Midwest,53464.0,711472,BANK OF GUAM,66.66666666666667,
Bank of Mingo,146042.0,711472,BANK OF GUAM,72.0,
Bank of Mingo,146042.0,795968,BANK OF HAWAII,66.66666666666667,
Bank of Mingo,146042.0,541101,"BANK OF NEW YORK, THE",62.06896551724138,
Bank of Missouri,152843.0,795968,BANK OF HAWAII,66.66666666666667,
Bank of Missouri,152843.0,711472,BANK OF GUAM,64.28571428571428,
Bank of Missouri,152843.0,30810,DISCOVER BANK,62.06896551724138,
Bank of Montecito,75821.0,208244,OLD NATIONAL BANK,64.70588235294117,
Bank of Montecito,75821.0,266271,TCF NATIONAL BANK,64.70588235294117,
Bank of Montecito,75821.0,2950677,CIT BANK,64.0,
Bank of Nashville,52866.0,208244,OLD NATIONAL BANK,64.70588235294117,
Bank of Nashville,52866.0,266271,TCF NATIONAL BANK,64.70588235294117,
Bank of Nashville,52866.0,795968,BANK OF HAWAII,64.51612903225806,
Bank of New Mexico,136468.0,541101,"BANK OF NEW YORK, THE",64.70588235294117,
Bank of New Mexico,136468.0,934329,"MELLON BANK, N.A.",62.06896551724138,
Bank of New Mexico,136468.0,233031,REGIONS BANK,60.0,
Bank of New York Mellon,50203.0,541101,"BANK OF NEW YORK, THE",82.05128205128204,
Bank of New York Mellon,50203.0,918918,SAFRA NATIONAL BANK OF NEW YORK,70.37037037037037,
Bank of New York Mellon,50203.0,320119,ISRAEL DISCOUNT BANK OF NEW YORK,69.0909090909091,
Bank of North Carolina,120168.0,310727,CAROLINA FIRST BANK,78.04878048780488,
Bank of North Carolina,120168.0,742560,MIZUHO CORPORATE BANK OF CALIFORNIA,66.66666666666667,
Bank of North Carolina,120168.0,665931,NORTHERN TRUST BANK OF FLORIDA N.A.,65.38461538461539,
Bank of North Dakota,41543.0,332907,NORTH FORK BANK,68.57142857142857,
Bank of North Dakota,41543.0,665931,NORTHERN TRUST BANK OF FLORIDA N.A.,64.0,
Bank of North Dakota,41543.0,1718188,NORTHRIM BANK,60.60606060606061,
Bank of North Georgia,52242.0,332907,NORTH FORK BANK,72.22222222222221,
Bank of North Georgia,52242.0,665931,NORTHERN TRUST BANK OF FLORIDA N.A.,70.58823529411764,
Bank of North Georgia,52242.0,3277876,GREAT FLORIDA BANK,61.53846153846154,
Bank of Northern Arizona,165333.0,1004368,NATIONAL BANK OF ARIZONA,79.16666666666666,
Bank of Northern Arizona,165333.0,2736291,BANCO POPULAR NORTH AMERICA,62.745098039215684,
Bank of Northern Arizona,165333.0,980353,NORTHERN TRUST BANK OF TEXAS N.A.,61.53846153846154,
Bank of Nova Scotia Houston,141905.0,12311,"HUNTINGTON NATIONAL BANK, THE",62.745098039215684,
Bank of Nova Scotia Houston,141905.0,682563,"FROST NATIONAL BANK, THE",60.86956521739131,
Bank of Pennsylvania,82331.0,3041974,CITIZENS BANK OF PENNSYLVANIA,81.63265306122449,
Bank of Pennsylvania,82331.0,178020,NATIONAL CITY BANK OF PENNSYLVANIA,74.07407407407408,
Bank of Pennsylvania,82331.0,379920,FIRST NATIONAL BANK OF PENNSYLVANIA,72.72727272727273,
Bank of Pontiac,133145.0,777366,BANK OF THE ORIENT,75.86206896551724,
Bank of Pontiac,133145.0,804963,BANK OF THE WEST,66.66666666666667,
Bank of Pontiac,133145.0,76201,FLEET NATIONAL BANK,64.70588235294117,
Bank of Prairie du Sac,107861.0,777366,BANK OF THE ORIENT,61.111111111111114,
Bank of Princeton,108207.0,777366,BANK OF THE ORIENT,77.41935483870968,
Bank of Princeton,108207.0,804963,BANK OF THE WEST,68.96551724137932,
Bank of Princeton,108207.0,612618,"PROVIDENT BANK, THE",64.51612903225806,
Bank of San Francisco,76424.0,379920,FIRST NATIONAL BANK OF PENNSYLVANIA,60.71428571428572,
Bank of San Francisco,76424.0,526452,1ST FINANCIAL BANK USA,60.46511627906976,
Bank of San Francisco,76424.0,729132,ESPIRITO SANTO BANK,60.0,
Bank of Springfield,104305.0,777366,BANK OF THE ORIENT,66.66666666666667,
Bank of Springfield,104305.0,978154,STERLING BANK,62.5,
Bank of Sun Prairie,133082.0,777366,BANK OF THE ORIENT,72.72727272727273,
Bank of Sun Prairie,133082.0,804963,BANK OF THE WEST,64.51612903225806,
Bank of Sun Prairie,133082.0,729132,ESPIRITO SANTO BANK,63.1578947368421,
Bank of Tampa,125557.0,697633,COMPASS BANK,72.0,
Bank of Tampa,125557.0,804963,BANK OF THE WEST,72.0,
Bank of Tampa,125557.0,777366,BANK OF THE ORIENT,66.66666666666667,
Bank of The James,146033.0,711472,BANK OF GUAM,80.0,
Bank of The James,146033.0,795968,BANK OF HAWAII,66.66666666666667,
Bank of The James,146033.0,934329,"MELLON BANK, N.A.",66.66666666666667,
Bank of Tunisia,144979.0,804963,BANK OF THE WEST,66.66666666666667,
Bank of Tunisia,144979.0,3212149,UBS BANK USA,66.66666666666667,
Bank of Tunisia,144979.0,101019,BANK LEUMI USA,62.06896551724138,
Bank of Utah,60786.0,804963,BANK OF THE WEST,75.0,
Bank of Utah,60786.0,777366,BANK OF THE ORIENT,69.23076923076923,
Bank of Utah,60786.0,332907,NORTH FORK BANK,66.66666666666667,
Bank of Virginia,48701.0,777366,BANK OF THE ORIENT,73.33333333333334,
Bank of Virginia,48701.0,233031,REGIONS BANK,64.28571428571428,
Bank of Virginia,48701.0,980661,FIRST HAWAIIAN BANK,62.857142857142854,
Bank of Washington,147441.0,804963,BANK OF THE WEST,73.33333333333334,
Bank of Washington,147441.0,777366,BANK OF THE ORIENT,68.75,
Bank of Washington,147441.0,58243,JOHNSON BANK,66.66666666666667,
Bank of the Cascades,62704.0,795968,BANK OF HAWAII,66.66666666666667,
Bank of the Cascades,62704.0,697633,COMPASS BANK,64.28571428571428,
Bank of the Cascades,62704.0,711472,BANK OF GUAM,64.28571428571428,
Bank on Buffalo,137879.0,711472,BANK OF GUAM,66.66666666666667,
Bank on Buffalo,137879.0,2253891,CAPITAL ONE BANK,64.51612903225806,
Bank on Buffalo,137879.0,777366,BANK OF THE ORIENT,62.06896551724138,
Bank7 Corp,170597.0,66015,BPD BANK,61.53846153846154,
Bank7 Corp,170597.0,476810,"CITIBANK, N.A.",61.53846153846154,
Bank7 Corp,170597.0,2950677,CIT BANK,61.53846153846154,
BankFinancial,156965.0,526452,1ST FINANCIAL BANK USA,74.28571428571429,
BankFinancial,156965.0,163473,CITIZENS FINANCIAL BANK,72.22222222222221,
BankFinancial,156965.0,867632,INTERNATIONAL FINANCE BANK,66.66666666666667,
BankNewport,184965.0,541101,"BANK OF NEW YORK, THE",66.66666666666667,
BankNewport,184965.0,1718188,NORTHRIM BANK,66.66666666666667,
BankNewport,184965.0,332907,NORTH FORK BANK,61.53846153846154,
BankPlus,110441.0,101019,BANK LEUMI USA,63.63636363636363,
BankPlus,110441.0,66015,BPD BANK,62.5,
BankPlus,110441.0,697633,COMPASS BANK,60.0,
BankUnited FSB,45677.0,2860440,1ST UNITED BANK,68.96551724137932,
BankUnited Inc,133433.0,2860440,1ST UNITED BANK,80.0,
BankUnited Inc,133433.0,538802,INTERAUDI BANK,66.66666666666667,
BankUnited Inc,133433.0,613307,PEOPLE'S UNITED BANK,66.66666666666667,
Bankers Bank,53895.0,463735,HANCOCK BANK,66.66666666666667,
Bankers Bank,53895.0,783648,CENTIER BANK,66.66666666666667,
Bankers Bank,53895.0,675332,SUNTRUST BANK,64.0,
Bankfirst Capital Corp,180243.0,637451,PLAINSCAPITAL BANK,74.28571428571429,
Bankfirst Capital Corp,180243.0,2253891,CAPITAL ONE BANK,72.72727272727273,
Bankfirst Capital Corp,180243.0,682563,"FROST NATIONAL BANK, THE",72.22222222222221,
Bankwell Financial Group,144069.0,526452,1ST FINANCIAL BANK USA,69.56521739130434,
Bankwell Financial Group,144069.0,163473,CITIZENS FINANCIAL BANK,63.829787234042556,
Banner Bank,53516.0,783648,CENTIER BANK,69.56521739130434,
Banner Bank,53516.0,538802,INTERAUDI BANK,64.0,
Banner Bank,53516.0,66015,BPD BANK,63.1578947368421,
Bar Harbor Bank & Trust,139502.0,5278251,CHARLES SCHWAB TRUST BANK,70.83333333333333,
Bar Harbor Bank & Trust,139502.0,837260,CALIFORNIA BANK & TRUST,69.56521739130434,
Bar Harbor Bank & Trust,139502.0,911807,INVESTORS BANK & TRUST COMPANY,64.15094339622642,
Barings BDC Inc,144318.0,66015,BPD BANK,63.1578947368421,
Barings Finance LLC,128652.0,163473,CITIZENS FINANCIAL BANK,63.1578947368421,
Barings LLC,189444.0,233031,REGIONS BANK,63.1578947368421,
Barings LLC,189444.0,978154,STERLING BANK,60.0,
Beach Point Capital,145828.0,2253891,CAPITAL ONE BANK,74.28571428571429,
Beacon Bank & Trust,188637.0,837260,CALIFORNIA BANK & TRUST,76.19047619047619,
Beacon Bank & Trust,188637.0,675332,SUNTRUST BANK,68.75,
Beacon Bank & Trust,188637.0,342634,TRUSTMARK NATIONAL BANK,66.66666666666667,
Beal Financial Corp,24778.0,526452,1ST FINANCIAL BANK USA,66.66666666666667,
Beal Financial Corp,24778.0,163473,CITIZENS FINANCIAL BANK,64.86486486486487,
Beal Financial Corp,24778.0,867632,INTERNATIONAL FINANCE BANK,60.0,
Bear State Bank NA,119933.0,197478,EAST WEST BANK,68.96551724137932,
Bear State Bank NA,119933.0,3212149,UBS BANK USA,66.66666666666667,
Bear State Bank NA,119933.0,729132,ESPIRITO SANTO BANK,64.70588235294117,
Bell Bank,148894.0,934329,"MELLON BANK, N.A.",80.0,
Bell Bank,148894.0,66015,BPD BANK,70.58823529411764,
Bell Bank,148894.0,167565,"WELLS FARGO BANK, LTD.",64.0,
Bell State Bank,123798.0,3212149,UBS BANK USA,66.66666666666667,
Bell State Bank,123798.0,101019,BANK LEUMI USA,62.06896551724138,
Bell State Bank,123798.0,197478,EAST WEST BANK,62.06896551724138,
Belmont Bank & Trust,147834.0,837260,CALIFORNIA BANK & TRUST,74.4186046511628,
Belmont Bank & Trust,147834.0,817833,SOUTHTRUST BANK,68.57142857142857,
Belmont Bank & Trust,147834.0,675332,SUNTRUST BANK,66.66666666666667,
Beneficial Mutual Savings Bank,106481.0,619877,USAA FEDERAL SAVINGS BANK,61.81818181818181,
Berenberg Bank,76984.0,783648,CENTIER BANK,69.23076923076923,
Berenberg Bank,76984.0,978154,STERLING BANK,66.66666666666667,
Berenberg Bank,76984.0,233031,REGIONS BANK,61.53846153846154,
Berkshire Bank,52270.0,783648,CENTIER BANK,61.53846153846154,
Berkshire Bank,52270.0,1464122,WHITNEY BANK,61.53846153846154,
Berkshire Bank,52270.0,3783313,CROSS RIVER BANK,60.0,
Beverly Bank & Trust Company NA,123737.0,852320,BRANCH BANKING AND TRUST COMPANY,73.33333333333334,
Beverly Bank & Trust Company NA,123737.0,395238,COLUMBUS BANK AND TRUST COMPANY,71.1864406779661,
Beverly Bank & Trust Company NA,123737.0,911807,INVESTORS BANK & TRUST COMPANY,68.96551724137932,
Black Diamond Commercial Finance LLC,57503.0,43173,UNITED COMMERCIAL BANK,66.66666666666667,
Black Diamond Commercial Finance LLC,57503.0,44134,FIRST COMMERCIAL BANK,64.15094339622642,
Black Diamond International Funding,50142.0,564557,FALCON INTERNATIONAL BANK,70.0,
Black Diamond International Funding,50142.0,867632,INTERNATIONAL FINANCE BANK,68.85245901639344,
Black Diamond International Funding,50142.0,12311,"HUNTINGTON NATIONAL BANK, THE",61.01694915254237,
Black Mountain Funding LLC,108824.0,12311,"HUNTINGTON NATIONAL BANK, THE",60.86956521739131,
Black Rock,41056.0,463735,HANCOCK BANK,63.63636363636363,
Black Rock Capital Inc,107751.0,2253891,CAPITAL ONE BANK,76.47058823529412,
Black Rock Capital Inc,107751.0,637451,PLAINSCAPITAL BANK,61.111111111111114,
Blackhawk Bank,176969.0,595869,CATHAY BANK,64.0,
Blackhawk Bank,176969.0,463735,HANCOCK BANK,61.53846153846154,
Blue Cross of California,124450.0,742560,MIZUHO CORPORATE BANK OF CALIFORNIA,64.40677966101696,
Blue Cross of California,124450.0,837260,CALIFORNIA BANK & TRUST,63.829787234042556,
Blue Cross of California,124450.0,750864,CALIFORNIA COMMERCE BANK,62.5,
Blue Hills Bank,115689.0,101019,BANK LEUMI USA,62.06896551724138,
Blue Hills Bank,115689.0,934329,"MELLON BANK, N.A.",61.53846153846154,
Blue Mountain Capital,,2253891,CAPITAL ONE BANK,64.86486486486487,
Blue Owl Capital Inc,162620.0,2253891,CAPITAL ONE BANK,68.75,
Blue Ridge Bank NA,144000.0,3277876,GREAT FLORIDA BANK,66.66666666666667,
Blue Ridge Bank NA,144000.0,978154,STERLING BANK,64.28571428571428,
Blue Ridge Bank NA,144000.0,612618,"PROVIDENT BANK, THE",62.06896551724138,
Blue Torch Capital,152427.0,2253891,CAPITAL ONE BANK,64.70588235294117,
Boathouse Capital II LP,163550.0,2253891,CAPITAL ONE BANK,61.111111111111114,
BofI Federal Bank,105126.0,804963,BANK OF THE WEST,62.06896551724138,
BofI Federal Bank,105126.0,60143,COMERICA BANK,60.0,
Boston Private Bank & Trust,59990.0,837260,CALIFORNIA BANK & TRUST,68.0,
Boston Private Bank & Trust,59990.0,911807,INVESTORS BANK & TRUST COMPANY,66.66666666666667,
Boston Private Bank & Trust,59990.0,491224,FIRST-CITIZENS BANK & TRUST COMPANY,64.51612903225806,
Boyne USA Inc,82024.0,3402913,BANESCO USA,70.0,
Boyne USA Inc,82024.0,101019,BANK LEUMI USA,60.86956521739131,
Bpifrance SA,164550.0,3402913,BANESCO USA,60.86956521739131,
Brand Banking Co,58075.0,66015,BPD BANK,66.66666666666667,
Brand Banking Co,58075.0,538802,INTERAUDI BANK,66.66666666666667,
Brand Banking Co,58075.0,2502656,USAA SAVINGS BANK,60.0,
Bravera Bank,180620.0,3783313,CROSS RIVER BANK,64.28571428571428,
Bravera Bank,180620.0,30810,DISCOVER BANK,64.0,
Bravera Bank,180620.0,60143,COMERICA BANK,64.0,
Bremer Financial Corp,43867.0,163473,CITIZENS FINANCIAL BANK,61.53846153846154,
Bremmer Bank,70652.0,783648,CENTIER BANK,66.66666666666667,
Bremmer Bank,70652.0,60143,COMERICA BANK,64.0,
Bremmer Bank,70652.0,934329,"MELLON BANK, N.A.",60.86956521739131,
Bridge Bank NA,47678.0,66015,BPD BANK,73.6842105263158,
Bridge Bank NA,47678.0,612618,"PROVIDENT BANK, THE",72.0,
Bridge Bank NA,47678.0,3277876,GREAT FLORIDA BANK,68.96551724137932,
BridgePeak Energy Capital,184793.0,2253891,CAPITAL ONE BANK,68.29268292682926,
Bridgeview Bank,131313.0,612618,"PROVIDENT BANK, THE",62.06896551724138,
Bridgeview Bank,131313.0,66015,BPD BANK,60.86956521739131,
Bridgeview Bank,131313.0,3277876,GREAT FLORIDA BANK,60.60606060606061,
Bridgewater Bank,146043.0,3277876,GREAT FLORIDA BANK,70.58823529411764,
Bridgewater Bank,146043.0,612618,"PROVIDENT BANK, THE",66.66666666666667,
Bridgewater Bank,146043.0,783648,CENTIER BANK,64.28571428571428,
Brigade Capital,69865.0,2253891,CAPITAL ONE BANK,64.51612903225806,
Brigade Capital,69865.0,637451,PLAINSCAPITAL BANK,60.60606060606061,
Brigade Capital Management LP,161831.0,2253891,CAPITAL ONE BANK,61.904761904761905,
Brighthouse Financial Inc,129167.0,163473,CITIZENS FINANCIAL BANK,63.63636363636363,
Broadway Bank,160760.0,66015,BPD BANK,66.66666666666667,
Broadway Bank,160760.0,595869,CATHAY BANK,66.66666666666667,
Broadway National BankCorp,82300.0,682563,"FROST NATIONAL BANK, THE",71.11111111111111,
Broadway National BankCorp,82300.0,112837,HIBERNIA NATIONAL BANK,70.83333333333333,
Broadway National BankCorp,82300.0,63069,CITY NATIONAL BANK,68.18181818181819,
Brookline Bank,50439.0,978154,STERLING BANK,66.66666666666667,
Brookline Bank,50439.0,612618,"PROVIDENT BANK, THE",64.28571428571428,
Brookline Bank,50439.0,777366,BANK OF THE ORIENT,64.28571428571428,
Bryant Bank,104955.0,612618,"PROVIDENT BANK, THE",64.0,
Bryant Bank,104955.0,777366,BANK OF THE ORIENT,64.0,
Bryant Bank,104955.0,595869,CATHAY BANK,63.63636363636363,
Bryant Park Capital,146016.0,2253891,CAPITAL ONE BANK,68.57142857142857,
Bryant Park Capital,146016.0,874845,LAKE CITY BANK,60.60606060606061,
Buckeye State Bank,181648.0,874845,LAKE CITY BANK,62.5,
Buckeye State Bank,181648.0,3146150,U.S. CENTURY BANK,60.60606060606061,
Buckeye State Bank,181648.0,783648,CENTIER BANK,60.0,
Burling Bank,136286.0,978154,STERLING BANK,80.0,
Burling Bank,136286.0,233031,REGIONS BANK,66.66666666666667,
Burling Bank,136286.0,56557,COBIZ BANK,63.63636363636363,
Byline Bank,119902.0,1464122,WHITNEY BANK,69.56521739130434,
Byline Bank,119902.0,56557,COBIZ BANK,66.66666666666667,
Byline Bank,119902.0,978154,STERLING BANK,66.66666666666667,
Byling Bank,123810.0,978154,STERLING BANK,75.0,
Byling Bank,123810.0,56557,COBIZ BANK,66.66666666666667,
Byling Bank,123810.0,934329,"MELLON BANK, N.A.",63.63636363636363,
C3 Bancorp,172742.0,60143,COMERICA BANK,60.86956521739131,
CB&S Bank,164698.0,56557,COBIZ BANK,73.6842105263158,
CB&S Bank,164698.0,66015,BPD BANK,70.58823529411764,
CB&S Bank,164698.0,2950677,CIT BANK,70.58823529411764,
CBT Bank,149736.0,2950677,CIT BANK,87.5,
CBT Bank,149736.0,56557,COBIZ BANK,77.77777777777779,
CBT Bank,149736.0,66015,BPD BANK,75.0,
CBank,109933.0,476810,"CITIBANK, N.A.",76.92307692307692,
CBank,109933.0,66015,BPD BANK,61.53846153846154,
CBank,109933.0,2950677,CIT BANK,61.53846153846154,
CFBank NA,185496.0,476810,"CITIBANK, N.A.",71.42857142857143,
CFM International Inc,18810.0,564557,FALCON INTERNATIONAL BANK,71.42857142857143,
CFM International Inc,18810.0,867632,INTERNATIONAL FINANCE BANK,69.76744186046511,
CFM International Inc,18810.0,171133,EASTERN NATIONAL BANK,63.1578947368421,
CM Life Insurance,51661.0,827560,"FINANCE FACTORS, LIMITED",60.0,
CNB Financial,44588.0,163473,CITIZENS FINANCIAL BANK,66.66666666666667,
CNB Financial,44588.0,526452,1ST FINANCIAL BANK USA,62.857142857142854,
Cadence Bank NA,101682.0,783648,CENTIER BANK,75.0,
Cadence Bank NA,101682.0,463735,HANCOCK BANK,66.66666666666667,
Cadence Bank NA,101682.0,1494240,RBC CENTURA BANK,64.28571428571428,
Cairn Capital,58979.0,2253891,CAPITAL ONE BANK,68.96551724137932,
Cairn Capital,58979.0,637451,PLAINSCAPITAL BANK,64.51612903225806,
CalFirst Bank,125284.0,310727,CAROLINA FIRST BANK,81.25,
CalFirst Bank,125284.0,44134,FIRST COMMERCIAL BANK,76.47058823529412,
CalFirst Bank,125284.0,2950677,CIT BANK,76.19047619047619,
California Bank of Commerce,158956.0,750864,CALIFORNIA COMMERCE BANK,94.11764705882352,
California Bank of Commerce,158956.0,742560,MIZUHO CORPORATE BANK OF CALIFORNIA,74.19354838709677,
California Bank of Commerce,158956.0,837260,CALIFORNIA BANK & TRUST,68.0,
California First National Bancorp,55194.0,167060,FIRST NATIONAL BANK OF NORTHERN CALIFORNIA,77.33333333333333,
California First National Bancorp,55194.0,564557,FALCON INTERNATIONAL BANK,65.51724137931035,
California First National Bancorp,55194.0,112837,HIBERNIA NATIONAL BANK,65.45454545454545,
California National Bank,54980.0,112837,HIBERNIA NATIONAL BANK,82.6086956521739,
California National Bank,54980.0,63069,CITY NATIONAL BANK,76.19047619047619,
California National Bank,54980.0,259518,NATIONAL CITY BANK,76.19047619047619,
California United Bank,62377.0,837260,CALIFORNIA BANK & TRUST,80.0,
California United Bank,62377.0,43173,UNITED COMMERCIAL BANK,77.27272727272727,
California United Bank,62377.0,1017939,UNITED COMMUNITY BANK,74.4186046511628,
Callodine Commercial Finance,163749.0,44134,FIRST COMMERCIAL BANK,65.3061224489796,
Callodine Commercial Finance,163749.0,43173,UNITED COMMERCIAL BANK,64.0,
Cambridge Savings Bank,79756.0,619877,USAA FEDERAL SAVINGS BANK,63.829787234042556,
Cambridge Savings Bank,79756.0,75633,HARRIS TRUST AND SAVINGS BANK,62.745098039215684,
Cambridge Savings Bank,79756.0,2502656,USAA SAVINGS BANK,61.53846153846154,
Camden National Bank,120832.0,171133,EASTERN NATIONAL BANK,82.92682926829268,
Camden National Bank,120832.0,63069,CITY NATIONAL BANK,78.94736842105263,
Camden National Bank,120832.0,259518,NATIONAL CITY BANK,78.94736842105263,
Canadian Commercial Bank,153639.0,750864,CALIFORNIA COMMERCE BANK,75.0,
Canadian Commercial Bank,153639.0,44134,FIRST COMMERCIAL BANK,66.66666666666667,
Canadian Commercial Bank,153639.0,43173,UNITED COMMERCIAL BANK,65.21739130434783,
Canal Capital Corp,49225.0,2253891,CAPITAL ONE BANK,68.96551724137932,
Canal Capital Corp,49225.0,637451,PLAINSCAPITAL BANK,64.51612903225806,
Canandaigua National Bank & Trust,127465.0,65513,DELTA NATIONAL BANK AND TRUST COMPANY,74.28571428571429,
Canandaigua National Bank & Trust,127465.0,342634,TRUSTMARK NATIONAL BANK,67.85714285714286,
Canandaigua National Bank & Trust,127465.0,837260,CALIFORNIA BANK & TRUST,67.85714285714286,
Candence Bank,126145.0,783648,CENTIER BANK,72.0,
Candence Bank,126145.0,463735,HANCOCK BANK,64.0,
Candence Bank,126145.0,1494240,RBC CENTURA BANK,62.06896551724138,
CapStone Bank,105560.0,2253891,CAPITAL ONE BANK,82.75862068965517,
CapStone Bank,105560.0,197478,EAST WEST BANK,66.66666666666667,
CapStone Bank,105560.0,595869,CATHAY BANK,66.66666666666667,
Cape Bank,120884.0,2253891,CAPITAL ONE BANK,72.0,
Cape Bank,120884.0,66015,BPD BANK,70.58823529411764,
Cape Bank,120884.0,2950677,CIT BANK,70.58823529411764,
Capital Bank & Trust,85607.0,837260,CALIFORNIA BANK & TRUST,79.06976744186046,
Capital Bank & Trust,85607.0,2253891,CAPITAL ONE BANK,72.22222222222221,
Capital Bank & Trust,85607.0,342634,TRUSTMARK NATIONAL BANK,69.76744186046511,
Capital Bank Corp,124130.0,2253891,CAPITAL ONE BANK,85.71428571428572,
Capital Bank Corp,124130.0,637451,PLAINSCAPITAL BANK,80.0,
Capital Bank Corp,124130.0,2950677,CIT BANK,80.0,
Capital Bank Financial Corp,107721.0,163473,CITIZENS FINANCIAL BANK,80.0,
Capital Bank Financial Corp,107721.0,2253891,CAPITAL ONE BANK,73.6842105263158,
Capital Bank Financial Corp,107721.0,63069,CITY NATIONAL BANK,70.0,
Capital Four,148914.0,2253891,CAPITAL ONE BANK,64.28571428571428,
Capital Funding Bancorp Inc,170701.0,2253891,CAPITAL ONE BANK,66.66666666666667,
Capital Funding Bancorp Inc,170701.0,43173,UNITED COMMERCIAL BANK,62.22222222222222,
Capital One Financial Corp,26606.0,526452,1ST FINANCIAL BANK USA,60.46511627906976,
Capital Southwest Co,128329.0,2253891,CAPITAL ONE BANK,60.60606060606061,
Capital Spring,146303.0,2253891,CAPITAL ONE BANK,60.0,
Capital Ventures International,106548.0,160614,FIDUCIARY TRUST COMPANY INTERNATIONAL,65.67164179104478,
Capital Ventures International,106548.0,564557,FALCON INTERNATIONAL BANK,61.81818181818181,
Capital Ventures International,106548.0,867632,INTERNATIONAL FINANCE BANK,60.71428571428572,
Capmark Financial Group Inc,8991.0,526452,1ST FINANCIAL BANK USA,62.22222222222222,
Capstar Bank,60799.0,595869,CATHAY BANK,78.26086956521739,
Capstar Bank,60799.0,2253891,CAPITAL ONE BANK,71.42857142857143,
Capstar Bank,60799.0,2950677,CIT BANK,70.0,
Cardinal Bank,55639.0,63069,CITY NATIONAL BANK,70.96774193548387,
Cardinal Bank,55639.0,259518,NATIONAL CITY BANK,70.96774193548387,
Cardinal Bank,55639.0,60143,COMERICA BANK,69.23076923076923,
Cargill Financial Services Corp,64543.0,2700984,WRIGHT EXPRESS FINANCIAL SERVICES CORPORATION,67.79661016949152,
Carnegie Bank,77939.0,233031,REGIONS BANK,72.0,
Carnegie Bank,77939.0,783648,CENTIER BANK,72.0,
Carnegie Bank,77939.0,2950677,CIT BANK,66.66666666666667,
Carollton Bank,56073.0,934329,"MELLON BANK, N.A.",72.0,
Carollton Bank,56073.0,167565,"WELLS FARGO BANK, LTD.",66.66666666666667,
Carollton Bank,56073.0,310727,CAROLINA FIRST BANK,66.66666666666667,
Carrollton Bank,60111.0,934329,"MELLON BANK, N.A.",69.23076923076923,
Carrollton Bank,60111.0,310727,CAROLINA FIRST BANK,64.70588235294117,
Carrollton Bank,60111.0,167565,"WELLS FARGO BANK, LTD.",64.51612903225806,
Carrolton Bank,176450.0,310727,CAROLINA FIRST BANK,66.66666666666667,
Carrolton Bank,176450.0,2253891,CAPITAL ONE BANK,66.66666666666667,
Carrolton Bank,176450.0,1216022,SYNCHRONY BANK,64.28571428571428,
Carter Bank,112703.0,783648,CENTIER BANK,78.26086956521739,
Carter Bank,112703.0,2950677,CIT BANK,73.6842105263158,
Carter Bank,112703.0,595869,CATHAY BANK,72.72727272727273,
Carver Federal Savings Bank,51044.0,619877,USAA FEDERAL SAVINGS BANK,76.92307692307692,
Carver State Bank,170718.0,3150447,CHARLES SCHWAB BANK,66.66666666666667,
Carver State Bank,170718.0,595869,CATHAY BANK,64.28571428571428,
Carver State Bank,170718.0,3146150,U.S. CENTURY BANK,62.5,
Cass Commercial Bank,110548.0,44134,FIRST COMMERCIAL BANK,73.17073170731707,
Cass Commercial Bank,110548.0,60143,COMERICA BANK,72.72727272727273,
Cass Commercial Bank,110548.0,43173,UNITED COMMERCIAL BANK,71.42857142857143,
Castle Bank,60832.0,2253891,CAPITAL ONE BANK,74.07407407407408,
Castle Bank,60832.0,2950677,CIT BANK,73.6842105263158,
Castle Bank,60832.0,595869,CATHAY BANK,72.72727272727273,
Caterpillar Financial Services Corp,31820.0,2700984,WRIGHT EXPRESS FINANCIAL SERVICES CORPORATION,69.84126984126983,
Cattaragus Savings Bank,127828.0,619877,USAA FEDERAL SAVINGS BANK,62.5,
Cattaragus Savings Bank,127828.0,75633,HARRIS TRUST AND SAVINGS BANK,61.53846153846154,
Cattaragus Savings Bank,127828.0,2502656,USAA SAVINGS BANK,60.0,
Cayman National Bank,184944.0,63069,CITY NATIONAL BANK,84.21052631578947,
Cayman National Bank,184944.0,259518,NATIONAL CITY BANK,84.21052631578947,
Cayman National Bank,184944.0,171133,EASTERN NATIONAL BANK,78.04878048780488,
Cedar Rapids Bank & Trust Co,58565.0,837260,CALIFORNIA BANK & TRUST,70.83333333333333,
Cedar Rapids Bank & Trust Co,58565.0,75633,HARRIS TRUST AND SAVINGS BANK,66.66666666666667,
Cedar Rapids Bank & Trust Co,58565.0,911807,INVESTORS BANK & TRUST COMPANY,65.45454545454545,
Celtic Bank Corp,173066.0,783648,CENTIER BANK,78.26086956521739,
Celtic Bank Corp,173066.0,60143,COMERICA BANK,75.0,
Celtic Bank Corp,173066.0,2950677,CIT BANK,73.6842105263158,
CenTrust Savings Bank,14085.0,3146150,U.S. CENTURY BANK,66.66666666666667,
CenTrust Savings Bank,14085.0,619877,USAA FEDERAL SAVINGS BANK,65.21739130434783,
CenTrust Savings Bank,14085.0,675332,SUNTRUST BANK,64.70588235294117,
Centennial Bank Holdings Inc,49596.0,208244,OLD NATIONAL BANK,68.29268292682926,
Centennial Bank Holdings Inc,49596.0,64619,STERLING NATIONAL BANK,65.21739130434783,
Centennial Bank Holdings Inc,49596.0,873138,WHITNEY NATIONAL BANK,62.22222222222222,
Center Bancorp Inc,58072.0,783648,CENTIER BANK,76.92307692307692,
Center Bancorp Inc,58072.0,3146150,U.S. CENTURY BANK,62.06896551724138,
Center Bancorp Inc,58072.0,1494240,RBC CENTURA BANK,60.0,
CenterState Bank,139805.0,783648,CENTIER BANK,78.57142857142857,
CenterState Bank,139805.0,3146150,U.S. CENTURY BANK,70.96774193548387,
CenterState Bank,139805.0,675332,SUNTRUST BANK,68.96551724137932,
Centier Bank,65369.0,783648,CENTIER BANK,100.0,
Centier Bank,65369.0,3146150,U.S. CENTURY BANK,74.07407407407408,
Centier Bank,65369.0,1494240,RBC CENTURA BANK,71.42857142857143,
Central Bank,63342.0,783648,CENTIER BANK,83.33333333333334,
Central Bank,63342.0,1494240,RBC CENTURA BANK,78.57142857142857,
Central Bank,63342.0,3146150,U.S. CENTURY BANK,74.07407407407408,
Central Bank & Trust,59248.0,837260,CALIFORNIA BANK & TRUST,74.4186046511628,
Central Bank & Trust,59248.0,3146150,U.S. CENTURY BANK,74.28571428571429,
Central Bank & Trust,59248.0,1494240,RBC CENTURA BANK,72.22222222222221,
Central Bank of St Louis,125227.0,3146150,U.S. CENTURY BANK,66.66666666666667,
Central Bank of St Louis,125227.0,44134,FIRST COMMERCIAL BANK,62.22222222222222,
Central Bank of St Louis,125227.0,43173,UNITED COMMERCIAL BANK,60.86956521739131,
Central Pacific Bank,52562.0,577137,PACIFIC NATIONAL BANK,82.92682926829268,
Central Pacific Bank,52562.0,1494240,RBC CENTURA BANK,72.22222222222221,
Central Pacific Bank,52562.0,266271,TCF NATIONAL BANK,64.86486486486487,
Central State Bank,93065.0,3146150,U.S. CENTURY BANK,72.72727272727273,
Central State Bank,93065.0,1494240,RBC CENTURA BANK,70.58823529411764,
Central State Bank,93065.0,44134,FIRST COMMERCIAL BANK,66.66666666666667,
Central States Bank,115457.0,3146150,U.S. CENTURY BANK,70.58823529411764,
Central States Bank,115457.0,1494240,RBC CENTURA BANK,68.57142857142857,
Central States Bank,115457.0,197478,EAST WEST BANK,66.66666666666667,
Centrue Bank,110527.0,783648,CENTIER BANK,83.33333333333334,
Centrue Bank,110527.0,3146150,U.S. CENTURY BANK,81.4814814814815,
Centrue Bank,110527.0,675332,SUNTRUST BANK,72.0,
Century Bank,89600.0,3146150,U.S. CENTURY BANK,88.88888888888889,
Century Bank,89600.0,783648,CENTIER BANK,83.33333333333334,
Century Bank,89600.0,1494240,RBC CENTURA BANK,78.57142857142857,
Certusbank,106175.0,476810,"CITIBANK, N.A.",66.66666666666667,
Chambers Bank,149603.0,60143,COMERICA BANK,69.23076923076923,
Chambers Bank,149603.0,595869,CATHAY BANK,66.66666666666667,
Chambers Bank,149603.0,3146150,U.S. CENTURY BANK,64.28571428571428,
Chan Hwa Commercial Bank,103671.0,44134,FIRST COMMERCIAL BANK,71.11111111111111,
Chan Hwa Commercial Bank,103671.0,43173,UNITED COMMERCIAL BANK,69.56521739130434,
Chan Hwa Commercial Bank,103671.0,750864,CALIFORNIA COMMERCE BANK,66.66666666666667,
Charles Schwab Corp,48134.0,3150447,CHARLES SCHWAB BANK,84.84848484848484,
Charles Schwab Corp,48134.0,5278251,CHARLES SCHWAB TRUST BANK,71.7948717948718,
Charles Schwab Corp,48134.0,1893049,CHARLES SCHWAB SIGNATURE BANK,65.11627906976744,
Charlesbank,136660.0,311845,ARVEST BANK,72.72727272727273,
Charlesbank,136660.0,790534,TOTALBANK,60.0,
Charlesbank,136660.0,810900,"ASIA BANK, N.A.",60.0,
Chemung Canal Trust Company,129868.0,395238,COLUMBUS BANK AND TRUST COMPANY,72.41379310344827,
Chemung Canal Trust Company,129868.0,40305,CHITTENDEN TRUST COMPANY,70.58823529411764,
Chemung Canal Trust Company,129868.0,852320,BRANCH BANKING AND TRUST COMPANY,67.79661016949152,
China Bank Ltd New York Branch,119701.0,918918,SAFRA NATIONAL BANK OF NEW YORK,63.1578947368421,
China Bank Ltd New York Branch,119701.0,320119,ISRAEL DISCOUNT BANK OF NEW YORK,62.06896551724138,
China Bank Ltd New York Branch,119701.0,541101,"BANK OF NEW YORK, THE",61.904761904761905,
Choice Bank,162833.0,56557,COBIZ BANK,76.19047619047619,
Choice Bank,162833.0,60143,COMERICA BANK,75.0,
Choice Bank,162833.0,2950677,CIT BANK,73.6842105263158,
Citadele Banka,153386.0,2253891,CAPITAL ONE BANK,73.33333333333334,
Citadele Banka,153386.0,2950677,CIT BANK,72.72727272727273,
Citadele Banka,153386.0,874845,LAKE CITY BANK,71.42857142857143,
Citi,13704.0,476810,"CITIBANK, N.A.",66.66666666666667,
Citi Canyon Ltd,108804.0,2950677,CIT BANK,63.1578947368421,
Citizens Bank & Trust Co of Paducah,89250.0,3041974,CITIZENS BANK OF PENNSYLVANIA,65.57377049180329,
Citizens Bank & Trust Co of Paducah,89250.0,163473,CITIZENS FINANCIAL BANK,65.45454545454545,
Citizens Bank & Trust Co of Paducah,89250.0,14409,CITIZENS BANK OF MASSACHUSETTS,64.51612903225806,
Citizens Bank & Trust Company,107855.0,395238,COLUMBUS BANK AND TRUST COMPANY,73.33333333333334,
Citizens Bank & Trust Company,107855.0,40305,CHITTENDEN TRUST COMPANY,71.69811320754718,
Citizens Bank & Trust Company,107855.0,852320,BRANCH BANKING AND TRUST COMPANY,68.85245901639344,
Citizens Bank of Clovis,136493.0,14409,CITIZENS BANK OF MASSACHUSETTS,71.69811320754718,
Citizens Bank of Clovis,136493.0,163473,CITIZENS FINANCIAL BANK,69.56521739130434,
Citizens Bank of Clovis,136493.0,3041974,CITIZENS BANK OF PENNSYLVANIA,65.38461538461539,
Citizens Bank of Kentucky,142584.0,374149,NATIONAL CITY BANK OF KENTUCKY,72.72727272727273,
Citizens Bank of Kentucky,142584.0,14409,CITIZENS BANK OF MASSACHUSETTS,69.0909090909091,
Citizens Bank of Kentucky,142584.0,163473,CITIZENS FINANCIAL BANK,66.66666666666667,
Citizens Bank of Las Cruces,164564.0,14409,CITIZENS BANK OF MASSACHUSETTS,73.6842105263158,
Citizens Bank of Las Cruces,164564.0,3041974,CITIZENS BANK OF PENNSYLVANIA,64.28571428571428,
Citizens Bank of Las Cruces,164564.0,163473,CITIZENS FINANCIAL BANK,64.0,
Citizens Financial Group,116754.0,163473,CITIZENS FINANCIAL BANK,76.59574468085107,
Citizens Financial Group,116754.0,526452,1ST FINANCIAL BANK USA,60.86956521739131,
Citizens First Bank,167556.0,163473,CITIZENS FINANCIAL BANK,76.19047619047619,
Citizens First Bank,167556.0,310727,CAROLINA FIRST BANK,73.6842105263158,
Citizens First Bank,167556.0,3041974,CITIZENS BANK OF PENNSYLVANIA,66.66666666666667,
Citizens First National Bank NJ,85444.0,163473,CITIZENS FINANCIAL BANK,77.77777777777779,
Citizens First National Bank NJ,85444.0,276579,ZIONS FIRST NATIONAL BANK,75.0,
Citizens First National Bank NJ,85444.0,42541,NATIONAL CITY BANK OF THE MIDWEST,73.33333333333334,
Citizens Inc,24376.0,476810,"CITIBANK, N.A.",62.5,
Citizens National Bank,115462.0,63069,CITY NATIONAL BANK,85.0,
Citizens National Bank,115462.0,259518,NATIONAL CITY BANK,85.0,
Citizens National Bank,115462.0,163473,CITIZENS FINANCIAL BANK,84.44444444444444,
Citizens Security Bank,114381.0,163473,CITIZENS FINANCIAL BANK,71.11111111111111,
Citizens Security Bank,114381.0,14409,CITIZENS BANK OF MASSACHUSETTS,69.23076923076923,
Citizens Security Bank,114381.0,3041974,CITIZENS BANK OF PENNSYLVANIA,62.745098039215684,
Citizens of Michigan,107002.0,163473,CITIZENS FINANCIAL BANK,60.46511627906976,
Citizens of Michigan,107002.0,14409,CITIZENS BANK OF MASSACHUSETTS,60.0,
City Bank,89523.0,2950677,CIT BANK,94.11764705882352,
City Bank,89523.0,595869,CATHAY BANK,80.0,
City Bank,89523.0,874845,LAKE CITY BANK,78.26086956521739,
City First Bank,29603.0,310727,CAROLINA FIRST BANK,76.47058823529412,
City First Bank,29603.0,44134,FIRST COMMERCIAL BANK,72.22222222222221,
City First Bank,29603.0,2950677,CIT BANK,69.56521739130434,
City National Bank of West Virginia,56738.0,178020,NATIONAL CITY BANK OF PENNSYLVANIA,75.36231884057972,
City National Bank of West Virginia,56738.0,379920,FIRST NATIONAL BANK OF PENNSYLVANIA,68.57142857142857,
City National Bank of West Virginia,56738.0,63069,CITY NATIONAL BANK,67.9245283018868,
Citywide Banks,70813.0,2950677,CIT BANK,72.72727272727273,
Citywide Banks,70813.0,874845,LAKE CITY BANK,71.42857142857143,
Citywide Banks,70813.0,783648,CENTIER BANK,69.23076923076923,
Civista Bank,121114.0,2950677,CIT BANK,80.0,
Civista Bank,121114.0,595869,CATHAY BANK,69.56521739130434,
Civista Bank,121114.0,874845,LAKE CITY BANK,69.23076923076923,
Clarkson Bank,130638.0,874845,LAKE CITY BANK,66.66666666666667,
Clarkson Bank,130638.0,934329,"MELLON BANK, N.A.",66.66666666666667,
Clarkson Bank,130638.0,1216022,SYNCHRONY BANK,66.66666666666667,
Climate First Bank,172121.0,310727,CAROLINA FIRST BANK,81.08108108108108,
Climate First Bank,172121.0,44134,FIRST COMMERCIAL BANK,71.7948717948718,
Climate First Bank,172121.0,837260,CALIFORNIA BANK & TRUST,63.41463414634146,
CoBiz Financial Inc,41536.0,163473,CITIZENS FINANCIAL BANK,68.42105263157895,
Coamerica Bank,135790.0,60143,COMERICA BANK,96.2962962962963,
Coamerica Bank,135790.0,697633,COMPASS BANK,69.23076923076923,
Coamerica Bank,135790.0,44134,FIRST COMMERCIAL BANK,68.57142857142857,
Coast Capital,103261.0,2253891,CAPITAL ONE BANK,62.06896551724138,
Coastal Bank of Georgia,105315.0,2253891,CAPITAL ONE BANK,61.53846153846154,
Coastal Bank of Georgia,105315.0,60143,COMERICA BANK,61.111111111111114,
Coastal States Bank,154986.0,2253891,CAPITAL ONE BANK,68.57142857142857,
Coastal States Bank,154986.0,197478,EAST WEST BANK,66.66666666666667,
Coastal States Bank,154986.0,697633,COMPASS BANK,64.51612903225806,
Cobank ACB,51412.0,810900,"ASIA BANK, N.A.",63.1578947368421,
Cobank ACB,51412.0,3284070,ALLY BANK,63.1578947368421,
Cogent Bank,178120.0,783648,CENTIER BANK,78.26086956521739,
Cogent Bank,178120.0,2950677,CIT BANK,73.6842105263158,
Cogent Bank,178120.0,612618,"PROVIDENT BANK, THE",72.0,
Coldwell Banker Commercial Group,91990.0,44134,FIRST COMMERCIAL BANK,64.15094339622642,
Coldwell Banker Commercial Group,91990.0,43173,UNITED COMMERCIAL BANK,62.96296296296296,
Colony Bank,131074.0,934329,"MELLON BANK, N.A.",72.72727272727273,
Colony Bank,131074.0,1216022,SYNCHRONY BANK,72.0,
Colony Bank,131074.0,58243,JOHNSON BANK,69.56521739130434,
Colorado Business Bank,79675.0,538802,INTERAUDI BANK,61.111111111111114,
Columbia Bank,50667.0,56557,COBIZ BANK,78.26086956521739,
Columbia Bank,50667.0,60143,COMERICA BANK,76.92307692307692,
Columbia Bank,50667.0,101019,BANK LEUMI USA,74.07407407407408,
Columbia State Bank,50150.0,101019,BANK LEUMI USA,72.72727272727273,
Columbia State Bank,50150.0,310727,CAROLINA FIRST BANK,68.42105263157895,
Columbia State Bank,50150.0,44134,FIRST COMMERCIAL BANK,65.0,
Columbus Bank & Trust Co,52790.0,395238,COLUMBUS BANK AND TRUST COMPANY,76.92307692307692,
Columbus Bank & Trust Co,52790.0,1160161,MIZUHO TRUST & BANKING CO.(USA),70.58823529411764,
Columbus Bank & Trust Co,52790.0,837260,CALIFORNIA BANK & TRUST,68.18181818181819,
Comerica Inc,13707.0,60143,COMERICA BANK,76.19047619047619,
Commerce Bank & Trust Co,52879.0,44134,FIRST COMMERCIAL BANK,76.19047619047619,
Commerce Bank & Trust Co,52879.0,837260,CALIFORNIA BANK & TRUST,72.72727272727273,
Commerce Bank & Trust Co,52879.0,911807,INVESTORS BANK & TRUST COMPANY,70.58823529411764,
Commerce National Bank,102934.0,747435,"HEMISPHERE NATIONAL BANK, THE",78.26086956521739,
Commerce National Bank,102934.0,76201,FLEET NATIONAL BANK,78.04878048780488,
Commerce National Bank,102934.0,63069,CITY NATIONAL BANK,75.0,
CommerceOne Bank,160974.0,60143,COMERICA BANK,75.86206896551724,
CommerceOne Bank,160974.0,43173,UNITED COMMERCIAL BANK,73.6842105263158,
CommerceOne Bank,160974.0,934329,"MELLON BANK, N.A.",66.66666666666667,
Commercial Bank of California,124370.0,750864,CALIFORNIA COMMERCE BANK,86.79245283018868,
Commercial Bank of California,124370.0,742560,MIZUHO CORPORATE BANK OF CALIFORNIA,71.875,
Commercial Bank of California,124370.0,44134,FIRST COMMERCIAL BANK,68.0,
Commercial Bank of Grayson,142582.0,44134,FIRST COMMERCIAL BANK,76.59574468085107,
Commercial Bank of Grayson,142582.0,43173,UNITED COMMERCIAL BANK,70.83333333333333,
Commercial Bank of Grayson,142582.0,60143,COMERICA BANK,61.53846153846154,
Commercial Finance Group,57852.0,44134,FIRST COMMERCIAL BANK,62.22222222222222,
Community & Southern Bank,57995.0,1017939,UNITED COMMUNITY BANK,78.26086956521739,
Community & Southern Bank,57995.0,911807,INVESTORS BANK & TRUST COMPANY,61.81818181818181,
Community Bancorp Inc,38914.0,1017939,UNITED COMMUNITY BANK,68.42105263157895,
Community Bancorp Inc,38914.0,43173,UNITED COMMERCIAL BANK,61.53846153846154,
Community Bank,139661.0,1017939,UNITED COMMUNITY BANK,80.0,
Community Bank,139661.0,2950677,CIT BANK,72.72727272727273,
Community Bank,139661.0,43173,UNITED COMMERCIAL BANK,72.22222222222221,
Community Bank of Louisiana,115467.0,1017939,UNITED COMMUNITY BANK,70.83333333333333,
Community Bank of Louisiana,115467.0,42541,NATIONAL CITY BANK OF THE MIDWEST,64.28571428571428,
Community Bank of Louisiana,115467.0,362445,NATIONAL CITY BANK OF INDIANA,64.28571428571428,
Community Bank of Santa Fe,112699.0,1017939,UNITED COMMUNITY BANK,72.34042553191489,
Community Bank of Santa Fe,112699.0,3041974,CITIZENS BANK OF PENNSYLVANIA,61.81818181818181,
Community Bank of Santa Fe,112699.0,178020,NATIONAL CITY BANK OF PENNSYLVANIA,60.0,
Community Bank of the Bay,165391.0,1017939,UNITED COMMUNITY BANK,71.42857142857143,
Community Bank of the Bay,165391.0,711472,BANK OF GUAM,60.60606060606061,
Community Bank of the Bay,165391.0,43173,UNITED COMMERCIAL BANK,60.46511627906976,
Community Banks of Colorado,133945.0,1017939,UNITED COMMUNITY BANK,62.5,
Community First Bankshares,26808.0,1017939,UNITED COMMUNITY BANK,72.34042553191489,
Community First Bankshares,26808.0,44134,FIRST COMMERCIAL BANK,68.08510638297872,
Community First Bankshares,26808.0,310727,CAROLINA FIRST BANK,62.22222222222222,
Community First National Bank,58476.0,63069,CITY NATIONAL BANK,76.59574468085107,
Community First National Bank,58476.0,259518,NATIONAL CITY BANK,76.59574468085107,
Community First National Bank,58476.0,42541,NATIONAL CITY BANK OF THE MIDWEST,75.86206896551724,
Community Funding CLO Ltd,122748.0,1017939,UNITED COMMUNITY BANK,66.66666666666667,
Community Investors Bancorp Inc,57943.0,911807,INVESTORS BANK & TRUST COMPANY,66.66666666666667,
Community Investors Bancorp Inc,57943.0,1017939,UNITED COMMUNITY BANK,66.66666666666667,
Community State Bank,133282.0,1017939,UNITED COMMUNITY BANK,82.92682926829268,
Community State Bank,133282.0,874845,LAKE CITY BANK,70.58823529411764,
Community State Bank,133282.0,43173,UNITED COMMERCIAL BANK,66.66666666666667,
Community Trust Bancorp Inc,47915.0,1017939,UNITED COMMUNITY BANK,72.72727272727273,
Community Trust Bancorp Inc,47915.0,817833,SOUTHTRUST BANK,63.1578947368421,
Community Trust Bancorp Inc,47915.0,395238,COLUMBUS BANK AND TRUST COMPANY,62.96296296296296,
CommunityOne Bank NA,118569.0,1017939,UNITED COMMUNITY BANK,84.21052631578947,
CommunityOne Bank NA,118569.0,43173,UNITED COMMERCIAL BANK,71.7948717948718,
CommunityOne Bank NA,118569.0,2253891,CAPITAL ONE BANK,66.66666666666667,
Computershare Trust Co NA,170068.0,210434,"NORTHERN TRUST COMPANY, THE",63.41463414634146,
Comvest Capital LLC,58855.0,2253891,CAPITAL ONE BANK,64.51612903225806,
Concentra Bank,158944.0,783648,CENTIER BANK,76.92307692307692,
Concentra Bank,158944.0,60143,COMERICA BANK,74.07407407407408,
Concentra Bank,158944.0,1494240,RBC CENTURA BANK,73.33333333333334,
Conestoga Bank,111778.0,58243,JOHNSON BANK,69.23076923076923,
Conestoga Bank,111778.0,804963,BANK OF THE WEST,69.23076923076923,
Conestoga Bank,111778.0,60143,COMERICA BANK,66.66666666666667,
Congressional Bank,106301.0,58243,JOHNSON BANK,66.66666666666667,
Congressional Bank,106301.0,63069,CITY NATIONAL BANK,66.66666666666667,
Congressional Bank,106301.0,233031,REGIONS BANK,66.66666666666667,
ConnectOne Bank,117909.0,58243,JOHNSON BANK,66.66666666666667,
ConnectOne Bank,117909.0,783648,CENTIER BANK,66.66666666666667,
ConnectOne Bank,117909.0,564557,FALCON INTERNATIONAL BANK,65.0,
Connections Bank,148124.0,233031,REGIONS BANK,71.42857142857143,
Connections Bank,148124.0,564557,FALCON INTERNATIONAL BANK,68.29268292682926,
Connections Bank,148124.0,63069,CITY NATIONAL BANK,64.70588235294117,
Consorcio Nacional de Seguros,143584.0,141556,STEARNS BANK NATIONAL ASSOCIATION,61.29032258064516,
Consumers National Bank,164159.0,171133,EASTERN NATIONAL BANK,77.27272727272727,
Consumers National Bank,164159.0,682563,"FROST NATIONAL BANK, THE",76.19047619047619,
Consumers National Bank,164159.0,564557,FALCON INTERNATIONAL BANK,75.0,
Coppermark Bank,51104.0,60143,COMERICA BANK,71.42857142857143,
Coppermark Bank,51104.0,697633,COMPASS BANK,66.66666666666667,
Coppermark Bank,51104.0,1494240,RBC CENTURA BANK,64.51612903225806,
CoreVest Finance,163779.0,827560,"FINANCE FACTORS, LIMITED",61.53846153846154,
Corebridge Financial Inc,165245.0,163473,CITIZENS FINANCIAL BANK,60.46511627906976,
Cornerstone Bank,137364.0,58243,JOHNSON BANK,71.42857142857143,
Cornerstone Bank,137364.0,1456501,"MORGAN STANLEY BANK, N.A.",68.57142857142857,
Cornerstone Bank,137364.0,332907,NORTH FORK BANK,64.51612903225806,
Cornerstone Capital Bank,172324.0,2253891,CAPITAL ONE BANK,80.0,
Cornerstone Capital Bank,172324.0,750864,CALIFORNIA COMMERCE BANK,62.5,
Cornerstone Capital Bank,172324.0,63069,CITY NATIONAL BANK,61.904761904761905,
Cornerstone National Bank & Trust Co,114703.0,65513,DELTA NATIONAL BANK AND TRUST COMPANY,74.28571428571429,
Cornerstone National Bank & Trust Co,114703.0,3382547,DEPARTMENT STORES NATIONAL BANK,68.75,
Cornerstone National Bank & Trust Co,114703.0,342634,TRUSTMARK NATIONAL BANK,67.85714285714286,
Corporate Capital Trust Inc,110596.0,210434,"NORTHERN TRUST COMPANY, THE",62.22222222222222,
Country Club Bank,118589.0,395238,COLUMBUS BANK AND TRUST COMPANY,62.5,
Country Club Bank,118589.0,3146150,U.S. CENTURY BANK,62.5,
Country Club Bank,118589.0,783648,CENTIER BANK,62.06896551724138,
Countryside Bank,147369.0,783648,CENTIER BANK,71.42857142857143,
Countryside Bank,147369.0,3146150,U.S. CENTURY BANK,70.96774193548387,
Countryside Bank,147369.0,1017939,UNITED COMMUNITY BANK,70.27027027027026,
Creditcorp International,68785.0,564557,FALCON INTERNATIONAL BANK,65.3061224489796,
Creditcorp International,68785.0,867632,INTERNATIONAL FINANCE BANK,64.0,
Crescent Banking Co,46362.0,804208,GREENPOINT BANK,64.51612903225806,
Crescent Banking Co,46362.0,783648,CENTIER BANK,64.28571428571428,
Crescent Banking Co,46362.0,197478,EAST WEST BANK,60.0,
Cross Keys Bank,123520.0,3783313,CROSS RIVER BANK,77.41935483870968,
Cross Keys Bank,123520.0,697633,COMPASS BANK,66.66666666666667,
Cross Keys Bank,123520.0,804963,BANK OF THE WEST,66.66666666666667,
Cross River Bank,156839.0,3783313,CROSS RIVER BANK,100.0,
Cross River Bank,156839.0,30810,DISCOVER BANK,68.96551724137932,
Cross River Bank,156839.0,777366,BANK OF THE ORIENT,66.66666666666667,
CrossFirst Bank,113392.0,3783313,CROSS RIVER BANK,77.41935483870968,
CrossFirst Bank,113392.0,310727,CAROLINA FIRST BANK,76.47058823529412,
CrossFirst Bank,113392.0,2950677,CIT BANK,69.56521739130434,
Crystal Financial LLC,57441.0,526452,1ST FINANCIAL BANK USA,66.66666666666667,
Crystal Financial LLC,57441.0,163473,CITIZENS FINANCIAL BANK,60.0,
Customers Bank,113348.0,60143,COMERICA BANK,74.07407407407408,
Customers Bank,113348.0,697633,COMPASS BANK,69.23076923076923,
Customers Bank,113348.0,783648,CENTIER BANK,69.23076923076923,
Cygnet Financial Corp,62101.0,163473,CITIZENS FINANCIAL BANK,61.53846153846154,
DBS Bank India,165214.0,3212149,UBS BANK USA,69.23076923076923,
DBS Bank India,165214.0,538802,INTERAUDI BANK,64.28571428571428,
DBS Bank India,165214.0,66015,BPD BANK,63.63636363636363,
DHB Bank NV,187195.0,66015,BPD BANK,63.1578947368421,
DHB Bank NV,187195.0,58243,JOHNSON BANK,60.86956521739131,
DHB Bank NV,187195.0,463735,HANCOCK BANK,60.86956521739131,
Dacotah Bank,78064.0,2950677,CIT BANK,70.0,
Dacotah Bank,78064.0,595869,CATHAY BANK,69.56521739130434,
Dacotah Bank,78064.0,463735,HANCOCK BANK,66.66666666666667,
Dallas Capital Bank NA,141381.0,2253891,CAPITAL ONE BANK,74.28571428571429,
Dallas Capital Bank NA,141381.0,229801,VALLEY NATIONAL BANK,66.66666666666667,
Dallas Capital Bank NA,141381.0,874845,LAKE CITY BANK,66.66666666666667,
Dallas Capital Bank National Association,,3918898,"CIT BANK, NATIONAL ASSOCIATION",84.05797101449275,
Dallas Capital Bank National Association,,2618780,"TEXAS CAPITAL BANK, NATIONAL ASSOCIATION",83.54430379746836,
Dallas Capital Bank National Association,,455534,LASALLE BANK NATIONAL ASSOCIATION,82.1917808219178,
Danversbank,77523.0,311845,ARVEST BANK,72.72727272727273,
Danversbank,77523.0,810900,"ASIA BANK, N.A.",60.0,
Darby International Capital,158668.0,160614,FIDUCIARY TRUST COMPANY INTERNATIONAL,68.75,
Darby International Capital,158668.0,564557,FALCON INTERNATIONAL BANK,65.38461538461539,
Darby International Capital,158668.0,867632,INTERNATIONAL FINANCE BANK,64.15094339622642,
Dart Bank,163172.0,66015,BPD BANK,70.58823529411764,
Dart Bank,163172.0,2950677,CIT BANK,70.58823529411764,
Dart Bank,163172.0,595869,CATHAY BANK,70.0,
De Lage Lande Financial Services,23278.0,2700984,WRIGHT EXPRESS FINANCIAL SERVICES CORPORATION,61.53846153846154,
Denali Capital,71327.0,2253891,CAPITAL ONE BANK,60.0,
Denali State Bank,61758.0,101019,BANK LEUMI USA,64.51612903225806,
Denali State Bank,61758.0,197478,EAST WEST BANK,64.51612903225806,
Denali State Bank,61758.0,391575,"UNITED FIDELITY BANK, FSB",63.41463414634146,
Desjardins Florida Branch,139208.0,725732,BAC FLORIDA BANK,68.29268292682926,
Devon Bank,71297.0,934329,"MELLON BANK, N.A.",76.19047619047619,
Devon Bank,71297.0,233031,REGIONS BANK,72.72727272727273,
Devon Bank,71297.0,66015,BPD BANK,66.66666666666667,
DiMaio Ahmad Capital,62181.0,2253891,CAPITAL ONE BANK,61.111111111111114,
Dime Commercial Corp,66742.0,43173,UNITED COMMERCIAL BANK,70.27027027027026,
Dime Commercial Corp,66742.0,44134,FIRST COMMERCIAL BANK,66.66666666666667,
Dime Community Bank,167787.0,1017939,UNITED COMMUNITY BANK,85.0,
Dime Community Bank,167787.0,43173,UNITED COMMERCIAL BANK,68.29268292682926,
Dime Community Bank,167787.0,874845,LAKE CITY BANK,66.66666666666667,
Dime Financial Corp,52138.0,163473,CITIZENS FINANCIAL BANK,64.86486486486487,
Dime Saving Bank of New York,88250.0,541101,"BANK OF NEW YORK, THE",72.72727272727273,
Dime Saving Bank of New York,88250.0,918918,SAFRA NATIONAL BANK OF NEW YORK,71.1864406779661,
Dime Saving Bank of New York,88250.0,320119,ISRAEL DISCOUNT BANK OF NEW YORK,66.66666666666667,
Dogwood State Bank,180484.0,1456501,"MORGAN STANLEY BANK, N.A.",64.86486486486487,
Dogwood State Bank,180484.0,804963,BANK OF THE WEST,60.0,
Dollar Bank,73797.0,30810,DISCOVER BANK,66.66666666666667,
Dollar Bank,73797.0,934329,"MELLON BANK, N.A.",63.63636363636363,
Dollar Bank,73797.0,66015,BPD BANK,63.1578947368421,
Doral Bank FSB,54445.0,44134,FIRST COMMERCIAL BANK,68.57142857142857,
Doral Bank FSB,54445.0,266271,TCF NATIONAL BANK,64.51612903225806,
Doral Bank FSB,54445.0,697633,COMPASS BANK,61.53846153846154,
Dubuque Bank & Trust Co,61706.0,675332,SUNTRUST BANK,66.66666666666667,
Dubuque Bank & Trust Co,61706.0,817833,SOUTHTRUST BANK,62.857142857142854,
Dubuque Bank & Trust Co,61706.0,3212149,UBS BANK USA,62.5,
Eagle Bancorp,73709.0,606046,BANCORPSOUTH BANK,60.0,
Eagle National Bank,88350.0,171133,EASTERN NATIONAL BANK,85.0,
Eagle National Bank,88350.0,76201,FLEET NATIONAL BANK,84.21052631578947,
Eagle National Bank,88350.0,838632,EAGLE NATIONAL BANK OF MIAMI,80.85106382978724,
East West,80658.0,197478,EAST WEST BANK,78.26086956521739,
East West Bank,93936.0,197478,EAST WEST BANK,100.0,
East West Bank,93936.0,804963,BANK OF THE WEST,76.92307692307692,
East West Bank,93936.0,1007846,FIRST MIDWEST BANK,75.0,
Eastern Bank,52557.0,978154,STERLING BANK,80.0,
Eastern Bank,52557.0,197478,EAST WEST BANK,76.92307692307692,
Eastern Bank,52557.0,783648,CENTIER BANK,75.0,
Eastman National Bank,114664.0,171133,EASTERN NATIONAL BANK,90.47619047619048,
Eastman National Bank,114664.0,676160,FAR EAST NATIONAL BANK,88.37209302325581,
Eastman National Bank,114664.0,76201,FLEET NATIONAL BANK,80.0,
Eclipse Business Capital LLC,160989.0,2253891,CAPITAL ONE BANK,60.0,
Elliott International LP,62208.0,564557,FALCON INTERNATIONAL BANK,69.56521739130434,
Elliott International LP,62208.0,867632,INTERNATIONAL FINANCE BANK,63.829787234042556,
Elmira Savings Bank,120268.0,619877,USAA FEDERAL SAVINGS BANK,72.72727272727273,
Elmira Savings Bank,120268.0,101019,BANK LEUMI USA,66.66666666666667,
Elmira Savings Bank,120268.0,2502656,USAA SAVINGS BANK,66.66666666666667,
Emigrant Bank,50425.0,729132,ESPIRITO SANTO BANK,68.75,
Emigrant Bank,50425.0,101019,BANK LEUMI USA,66.66666666666667,
Emigrant Bank,50425.0,2950677,CIT BANK,66.66666666666667,
Emigrant Savings Bank,79429.0,619877,USAA FEDERAL SAVINGS BANK,69.56521739130434,
Emigrant Savings Bank,79429.0,729132,ESPIRITO SANTO BANK,65.0,
Emigrant Savings Bank,79429.0,1456501,"MORGAN STANLEY BANK, N.A.",65.0,
Emirates Development Bank,161851.0,3382547,DEPARTMENT STORES NATIONAL BANK,64.28571428571428,
Emprise Bank NA,70269.0,101019,BANK LEUMI USA,69.23076923076923,
Emprise Bank NA,70269.0,612618,"PROVIDENT BANK, THE",69.23076923076923,
Emprise Bank NA,70269.0,233031,REGIONS BANK,66.66666666666667,
Encore Bank,90182.0,463735,HANCOCK BANK,69.56521739130434,
Encore Bank,90182.0,783648,CENTIER BANK,69.56521739130434,
Encore Bank,90182.0,30810,DISCOVER BANK,66.66666666666667,
Enterprise Bancorp Inc,58417.0,783648,CENTIER BANK,60.0,
Enterprise Bank NA,121718.0,783648,CENTIER BANK,74.07407407407408,
Enterprise Bank NA,121718.0,538802,INTERAUDI BANK,68.96551724137932,
Enterprise Bank NA,121718.0,3146150,U.S. CENTURY BANK,66.66666666666667,
Enterprise Banking,110494.0,783648,CENTIER BANK,66.66666666666667,
Enterprise Banking,110494.0,538802,INTERAUDI BANK,62.5,
Enterprise Banking,110494.0,3146150,U.S. CENTURY BANK,60.60606060606061,
Equitable Bank (The),63749.0,2860440,1ST UNITED BANK,62.857142857142854,
Equity Bank,49921.0,2950677,CIT BANK,73.6842105263158,
Equity Bank,49921.0,1464122,WHITNEY BANK,69.56521739130434,
Equity Bank,49921.0,101019,BANK LEUMI USA,64.0,
Erie Bank,121996.0,783648,CENTIER BANK,76.19047619047619,
Erie Bank,121996.0,60143,COMERICA BANK,72.72727272727273,
Erie Bank,121996.0,978154,STERLING BANK,72.72727272727273,
Esquire Bank,172402.0,783648,CENTIER BANK,66.66666666666667,
Esquire Bank,172402.0,675332,SUNTRUST BANK,64.0,
Esquire Bank,172402.0,613307,PEOPLE'S UNITED BANK,62.5,
Essa Bank & Trust,135676.0,675332,SUNTRUST BANK,73.33333333333334,
Essa Bank & Trust,135676.0,5278251,CHARLES SCHWAB TRUST BANK,71.42857142857143,
Essa Bank & Trust,135676.0,837260,CALIFORNIA BANK & TRUST,70.0,
Evans Bank,111857.0,233031,REGIONS BANK,72.72727272727273,
Evans Bank,111857.0,197478,EAST WEST BANK,66.66666666666667,
Evans Bank,111857.0,934329,"MELLON BANK, N.A.",66.66666666666667,
Ever Bank,54099.0,783648,CENTIER BANK,76.19047619047619,
Ever Bank,54099.0,30810,DISCOVER BANK,72.72727272727273,
Ever Bank,54099.0,3783313,CROSS RIVER BANK,64.0,
EverBank Financial Corp,,526452,1ST FINANCIAL BANK USA,70.0,
EverBank Financial Corp,,163473,CITIZENS FINANCIAL BANK,68.29268292682926,
EverBank Financial Corp,,867632,INTERNATIONAL FINANCE BANK,63.63636363636363,
Everbank,,311845,ARVEST BANK,63.1578947368421,
Everbank NA,183900.0,311845,ARVEST BANK,63.1578947368421,
Evergreen Bank Group,118641.0,804208,GREENPOINT BANK,62.857142857142854,
Export Import Bank of the United States,14099.0,613307,PEOPLE'S UNITED BANK,61.81818181818181,
Export Import Bank of the United States,14099.0,391575,"UNITED FIDELITY BANK, FSB",61.01694915254237,
Export Import Bank of the United States,14099.0,980353,NORTHERN TRUST BANK OF TEXAS N.A.,60.31746031746032,
FCBank,121563.0,476810,"CITIBANK, N.A.",71.42857142857143,
FCS Financial PCA,59822.0,526452,1ST FINANCIAL BANK USA,66.66666666666667,
FCS Financial PCA,59822.0,163473,CITIZENS FINANCIAL BANK,60.0,
FMB-Arcadia Bank,78029.0,60143,COMERICA BANK,62.06896551724138,
FMB-Arcadia Bank,78029.0,538802,INTERAUDI BANK,60.0,
FVCBank,160963.0,476810,"CITIBANK, N.A.",66.66666666666667,
Fairfield County Bank,141549.0,1017939,UNITED COMMUNITY BANK,71.42857142857143,
Fairfield County Bank,141549.0,874845,LAKE CITY BANK,62.857142857142854,
Fairfield County Bank,141549.0,63069,CITY NATIONAL BANK,61.53846153846154,
Falcon International Bank,145940.0,564557,FALCON INTERNATIONAL BANK,100.0,
Falcon International Bank,145940.0,867632,INTERNATIONAL FINANCE BANK,86.27450980392157,
Falcon International Bank,145940.0,63069,CITY NATIONAL BANK,74.4186046511628,
Far East National Bank,62689.0,676160,FAR EAST NATIONAL BANK,100.0,
Far East National Bank,62689.0,171133,EASTERN NATIONAL BANK,88.37209302325581,
Far East National Bank,62689.0,76201,FLEET NATIONAL BANK,78.04878048780488,
Farm Credit Bank of Texas,50000.0,980353,NORTHERN TRUST BANK OF TEXAS N.A.,64.15094339622642,
Farmers & Mechanics National Bank,89086.0,171133,EASTERN NATIONAL BANK,66.66666666666667,
Farmers & Mechanics National Bank,89086.0,838632,EAGLE NATIONAL BANK OF MIAMI,65.57377049180329,
Farmers & Mechanics National Bank,89086.0,112837,HIBERNIA NATIONAL BANK,65.45454545454545,
Farmers & Merchant Bank,87033.0,3150447,CHARLES SCHWAB BANK,61.904761904761905,
Farmers & Traders Bank,142596.0,1007846,FIRST MIDWEST BANK,60.0,
Farmers Bank,160487.0,167565,"WELLS FARGO BANK, LTD.",71.42857142857143,
Farmers Bank,160487.0,233031,REGIONS BANK,66.66666666666667,
Farmers Bank,160487.0,804963,BANK OF THE WEST,66.66666666666667,
Farmers National Bank,114818.0,682563,"FROST NATIONAL BANK, THE",85.0,
Farmers National Bank,114818.0,171133,EASTERN NATIONAL BANK,80.95238095238095,
Farmers National Bank,114818.0,76201,FLEET NATIONAL BANK,80.0,
Farmers State Bank,142577.0,1456501,"MORGAN STANLEY BANK, N.A.",64.86486486486487,
Farmers State Bank,142577.0,3150447,CHARLES SCHWAB BANK,64.86486486486487,
Farmers State Bank,142577.0,197478,EAST WEST BANK,62.5,
Farmington bank,131078.0,777366,BANK OF THE ORIENT,68.96551724137932,
Farmington bank,131078.0,233031,REGIONS BANK,66.66666666666667,
Farmington bank,131078.0,676160,FAR EAST NATIONAL BANK,64.86486486486487,
Federal Savings Bank,71416.0,619877,USAA FEDERAL SAVINGS BANK,88.88888888888889,
Federal Savings Bank,71416.0,978154,STERLING BANK,66.66666666666667,
Federal Savings Bank,71416.0,2502656,USAA SAVINGS BANK,64.86486486486487,
Federated Bank,185247.0,197478,EAST WEST BANK,64.28571428571428,
Federated Bank,185247.0,538802,INTERAUDI BANK,64.28571428571428,
Federated Bank,185247.0,3277876,GREAT FLORIDA BANK,62.5,
Fifth Third Bank,29604.0,723112,FIFTH THIRD BANK,100.0,
Fifth Third Bank,29604.0,1007846,FIRST MIDWEST BANK,64.70588235294117,
Fifth Third Bank,29604.0,980661,FIRST HAWAIIAN BANK,62.857142857142854,
First & Peoples Bank and Trust,142583.0,1917301,LAKE FOREST BANK & TRUST COMPANY,67.74193548387098,
First & Peoples Bank and Trust,142583.0,491224,FIRST-CITIZENS BANK & TRUST COMPANY,64.61538461538461,
First & Peoples Bank and Trust,142583.0,75633,HARRIS TRUST AND SAVINGS BANK,64.40677966101696,
First American Bankshares Inc,62554.0,245016,HABIB AMERICAN BANK,72.72727272727273,
First American Bankshares Inc,62554.0,1160732,SUN AMERICAN BANK,71.42857142857143,
First American Bankshares Inc,62554.0,714811,"CHINESE AMERICAN BANK, THE",69.56521739130434,
First Bank & Trust,53660.0,837260,CALIFORNIA BANK & TRUST,73.17073170731707,
First Bank & Trust,53660.0,817833,SOUTHTRUST BANK,72.72727272727273,
First Bank & Trust,53660.0,1007846,FIRST MIDWEST BANK,72.22222222222221,
First Bank Chicago,167249.0,310727,CAROLINA FIRST BANK,75.67567567567568,
First Bank Chicago,167249.0,44134,FIRST COMMERCIAL BANK,71.7948717948718,
First Bank Chicago,167249.0,2950677,CIT BANK,61.53846153846154,
First Bank NA,49164.0,2950677,CIT BANK,77.77777777777779,
First Bank NA,49164.0,804963,BANK OF THE WEST,72.72727272727273,
First Bank NA,49164.0,1007846,FIRST MIDWEST BANK,71.42857142857143,
First Bank Puerto Rico,21637.0,510871,FIRSTBANK PUERTO RICO,79.06976744186046,
First Bank Puerto Rico,21637.0,4114567,FIRST REPUBLIC BANK,73.17073170731707,
First Bank Puerto Rico,21637.0,276579,ZIONS FIRST NATIONAL BANK,68.08510638297872,
First Bank of Florida,146636.0,1007846,FIRST MIDWEST BANK,66.66666666666667,
First Bank of Florida,146636.0,3277876,GREAT FLORIDA BANK,66.66666666666667,
First Bank of Florida,146636.0,276579,ZIONS FIRST NATIONAL BANK,65.21739130434783,
First Bank of Highland Park,60971.0,980661,FIRST HAWAIIAN BANK,65.21739130434783,
First Bank of Highland Park,60971.0,379920,FIRST NATIONAL BANK OF PENNSYLVANIA,61.29032258064516,
First Bank of Highland Park,60971.0,320119,ISRAEL DISCOUNT BANK OF NEW YORK,61.01694915254237,
First Bank of Missouri,77745.0,1007846,FIRST MIDWEST BANK,70.0,
First Bank of Missouri,77745.0,276579,ZIONS FIRST NATIONAL BANK,63.829787234042556,
First Bank of Missouri,77745.0,980661,FIRST HAWAIIAN BANK,63.41463414634146,
First Bank of Tennessee,104268.0,485559,FIRST TENNESSEE BANK NATIONAL ASSOCIATION,68.75,
First Bank of Tennessee,104268.0,1007846,FIRST MIDWEST BANK,63.41463414634146,
First Bank of Tennessee,104268.0,276579,ZIONS FIRST NATIONAL BANK,62.5,
First Business Bank,54904.0,310727,CAROLINA FIRST BANK,68.42105263157895,
First Business Bank,54904.0,675332,SUNTRUST BANK,62.5,
First Business Bank,54904.0,2502656,USAA SAVINGS BANK,61.111111111111114,
First Capital Bank Zimbabwe Ltd,162682.0,310727,CAROLINA FIRST BANK,65.21739130434783,
First Capital Bank Zimbabwe Ltd,162682.0,2253891,CAPITAL ONE BANK,65.11627906976744,
First Capital Bank Zimbabwe Ltd,162682.0,44134,FIRST COMMERCIAL BANK,62.5,
First Caribbean Bank,55854.0,310727,CAROLINA FIRST BANK,82.05128205128204,
First Caribbean Bank,55854.0,44134,FIRST COMMERCIAL BANK,73.17073170731707,
First Caribbean Bank,55854.0,837260,CALIFORNIA BANK & TRUST,65.11627906976744,
First Charter Bank,77557.0,310727,CAROLINA FIRST BANK,75.67567567567568,
First Charter Bank,77557.0,44134,FIRST COMMERCIAL BANK,71.7948717948718,
First Charter Bank,77557.0,5278251,CHARLES SCHWAB TRUST BANK,65.11627906976744,
First Choice Bank,124371.0,310727,CAROLINA FIRST BANK,77.77777777777779,
First Choice Bank,124371.0,44134,FIRST COMMERCIAL BANK,73.6842105263158,
First Choice Bank,124371.0,2950677,CIT BANK,64.0,
First Citizens Bank & Trust,34737.0,837260,CALIFORNIA BANK & TRUST,68.0,
First Citizens Bank & Trust,34737.0,1917301,LAKE FOREST BANK & TRUST COMPANY,67.79661016949152,
First Citizens Bank & Trust,34737.0,491224,FIRST-CITIZENS BANK & TRUST COMPANY,67.74193548387098,
First Coast Community Bank,127882.0,1017939,UNITED COMMUNITY BANK,72.34042553191489,
First Coast Community Bank,127882.0,44134,FIRST COMMERCIAL BANK,68.08510638297872,
First Coast Community Bank,127882.0,310727,CAROLINA FIRST BANK,66.66666666666667,
First Commnonwealth Bank,184342.0,44134,FIRST COMMERCIAL BANK,80.0,
First Commnonwealth Bank,184342.0,310727,CAROLINA FIRST BANK,69.76744186046511,
First Commnonwealth Bank,184342.0,43173,UNITED COMMERCIAL BANK,65.21739130434783,
First Commonwealth Financial Corp,48951.0,44134,FIRST COMMERCIAL BANK,61.224489795918366,
First Community Bancorp,41523.0,1017939,UNITED COMMUNITY BANK,72.72727272727273,
First Community Bancorp,41523.0,44134,FIRST COMMERCIAL BANK,68.18181818181819,
First Community Bancorp,41523.0,310727,CAROLINA FIRST BANK,61.904761904761905,
First Community Bank of America,52642.0,214807,DEUTSCHE BANK TRUST COMPANY AMERICAS,65.67164179104478,
First Community Bank of America,52642.0,1017939,UNITED COMMUNITY BANK,65.38461538461539,
First Community Bank of America,52642.0,1160732,SUN AMERICAN BANK,62.5,
First Community Bank of Plainfield,57814.0,1017939,UNITED COMMUNITY BANK,69.0909090909091,
First Community Bank of Plainfield,57814.0,3041974,CITIZENS BANK OF PENNSYLVANIA,60.31746031746032,
First Community Financial Corp,60458.0,44134,FIRST COMMERCIAL BANK,60.86956521739131,
First Dakota National Bank,152236.0,682563,"FROST NATIONAL BANK, THE",80.0,
First Dakota National Bank,152236.0,676160,FAR EAST NATIONAL BANK,79.16666666666666,
First Dakota National Bank,152236.0,276579,ZIONS FIRST NATIONAL BANK,74.50980392156863,
First Eagle Bank,62694.0,44134,FIRST COMMERCIAL BANK,75.67567567567568,
First Eagle Bank,62694.0,310727,CAROLINA FIRST BANK,74.28571428571429,
First Eagle Bank,62694.0,197478,EAST WEST BANK,66.66666666666667,
First Energy Bank B.S.C.,145169.0,44134,FIRST COMMERCIAL BANK,66.66666666666667,
First Energy Bank B.S.C.,145169.0,3146150,U.S. CENTURY BANK,66.66666666666667,
First Energy Bank B.S.C.,145169.0,310727,CAROLINA FIRST BANK,65.0,
First Farmers Bank & Trust,165949.0,75633,HARRIS TRUST AND SAVINGS BANK,69.0909090909091,
First Farmers Bank & Trust,165949.0,5278251,CHARLES SCHWAB TRUST BANK,66.66666666666667,
First Farmers Bank & Trust,165949.0,491224,FIRST-CITIZENS BANK & TRUST COMPANY,65.57377049180329,
First Federal Bank,55198.0,44134,FIRST COMMERCIAL BANK,76.92307692307692,
First Federal Bank,55198.0,310727,CAROLINA FIRST BANK,70.27027027027026,
First Federal Bank,55198.0,619877,USAA FEDERAL SAVINGS BANK,69.76744186046511,
First Federal Savings and Loan Association of Charleston,102666.0,445843,STANDARD FEDERAL BANK NATIONAL ASSOCIATION,61.224489795918366,
First Fidelity Bancorporation,49662.0,391575,"UNITED FIDELITY BANK, FSB",60.37735849056604,
First Florida Bank,56870.0,1007846,FIRST MIDWEST BANK,72.22222222222221,
First Florida Bank,56870.0,725732,BAC FLORIDA BANK,70.58823529411764,
First Florida Bank,56870.0,980661,FIRST HAWAIIAN BANK,70.27027027027026,
First Foundation Bank,144667.0,682563,"FROST NATIONAL BANK, THE",80.0,
First Foundation Bank,144667.0,276579,ZIONS FIRST NATIONAL BANK,73.91304347826086,
First Foundation Bank,144667.0,63069,CITY NATIONAL BANK,71.7948717948718,
First Guaranty Bank,108805.0,980661,FIRST HAWAIIAN BANK,73.6842105263158,
First Guaranty Bank,108805.0,1007846,FIRST MIDWEST BANK,64.86486486486487,
First Guaranty Bank,108805.0,3277876,GREAT FLORIDA BANK,64.86486486486487,
First Hawaiian Bank,51055.0,980661,FIRST HAWAIIAN BANK,100.0,
First Hawaiian Bank,51055.0,682563,"FROST NATIONAL BANK, THE",68.42105263157895,
First Hawaiian Bank,51055.0,276579,ZIONS FIRST NATIONAL BANK,68.18181818181819,
First Heritage Bank,55509.0,980661,FIRST HAWAIIAN BANK,73.6842105263158,
First Heritage Bank,55509.0,1007846,FIRST MIDWEST BANK,70.27027027027026,
First Heritage Bank,55509.0,978154,STERLING BANK,68.75,
First Horizon Bank,73447.0,980661,FIRST HAWAIIAN BANK,75.67567567567568,
First Horizon Bank,73447.0,682563,"FROST NATIONAL BANK, THE",70.27027027027026,
First Horizon Bank,73447.0,4114567,FIRST REPUBLIC BANK,70.27027027027026,
First Independence Bank,167023.0,1007846,FIRST MIDWEST BANK,68.29268292682926,
First Independence Bank,167023.0,4114567,FIRST REPUBLIC BANK,66.66666666666667,
First Independence Bank,167023.0,980661,FIRST HAWAIIAN BANK,61.904761904761905,
First Independence National Bank of Detroit,85130.0,362445,NATIONAL CITY BANK OF INDIANA,66.66666666666667,
First Independence National Bank of Detroit,85130.0,42541,NATIONAL CITY BANK OF THE MIDWEST,63.888888888888886,
First Independence National Bank of Detroit,85130.0,374149,NATIONAL CITY BANK OF KENTUCKY,63.01369863013699,
First International Bank,48932.0,867632,INTERNATIONAL FINANCE BANK,84.0,
First International Bank,48932.0,682563,"FROST NATIONAL BANK, THE",83.72093023255813,
First International Bank,48932.0,564557,FALCON INTERNATIONAL BANK,81.63265306122449,
First International Bank & Trust,108555.0,160614,FIDUCIARY TRUST COMPANY INTERNATIONAL,75.36231884057972,
First International Bank & Trust,108555.0,276579,ZIONS FIRST NATIONAL BANK,73.6842105263158,
First International Bank & Trust,108555.0,867632,INTERNATIONAL FINANCE BANK,72.41379310344827,
First Internet Bank of Indiana,167662.0,362445,NATIONAL CITY BANK OF INDIANA,74.57627118644068,
First Internet Bank of Indiana,167662.0,867632,INTERNATIONAL FINANCE BANK,67.85714285714286,
First Internet Bank of Indiana,167662.0,167060,FIRST NATIONAL BANK OF NORTHERN CALIFORNIA,66.66666666666667,
First Interstate Bancsystem Inc,38165.0,1007846,FIRST MIDWEST BANK,62.22222222222222,
First Keystone Community Bank,111458.0,1017939,UNITED COMMUNITY BANK,72.0,
First Keystone Community Bank,111458.0,1917301,LAKE FOREST BANK & TRUST COMPANY,65.57377049180329,
First Keystone Community Bank,111458.0,44134,FIRST COMMERCIAL BANK,64.0,
First Liberty Bank,60811.0,1007846,FIRST MIDWEST BANK,77.77777777777779,
First Liberty Bank,60811.0,4114567,FIRST REPUBLIC BANK,70.27027027027026,
First Liberty Bank,60811.0,980661,FIRST HAWAIIAN BANK,64.86486486486487,
First Market Bank,58758.0,1007846,FIRST MIDWEST BANK,80.0,
First Market Bank,58758.0,4114567,FIRST REPUBLIC BANK,72.22222222222221,
First Market Bank,58758.0,874845,LAKE CITY BANK,70.96774193548387,
First Merchant Bank,86545.0,1007846,FIRST MIDWEST BANK,75.67567567567568,
First Merchant Bank,86545.0,980661,FIRST HAWAIIAN BANK,73.6842105263158,
First Merchant Bank,86545.0,4114567,FIRST REPUBLIC BANK,68.42105263157895,
First Mid Bank & Trust,162131.0,1007846,FIRST MIDWEST BANK,80.0,
First Mid Bank & Trust,162131.0,837260,CALIFORNIA BANK & TRUST,71.11111111111111,
First Mid Bank & Trust,162131.0,491224,FIRST-CITIZENS BANK & TRUST COMPANY,66.66666666666667,
First Mid-Illinois Bank,125372.0,1007846,FIRST MIDWEST BANK,73.17073170731707,
First Mid-Illinois Bank,125372.0,276579,ZIONS FIRST NATIONAL BANK,66.66666666666667,
First Mid-Illinois Bank,125372.0,980661,FIRST HAWAIIAN BANK,66.66666666666667,
First Midwest Bancorp,36390.0,1007846,FIRST MIDWEST BANK,87.17948717948718,
First Midwest Bancorp,36390.0,197478,EAST WEST BANK,62.857142857142854,
First Midwest Bancorp,36390.0,804963,BANK OF THE WEST,60.60606060606061,
First National Bank,52133.0,682563,"FROST NATIONAL BANK, THE",94.73684210526316,
First National Bank,52133.0,63069,CITY NATIONAL BANK,86.48648648648648,
First National Bank,52133.0,259518,NATIONAL CITY BANK,86.48648648648648,
First National Bank & Trust,53072.0,276579,ZIONS FIRST NATIONAL BANK,80.76923076923077,
First National Bank & Trust,53072.0,682563,"FROST NATIONAL BANK, THE",78.26086956521739,
First National Bank & Trust,53072.0,342634,TRUSTMARK NATIONAL BANK,76.0,
First National Bank Omaha,48307.0,276579,ZIONS FIRST NATIONAL BANK,84.0,
First National Bank Omaha,48307.0,682563,"FROST NATIONAL BANK, THE",81.81818181818181,
First National Bank Omaha,48307.0,379920,FIRST NATIONAL BANK OF PENNSYLVANIA,76.66666666666666,
First National Bank of Alaska,54651.0,276579,ZIONS FIRST NATIONAL BANK,77.77777777777779,
First National Bank of Alaska,54651.0,682563,"FROST NATIONAL BANK, THE",75.0,
First National Bank of Alaska,54651.0,1004368,NATIONAL BANK OF ARIZONA,71.69811320754718,
First National Bank of Broken Arrow,118328.0,276579,ZIONS FIRST NATIONAL BANK,70.0,
First National Bank of Broken Arrow,118328.0,1004368,NATIONAL BANK OF ARIZONA,67.79661016949152,
First National Bank of Broken Arrow,118328.0,682563,"FROST NATIONAL BANK, THE",66.66666666666667,
First National Bank of Brookfield,136541.0,276579,ZIONS FIRST NATIONAL BANK,72.41379310344827,
First National Bank of Brookfield,136541.0,42541,NATIONAL CITY BANK OF THE MIDWEST,70.96774193548387,
First National Bank of Brookfield,136541.0,682563,"FROST NATIONAL BANK, THE",69.23076923076923,
First National Bank of Coffee Country,131087.0,42541,NATIONAL CITY BANK OF THE MIDWEST,72.72727272727273,
First National Bank of Coffee Country,131087.0,167060,FIRST NATIONAL BANK OF NORTHERN CALIFORNIA,68.35443037974683,
First National Bank of Coffee Country,131087.0,276579,ZIONS FIRST NATIONAL BANK,67.74193548387098,
First National Bank of Denver,115640.0,276579,ZIONS FIRST NATIONAL BANK,77.77777777777779,
First National Bank of Denver,115640.0,682563,"FROST NATIONAL BANK, THE",75.0,
First National Bank of Denver,115640.0,838632,EAGLE NATIONAL BANK OF MIAMI,73.6842105263158,
First National Bank of Fort Smith,71929.0,276579,ZIONS FIRST NATIONAL BANK,75.86206896551724,
First National Bank of Fort Smith,71929.0,379920,FIRST NATIONAL BANK OF PENNSYLVANIA,73.52941176470588,
First National Bank of Fort Smith,71929.0,682563,"FROST NATIONAL BANK, THE",69.23076923076923,
First National Bank of Liberal,104265.0,276579,ZIONS FIRST NATIONAL BANK,76.36363636363637,
First National Bank of Liberal,104265.0,42541,NATIONAL CITY BANK OF THE MIDWEST,74.57627118644068,
First National Bank of Liberal,104265.0,362445,NATIONAL CITY BANK OF INDIANA,74.57627118644068,
First National Bank of Namibia Ltd,149785.0,362445,NATIONAL CITY BANK OF INDIANA,77.96610169491525,
First National Bank of Namibia Ltd,149785.0,276579,ZIONS FIRST NATIONAL BANK,76.36363636363637,
First National Bank of Namibia Ltd,149785.0,42541,NATIONAL CITY BANK OF THE MIDWEST,74.57627118644068,
First National Bank of Oklahoma,114722.0,379920,FIRST NATIONAL BANK OF PENNSYLVANIA,78.78787878787878,
First National Bank of Oklahoma,114722.0,276579,ZIONS FIRST NATIONAL BANK,75.0,
First National Bank of Oklahoma,114722.0,339858,"BANK OF OKLAHOMA, NATIONAL ASSOCIATION",73.52941176470588,
First National Bank of Santa Fe,112687.0,379920,FIRST NATIONAL BANK OF PENNSYLVANIA,81.81818181818181,
First National Bank of Santa Fe,112687.0,276579,ZIONS FIRST NATIONAL BANK,78.57142857142857,
First National Bank of Santa Fe,112687.0,178020,NATIONAL CITY BANK OF PENNSYLVANIA,73.84615384615385,
First National Bank of Shelby,63513.0,276579,ZIONS FIRST NATIONAL BANK,81.4814814814815,
First National Bank of Shelby,63513.0,379920,FIRST NATIONAL BANK OF PENNSYLVANIA,78.125,
First National Bank of Shelby,63513.0,682563,"FROST NATIONAL BANK, THE",75.0,
First National Bank of Southern California,111166.0,167060,FIRST NATIONAL BANK OF NORTHERN CALIFORNIA,88.09523809523809,
First National Bank of Southern California,111166.0,212465,"UNION BANK OF CALIFORNIA, NATIONAL ASSOCIATION",68.96551724137932,
First National Bank of Southern California,111166.0,276579,ZIONS FIRST NATIONAL BANK,65.67164179104478,
First National Bank of St Louis,62891.0,276579,ZIONS FIRST NATIONAL BANK,78.57142857142857,
First National Bank of St Louis,62891.0,42541,NATIONAL CITY BANK OF THE MIDWEST,73.33333333333334,
First National Bank of St Louis,62891.0,379920,FIRST NATIONAL BANK OF PENNSYLVANIA,72.72727272727273,
First National Community Bank,90587.0,63069,CITY NATIONAL BANK,76.59574468085107,
First National Community Bank,90587.0,259518,NATIONAL CITY BANK,76.59574468085107,
First National Community Bank,90587.0,42541,NATIONAL CITY BANK OF THE MIDWEST,75.86206896551724,
First National Denver,126643.0,682563,"FROST NATIONAL BANK, THE",75.0,
First National Denver,126643.0,276579,ZIONS FIRST NATIONAL BANK,69.56521739130434,
First National Denver,126643.0,63069,CITY NATIONAL BANK,66.66666666666667,
First Nations,132344.0,682563,"FROST NATIONAL BANK, THE",68.75,
First Nations,132344.0,276579,ZIONS FIRST NATIONAL BANK,68.42105263157895,
First Northern Bank,112316.0,332907,NORTH FORK BANK,76.47058823529412,
First Northern Bank,112316.0,1718188,NORTHRIM BANK,68.75,
First Northern Bank,112316.0,723112,FIFTH THIRD BANK,68.57142857142857,
First Oklahoma Bank,118327.0,682563,"FROST NATIONAL BANK, THE",68.42105263157895,
First Oklahoma Bank,118327.0,980661,FIRST HAWAIIAN BANK,68.42105263157895,
First Oklahoma Bank,118327.0,1007846,FIRST MIDWEST BANK,64.86486486486487,
First Place Financial Corp,46608.0,4114567,FIRST REPUBLIC BANK,60.0,
First Republic Bank,19895.0,4114567,FIRST REPUBLIC BANK,100.0,
First Republic Bank,19895.0,1007846,FIRST MIDWEST BANK,64.86486486486487,
First Republic Bank,19895.0,980661,FIRST HAWAIIAN BANK,63.1578947368421,
First Savings Bank,69219.0,980661,FIRST HAWAIIAN BANK,75.67567567567568,
First Savings Bank,69219.0,1007846,FIRST MIDWEST BANK,72.22222222222221,
First Savings Bank,69219.0,682563,"FROST NATIONAL BANK, THE",70.27027027027026,
First Savings Bank of Perkasie,55294.0,276579,ZIONS FIRST NATIONAL BANK,61.81818181818181,
First Savings Bank of Perkasie,55294.0,619877,USAA FEDERAL SAVINGS BANK,61.81818181818181,
First Savings Bank of Perkasie,55294.0,980661,FIRST HAWAIIAN BANK,61.224489795918366,
First Secure Bank,164382.0,4114567,FIRST REPUBLIC BANK,72.22222222222221,
First Secure Bank,164382.0,1007846,FIRST MIDWEST BANK,68.57142857142857,
First Secure Bank,164382.0,980661,FIRST HAWAIIAN BANK,61.111111111111114,
First Secure Community Bank,186579.0,1017939,UNITED COMMUNITY BANK,75.0,
First Secure Community Bank,186579.0,44134,FIRST COMMERCIAL BANK,66.66666666666667,
First Secure Community Bank,186579.0,1917301,LAKE FOREST BANK & TRUST COMPANY,61.01694915254237,
First Security Bancorp,134960.0,4114567,FIRST REPUBLIC BANK,63.41463414634146,
First Security Bancorp,134960.0,1007846,FIRST MIDWEST BANK,60.0,
First Security Trust & Savings Bank,160783.0,75633,HARRIS TRUST AND SAVINGS BANK,68.75,
First Security Trust & Savings Bank,160783.0,925411,SUMITOMO TRUST & BANKING CO. (U.S.A.),61.53846153846154,
First Security Trust & Savings Bank,160783.0,491224,FIRST-CITIZENS BANK & TRUST COMPANY,60.0,
First Sentry Bank,121708.0,1007846,FIRST MIDWEST BANK,74.28571428571429,
First Sentry Bank,121708.0,682563,"FROST NATIONAL BANK, THE",66.66666666666667,
First Sentry Bank,121708.0,723112,FIFTH THIRD BANK,66.66666666666667,
First South Bancorp Inc,70290.0,606046,BANCORPSOUTH BANK,66.66666666666667,
First South Bancorp Inc,70290.0,1007846,FIRST MIDWEST BANK,64.86486486486487,
First South Bancorp Inc,70290.0,44134,FIRST COMMERCIAL BANK,60.0,
First South Production Credit Association,82863.0,2362458,"WELLS FARGO BANK SOUTH CENTRAL, NATIONAL ASSOCIATION",63.04347826086957,
First South Production Credit Association,82863.0,165628,"FIRST FINANCIAL BANK, NATIONAL ASSOCIATION",60.97560975609756,
First South Production Credit Association,82863.0,485559,FIRST TENNESSEE BANK NATIONAL ASSOCIATION,60.97560975609756,
First Southern Bank,112669.0,1007846,FIRST MIDWEST BANK,70.27027027027026,
First Southern Bank,112669.0,723112,FIFTH THIRD BANK,68.57142857142857,
First Southern Bank,112669.0,980661,FIRST HAWAIIAN BANK,68.42105263157895,
First State Bank of Illinois,56677.0,1007846,FIRST MIDWEST BANK,60.86956521739131,
First State Bank of Illinois,56677.0,276579,ZIONS FIRST NATIONAL BANK,60.37735849056604,
First State Bank of Illinois,56677.0,379920,FIRST NATIONAL BANK OF PENNSYLVANIA,60.31746031746032,
First State Bank of St Charles,110470.0,5278251,CHARLES SCHWAB TRUST BANK,65.45454545454545,
First State Bank of St Charles,110470.0,1893049,CHARLES SCHWAB SIGNATURE BANK,64.40677966101696,
First State Bank of St Charles,110470.0,310727,CAROLINA FIRST BANK,61.224489795918366,
First State Bank of Uvalde,145957.0,682563,"FROST NATIONAL BANK, THE",62.22222222222222,
First State Bank of Uvalde,145957.0,4114567,FIRST REPUBLIC BANK,62.22222222222222,
First Trust Bank,70880.0,817833,SOUTHTRUST BANK,77.41935483870968,
First Trust Bank,70880.0,1007846,FIRST MIDWEST BANK,76.47058823529412,
First Trust Bank,70880.0,675332,SUNTRUST BANK,75.86206896551724,
First US Bank,157907.0,1007846,FIRST MIDWEST BANK,77.41935483870968,
First US Bank,157907.0,4114567,FIRST REPUBLIC BANK,75.0,
First US Bank,157907.0,3212149,UBS BANK USA,72.0,
First United Bancorporation,69271.0,1017939,UNITED COMMUNITY BANK,62.5,
First United Bancorporation,69271.0,310727,CAROLINA FIRST BANK,60.86956521739131,
First United Bank,187075.0,1007846,FIRST MIDWEST BANK,74.28571428571429,
First United Bank,187075.0,1017939,UNITED COMMUNITY BANK,73.6842105263158,
First United Bank,187075.0,391575,"UNITED FIDELITY BANK, FSB",73.17073170731707,
First Victoria Bank,73847.0,980661,FIRST HAWAIIAN BANK,73.6842105263158,
First Victoria Bank,73847.0,1007846,FIRST MIDWEST BANK,70.27027027027026,
First Victoria Bank,73847.0,682563,"FROST NATIONAL BANK, THE",68.42105263157895,
First Victoria National Bank,110112.0,276579,ZIONS FIRST NATIONAL BANK,83.01886792452831,
First Victoria National Bank,110112.0,682563,"FROST NATIONAL BANK, THE",76.59574468085107,
First Victoria National Bank,110112.0,379920,FIRST NATIONAL BANK OF PENNSYLVANIA,73.01587301587303,
First Virginia Bank,18695.0,980661,FIRST HAWAIIAN BANK,73.6842105263158,
First Virginia Bank,18695.0,682563,"FROST NATIONAL BANK, THE",68.42105263157895,
First Virginia Bank,18695.0,4114567,FIRST REPUBLIC BANK,68.42105263157895,
First Western Bank & Trust,55352.0,1007846,FIRST MIDWEST BANK,68.18181818181819,
First Western Bank & Trust,55352.0,837260,CALIFORNIA BANK & TRUST,61.224489795918366,
First Western Bank & Trust,55352.0,197478,EAST WEST BANK,60.0,
First Western Bank NA,62833.0,1007846,FIRST MIDWEST BANK,83.33333333333334,
First Western Bank NA,62833.0,197478,EAST WEST BANK,75.0,
First Western Bank NA,62833.0,804963,BANK OF THE WEST,73.33333333333334,
First Women's Bank,169719.0,1007846,FIRST MIDWEST BANK,77.77777777777779,
First Women's Bank,169719.0,980661,FIRST HAWAIIAN BANK,70.27027027027026,
First Women's Bank,169719.0,197478,EAST WEST BANK,68.75,
First Womens Bank,73615.0,1007846,FIRST MIDWEST BANK,80.0,
First Womens Bank,73615.0,980661,FIRST HAWAIIAN BANK,72.22222222222221,
First Womens Bank,73615.0,197478,EAST WEST BANK,70.96774193548387,
FirstBank Florida,111795.0,725732,BAC FLORIDA BANK,72.72727272727273,
FirstBank Florida,111795.0,3277876,GREAT FLORIDA BANK,68.57142857142857,
FirstBank Florida,111795.0,510871,FIRSTBANK PUERTO RICO,68.42105263157895,
FirstMerit Bank NA,44947.0,1007846,FIRST MIDWEST BANK,78.78787878787878,
FirstMerit Bank NA,44947.0,978154,STERLING BANK,71.42857142857143,
FirstMerit Bank NA,44947.0,4114567,FIRST REPUBLIC BANK,70.58823529411764,
Firstbank Puerto Rico,21638.0,510871,FIRSTBANK PUERTO RICO,100.0,
Firstbank Puerto Rico,21638.0,816210,BANCO SANTANDER PUERTO RICO,62.5,
Firstbank Puerto Rico,21638.0,940311,BANCO POPULAR DE PUERTO RICO,61.224489795918366,
Firstrust Saving Bank,61726.0,980661,FIRST HAWAIIAN BANK,70.0,
Firstrust Saving Bank,61726.0,682563,"FROST NATIONAL BANK, THE",65.0,
Firstrust Saving Bank,61726.0,4114567,FIRST REPUBLIC BANK,65.0,
Five Star Bank,55354.0,804963,BANK OF THE WEST,69.23076923076923,
Five Star Bank,55354.0,30810,DISCOVER BANK,66.66666666666667,
Five Star Bank,55354.0,723112,FIFTH THIRD BANK,66.66666666666667,
Flagstar Bancorp,108640.0,606046,BANCORPSOUTH BANK,60.60606060606061,
Florida Community Banks Inc,62878.0,1017939,UNITED COMMUNITY BANK,77.27272727272727,
Florida Community Banks Inc,62878.0,874845,LAKE CITY BANK,64.86486486486487,
Florida Community Banks Inc,62878.0,43173,UNITED COMMERCIAL BANK,62.22222222222222,
Flushing Bank,105086.0,978154,STERLING BANK,69.23076923076923,
Flushing Bank,105086.0,1464122,WHITNEY BANK,64.0,
Flushing Bank,105086.0,980661,FIRST HAWAIIAN BANK,62.5,
Foothills Bank,189304.0,332907,NORTH FORK BANK,68.96551724137932,
Foothills Bank,189304.0,167565,"WELLS FARGO BANK, LTD.",66.66666666666667,
Foothills Bank,189304.0,1718188,NORTHRIM BANK,66.66666666666667,
Forest Park Bank & Trust Co,130671.0,1917301,LAKE FOREST BANK & TRUST COMPANY,78.57142857142857,
Forest Park Bank & Trust Co,130671.0,837260,CALIFORNIA BANK & TRUST,72.34042553191489,
Forest Park Bank & Trust Co,130671.0,911807,INVESTORS BANK & TRUST COMPANY,66.66666666666667,
Formation Capital LLC,102475.0,2253891,CAPITAL ONE BANK,60.60606060606061,
Fortress Bank,140257.0,1718188,NORTHRIM BANK,69.23076923076923,
Fortress Bank,140257.0,777366,BANK OF THE ORIENT,66.66666666666667,
Fortress Bank,140257.0,1007846,FIRST MIDWEST BANK,64.51612903225806,
Fortuna Bank,185490.0,777366,BANK OF THE ORIENT,69.23076923076923,
Fortuna Bank,185490.0,332907,NORTH FORK BANK,66.66666666666667,
Fortuna Bank,185490.0,682563,"FROST NATIONAL BANK, THE",64.51612903225806,
Four Corners Community Bank,112707.0,1017939,UNITED COMMUNITY BANK,70.83333333333333,
Four Corners Community Bank,112707.0,320119,ISRAEL DISCOUNT BANK OF NEW YORK,61.01694915254237,
Fox Chase Bank,102926.0,795968,BANK OF HAWAII,64.28571428571428,
Fox Chase Bank,102926.0,595869,CATHAY BANK,64.0,
Fox Chase Bank,102926.0,58243,JOHNSON BANK,61.53846153846154,
Freedom 3 Capital LLC,160810.0,2253891,CAPITAL ONE BANK,60.60606060606061,
Freedom Bank,167728.0,233031,REGIONS BANK,66.66666666666667,
Freedom Bank,167728.0,804208,GREENPOINT BANK,66.66666666666667,
Freedom Bank,167728.0,777366,BANK OF THE ORIENT,61.53846153846154,
Freestar Bank,54468.0,804963,BANK OF THE WEST,72.0,
Freestar Bank,54468.0,197478,EAST WEST BANK,66.66666666666667,
Freestar Bank,54468.0,777366,BANK OF THE ORIENT,66.66666666666667,
Frost National Bank,43872.0,682563,"FROST NATIONAL BANK, THE",100.0,
Frost National Bank,43872.0,76201,FLEET NATIONAL BANK,84.21052631578947,
Frost National Bank,43872.0,276579,ZIONS FIRST NATIONAL BANK,81.81818181818181,
Fulton Bank,51668.0,934329,"MELLON BANK, N.A.",72.72727272727273,
Fulton Bank,51668.0,76201,FLEET NATIONAL BANK,66.66666666666667,
Fulton Bank,51668.0,777366,BANK OF THE ORIENT,64.0,
GBC Bancorp,24039.0,606046,BANCORPSOUTH BANK,64.28571428571428,
GE Capital Canada,75370.0,2253891,CAPITAL ONE BANK,72.72727272727273,
GE Capital Commercial Finance Inc,81850.0,44134,FIRST COMMERCIAL BANK,60.0,
GE Capital Financial Inc,110009.0,526452,1ST FINANCIAL BANK USA,61.904761904761905,
GE Capital Financial Inc,110009.0,163473,CITIZENS FINANCIAL BANK,60.46511627906976,
GSO Capital Partners LP,,2253891,CAPITAL ONE BANK,61.111111111111114,
Garrison Capital Inc,116982.0,2253891,CAPITAL ONE BANK,62.5,
Gateway Bank & Trust Co,56451.0,837260,CALIFORNIA BANK & TRUST,69.76744186046511,
Gateway Bank & Trust Co,56451.0,5278251,CHARLES SCHWAB TRUST BANK,66.66666666666667,
Gateway Bank & Trust Co,56451.0,342634,TRUSTMARK NATIONAL BANK,65.11627906976744,
Gateway First Bank,167539.0,980661,FIRST HAWAIIAN BANK,75.67567567567568,
Gateway First Bank,167539.0,682563,"FROST NATIONAL BANK, THE",70.27027027027026,
Gateway First Bank,167539.0,1007846,FIRST MIDWEST BANK,66.66666666666667,
General Bank,73042.0,783648,CENTIER BANK,75.0,
General Bank,73042.0,538802,INTERAUDI BANK,69.23076923076923,
General Bank,73042.0,1494240,RBC CENTURA BANK,64.28571428571428,
General Bank of Canada,158942.0,362445,NATIONAL CITY BANK OF INDIANA,62.745098039215684,
General Bank of Canada,158942.0,208244,OLD NATIONAL BANK,61.53846153846154,
General Bank of Canada,158942.0,266271,TCF NATIONAL BANK,61.53846153846154,
Generate Capital Inc,124520.0,2253891,CAPITAL ONE BANK,62.5,
Georgia Banking Co,160584.0,60143,COMERICA BANK,64.28571428571428,
Georgia Banking Co,160584.0,538802,INTERAUDI BANK,62.06896551724138,
Georgia Banking Co,160584.0,804208,GREENPOINT BANK,60.0,
Gibsland Bank & Trust,144519.0,675332,SUNTRUST BANK,70.58823529411764,
Gibsland Bank & Trust,144519.0,837260,CALIFORNIA BANK & TRUST,68.18181818181819,
Gibsland Bank & Trust,144519.0,75633,HARRIS TRUST AND SAVINGS BANK,64.0,
Glacier Bank,140129.0,783648,CENTIER BANK,75.0,
Glacier Bank,140129.0,2950677,CIT BANK,70.0,
Glacier Bank,140129.0,3783313,CROSS RIVER BANK,64.28571428571428,
Gladstone Capital Corp,51716.0,2253891,CAPITAL ONE BANK,66.66666666666667,
Glenview State Bank,78965.0,101019,BANK LEUMI USA,66.66666666666667,
Glenview State Bank,78965.0,1456501,"MORGAN STANLEY BANK, N.A.",63.1578947368421,
Global Bankers Capital,138782.0,2253891,CAPITAL ONE BANK,73.6842105263158,
Global Bankers Capital,138782.0,208244,OLD NATIONAL BANK,61.53846153846154,
Global Bankers Capital,138782.0,874845,LAKE CITY BANK,61.111111111111114,
Golden Bank NA,169230.0,612618,"PROVIDENT BANK, THE",72.0,
Golden Bank NA,169230.0,233031,REGIONS BANK,69.56521739130434,
Golden Bank NA,169230.0,777366,BANK OF THE ORIENT,64.0,
Goldman Sachs & Co,43219.0,2182786,GOLDMAN SACHS BANK USA,75.67567567567568,
Goldman Sachs Alternatives,179856.0,2182786,GOLDMAN SACHS BANK USA,66.66666666666667,
Goldman Sachs BDC Inc,110599.0,2182786,GOLDMAN SACHS BANK USA,76.92307692307692,
Golub Capital BDC Inc,157177.0,2253891,CAPITAL ONE BANK,66.66666666666667,
Golub Capital Inc,71915.0,2253891,CAPITAL ONE BANK,62.06896551724138,
Grandpoint Bank,56462.0,804208,GREENPOINT BANK,86.66666666666667,
Grandpoint Bank,56462.0,612618,"PROVIDENT BANK, THE",68.96551724137932,
Grandpoint Bank,56462.0,538802,INTERAUDI BANK,62.06896551724138,
Grasshopper Bank NA,163300.0,3783313,CROSS RIVER BANK,62.5,
Grasshopper Bank NA,163300.0,30810,DISCOVER BANK,62.06896551724138,
Great American Corp,144462.0,1160732,SUN AMERICAN BANK,64.51612903225806,
Great American Corp,144462.0,3277876,GREAT FLORIDA BANK,62.5,
Great American Corp,144462.0,245016,HABIB AMERICAN BANK,60.60606060606061,
Great American Financial Services,85709.0,2700984,WRIGHT EXPRESS FINANCIAL SERVICES CORPORATION,63.63636363636363,
Great American Insurance Co,53104.0,1160732,SUN AMERICAN BANK,68.29268292682926,
Great American Insurance Co,53104.0,714811,"CHINESE AMERICAN BANK, THE",66.66666666666667,
Great American Lending,124615.0,1160732,SUN AMERICAN BANK,61.53846153846154,
Great American Lending,124615.0,714811,"CHINESE AMERICAN BANK, THE",60.46511627906976,
Great American Life Insurance Co,51659.0,1160732,SUN AMERICAN BANK,60.86956521739131,
Great American Life Insurance Co,51659.0,714811,"CHINESE AMERICAN BANK, THE",60.0,
Great Southern Bank,54505.0,197478,EAST WEST BANK,66.66666666666667,
Great Southern Bank,54505.0,817833,SOUTHTRUST BANK,64.70588235294117,
Great Southern Bank,54505.0,64619,STERLING NATIONAL BANK,63.41463414634146,
Great Western Bank,73969.0,197478,EAST WEST BANK,81.25,
Great Western Bank,73969.0,804963,BANK OF THE WEST,66.66666666666667,
Great Western Bank,73969.0,1007846,FIRST MIDWEST BANK,66.66666666666667,
Green Bank,57074.0,804208,GREENPOINT BANK,80.0,
Green Bank,57074.0,233031,REGIONS BANK,72.72727272727273,
Green Bank,57074.0,612618,"PROVIDENT BANK, THE",66.66666666666667,
Greenstone Capital,78605.0,2253891,CAPITAL ONE BANK,64.70588235294117,
Greenwoods State Bank,140592.0,804208,GREENPOINT BANK,66.66666666666667,
Greenwoods State Bank,140592.0,1456501,"MORGAN STANLEY BANK, N.A.",60.0,
Gulf Bank KSCP,191140.0,711472,BANK OF GUAM,61.53846153846154,
Gulf Bank KSCP,191140.0,804963,BANK OF THE WEST,61.53846153846154,
Gulf Bank KSCP,191140.0,3212149,UBS BANK USA,61.53846153846154,
Gulf Capital Bank,158704.0,2253891,CAPITAL ONE BANK,78.78787878787878,
Gulf Capital Bank,158704.0,637451,PLAINSCAPITAL BANK,68.57142857142857,
Gulf Capital Bank,158704.0,208244,OLD NATIONAL BANK,64.70588235294117,
HSBC Bank Oman SAOG,143798.0,697633,COMPASS BANK,64.51612903225806,
HSBC Bank Oman SAOG,143798.0,2502656,USAA SAVINGS BANK,61.111111111111114,
HSBC Bank Oman SAOG,143798.0,3402913,BANESCO USA,60.0,
Hainan Rural Commercial Bank,183335.0,44134,FIRST COMMERCIAL BANK,73.46938775510203,
Hainan Rural Commercial Bank,183335.0,43173,UNITED COMMERCIAL BANK,68.0,
Hainan Rural Commercial Bank,183335.0,619877,USAA FEDERAL SAVINGS BANK,60.37735849056604,
Hamburg Commercial Bank AG,145967.0,44134,FIRST COMMERCIAL BANK,72.34042553191489,
Hamburg Commercial Bank AG,145967.0,43173,UNITED COMMERCIAL BANK,70.83333333333333,
Hamburg Commercial Bank AG,145967.0,60143,COMERICA BANK,61.53846153846154,
Hamilton State Bank,125700.0,1456501,"MORGAN STANLEY BANK, N.A.",68.42105263157895,
Hamilton State Bank,125700.0,1464122,WHITNEY BANK,64.51612903225806,
Hamilton State Bank,125700.0,64619,STERLING NATIONAL BANK,63.41463414634146,
Hancock Bank,77767.0,463735,HANCOCK BANK,100.0,
Hancock Bank,77767.0,58243,JOHNSON BANK,66.66666666666667,
Hancock Bank,77767.0,60143,COMERICA BANK,64.0,
Hancock Whitney Bank,142472.0,463735,HANCOCK BANK,75.0,
Hancock Whitney Bank,142472.0,1464122,WHITNEY BANK,75.0,
Hancock Whitney Bank,142472.0,873138,WHITNEY NATIONAL BANK,73.17073170731707,
Hanwha International LLC,184220.0,564557,FALCON INTERNATIONAL BANK,75.55555555555556,
Hanwha International LLC,184220.0,867632,INTERNATIONAL FINANCE BANK,73.91304347826086,
Hanwha International LLC,184220.0,63069,CITY NATIONAL BANK,68.42105263157895,
Harbor Bank,54575.0,463735,HANCOCK BANK,69.56521739130434,
Harbor Bank,54575.0,795968,BANK OF HAWAII,64.0,
Harbor Bank,54575.0,1216022,SYNCHRONY BANK,64.0,
HarborOne Bank,136911.0,1216022,SYNCHRONY BANK,64.28571428571428,
HarborOne Bank,136911.0,58243,JOHNSON BANK,61.53846153846154,
HarborOne Bank,136911.0,233031,REGIONS BANK,61.53846153846154,
Harford Bank,142833.0,463735,HANCOCK BANK,66.66666666666667,
Harford Bank,142833.0,725732,BAC FLORIDA BANK,64.28571428571428,
Harford Bank,142833.0,612618,"PROVIDENT BANK, THE",61.53846153846154,
Harvest Partners,54702.0,311845,ARVEST BANK,66.66666666666667,
Hastings City Bank,75372.0,63069,CITY NATIONAL BANK,77.77777777777779,
Hastings City Bank,75372.0,259518,NATIONAL CITY BANK,77.77777777777779,
Hastings City Bank,75372.0,874845,LAKE CITY BANK,68.75,
Hawthorn Bank,144004.0,595869,CATHAY BANK,66.66666666666667,
Hawthorn Bank,144004.0,795968,BANK OF HAWAII,66.66666666666667,
Hawthorn Bank,144004.0,58243,JOHNSON BANK,64.0,
Heartland Bank,51392.0,978154,STERLING BANK,66.66666666666667,
Heartland Bank,51392.0,538802,INTERAUDI BANK,64.28571428571428,
Heartland Bank,51392.0,595869,CATHAY BANK,64.0,
Heritage Bank SSB,75373.0,1464122,WHITNEY BANK,62.06896551724138,
Heritage Bank SSB,75373.0,729132,ESPIRITO SANTO BANK,61.111111111111114,
Heritage Bank SSB,75373.0,3150447,CHARLES SCHWAB BANK,61.111111111111114,
Heritage Bankshares Inc,63960.0,3150447,CHARLES SCHWAB BANK,63.1578947368421,
Heritage Southeast Bank,163949.0,197478,EAST WEST BANK,64.86486486486487,
Heritage Southeast Bank,163949.0,817833,SOUTHTRUST BANK,63.1578947368421,
Heritage Southeast Bank,163949.0,729132,ESPIRITO SANTO BANK,61.904761904761905,
Hickory Point Bank & Trust,89638.0,911807,INVESTORS BANK & TRUST COMPANY,71.42857142857143,
Hickory Point Bank & Trust,89638.0,837260,CALIFORNIA BANK & TRUST,69.38775510204081,
Hickory Point Bank & Trust,89638.0,1917301,LAKE FOREST BANK & TRUST COMPANY,65.51724137931035,
High Point Bank & Trust Co,59598.0,837260,CALIFORNIA BANK & TRUST,69.56521739130434,
High Point Bank & Trust Co,59598.0,75633,HARRIS TRUST AND SAVINGS BANK,65.38461538461539,
High Point Bank & Trust Co,59598.0,911807,INVESTORS BANK & TRUST COMPANY,64.15094339622642,
Highland Bank,112167.0,463735,HANCOCK BANK,64.0,
Highland Bank,112167.0,1464122,WHITNEY BANK,64.0,
Hillcrest Bank,60848.0,2950677,CIT BANK,63.63636363636363,
Hillcrest Bank,60848.0,1007846,FIRST MIDWEST BANK,62.5,
Hillcrest Bank,60848.0,817833,SOUTHTRUST BANK,62.06896551724138,
Hinsdale Bank,73246.0,1464122,WHITNEY BANK,72.0,
Hinsdale Bank,73246.0,637451,PLAINSCAPITAL BANK,64.51612903225806,
Hinsdale Bank,73246.0,58243,JOHNSON BANK,64.0,
Hitachi Capital America Corp,115589.0,245016,HABIB AMERICAN BANK,61.904761904761905,
Home BancShares Inc,174829.0,3150447,CHARLES SCHWAB BANK,64.70588235294117,
Home Savings Bank,127337.0,2502656,USAA SAVINGS BANK,70.58823529411764,
Home Savings Bank,127337.0,619877,USAA FEDERAL SAVINGS BANK,66.66666666666667,
Home Savings Bank,127337.0,233031,REGIONS BANK,62.06896551724138,
Home State Bank of Kansas City,81799.0,42541,NATIONAL CITY BANK OF THE MIDWEST,64.40677966101696,
Home State Bank of Kansas City,81799.0,374149,NATIONAL CITY BANK OF KENTUCKY,60.0,
HomeStreet Bank,127948.0,197478,EAST WEST BANK,68.96551724137932,
HomeStreet Bank,127948.0,804963,BANK OF THE WEST,66.66666666666667,
HomeStreet Bank,127948.0,60143,COMERICA BANK,64.28571428571428,
HomeTrust Bank,150365.0,817833,SOUTHTRUST BANK,75.86206896551724,
HomeTrust Bank,150365.0,675332,SUNTRUST BANK,74.07407407407408,
HomeTrust Bank,150365.0,804963,BANK OF THE WEST,69.23076923076923,
Honda Financial Services,116469.0,2700984,WRIGHT EXPRESS FINANCIAL SERVICES CORPORATION,63.1578947368421,
Honesdale National Bank,60812.0,171133,EASTERN NATIONAL BANK,77.27272727272727,
Honesdale National Bank,60812.0,747435,"HEMISPHERE NATIONAL BANK, THE",76.59574468085107,
Honesdale National Bank,60812.0,76201,FLEET NATIONAL BANK,76.19047619047619,
Horizon Bank,52886.0,233031,REGIONS BANK,75.0,
Horizon Bank,52886.0,56557,COBIZ BANK,72.72727272727273,
Horizon Bank,52886.0,777366,BANK OF THE ORIENT,69.23076923076923,
Household International Inc,15781.0,564557,FALCON INTERNATIONAL BANK,62.5,
Household International Inc,15781.0,867632,INTERNATIONAL FINANCE BANK,61.224489795918366,
Howard Bank,49665.0,795968,BANK OF HAWAII,64.0,
Howard Bank,49665.0,595869,CATHAY BANK,63.63636363636363,
Howard Bank,49665.0,66015,BPD BANK,63.1578947368421,
Hudson Valley Bank,56596.0,802866,SILICON VALLEY BANK,81.08108108108108,
Hudson Valley Bank,56596.0,229801,VALLEY NATIONAL BANK,73.6842105263158,
Hudson Valley Bank,56596.0,1456501,"MORGAN STANLEY BANK, N.A.",64.86486486486487,
Huntington Bancshares,17317.0,12311,"HUNTINGTON NATIONAL BANK, THE",62.22222222222222,
Hyden Citizens Bank,142593.0,163473,CITIZENS FINANCIAL BANK,71.42857142857143,
Hyden Citizens Bank,142593.0,3041974,CITIZENS BANK OF PENNSYLVANIA,66.66666666666667,
Hyden Citizens Bank,142593.0,14409,CITIZENS BANK OF MASSACHUSETTS,65.3061224489796,
Hyperion Bank,54533.0,233031,REGIONS BANK,72.0,
Hyperion Bank,54533.0,978154,STERLING BANK,69.23076923076923,
Hyperion Bank,54533.0,612618,"PROVIDENT BANK, THE",66.66666666666667,
ICF Bank AG,156330.0,2950677,CIT BANK,63.1578947368421,
ICF Bank AG,156330.0,810900,"ASIA BANK, N.A.",60.0,
ICF Bank AG,156330.0,3284070,ALLY BANK,60.0,
ICF International,52664.0,867632,INTERNATIONAL FINANCE BANK,74.4186046511628,
ICF International,52664.0,564557,FALCON INTERNATIONAL BANK,71.42857142857143,
ICF International,52664.0,171133,EASTERN NATIONAL BANK,63.1578947368421,
ICON Capital Corp,46174.0,2253891,CAPITAL ONE BANK,71.42857142857143,
INB National Bank,76159.0,63069,CITY NATIONAL BANK,85.71428571428572,
INB National Bank,76159.0,259518,NATIONAL CITY BANK,85.71428571428572,
INB National Bank,76159.0,112837,HIBERNIA NATIONAL BANK,82.05128205128204,
INSBank,179139.0,476810,"CITIBANK, N.A.",66.66666666666667,
INSBank,179139.0,810900,"ASIA BANK, N.A.",62.5,
ISF Bank,136556.0,2950677,CIT BANK,75.0,
ISF Bank,136556.0,233031,REGIONS BANK,70.0,
ISF Bank,136556.0,30810,DISCOVER BANK,66.66666666666667,
IberiaBank,47387.0,476810,"CITIBANK, N.A.",66.66666666666667,
IberiaBank,47387.0,810900,"ASIA BANK, N.A.",63.1578947368421,
Illimity Bank SpA,145052.0,101019,BANK LEUMI USA,70.96774193548387,
Illimity Bank SpA,145052.0,874845,LAKE CITY BANK,64.51612903225806,
Illimity Bank SpA,145052.0,729132,ESPIRITO SANTO BANK,61.111111111111114,
Illini Bank,102970.0,934329,"MELLON BANK, N.A.",72.72727272727273,
Illini Bank,102970.0,978154,STERLING BANK,66.66666666666667,
Illini Bank,102970.0,538802,INTERAUDI BANK,64.0,
Illinois Bank & Trust,136120.0,837260,CALIFORNIA BANK & TRUST,77.27272727272727,
Illinois Bank & Trust,136120.0,911807,INVESTORS BANK & TRUST COMPANY,66.66666666666667,
Illinois Bank & Trust,136120.0,675332,SUNTRUST BANK,64.70588235294117,
Illinois National Bank,63256.0,2132941,"NATIONAL BANK OF INDIANAPOLIS, THE",78.43137254901961,
Illinois National Bank,63256.0,682563,"FROST NATIONAL BANK, THE",78.04878048780488,
Illinois National Bank,63256.0,112837,HIBERNIA NATIONAL BANK,77.27272727272727,
Imex Banka,147380.0,934329,"MELLON BANK, N.A.",66.66666666666667,
Imex Banka,147380.0,2950677,CIT BANK,66.66666666666667,
Imex Banka,147380.0,783648,CENTIER BANK,63.63636363636363,
Inchon Mutual Savings Bank,111423.0,64619,STERLING NATIONAL BANK,62.5,
Independent Bank Corp,164541.0,612618,"PROVIDENT BANK, THE",66.66666666666667,
Independent Bank Corp,164541.0,804208,GREENPOINT BANK,64.51612903225806,
Independent Bank Corp,164541.0,538802,INTERAUDI BANK,60.0,
Independent Bank Group Inc,121349.0,612618,"PROVIDENT BANK, THE",66.66666666666667,
Independent Bank Group Inc,121349.0,804208,GREENPOINT BANK,64.86486486486487,
Independent Bank Group Inc,121349.0,777366,BANK OF THE ORIENT,61.111111111111114,
Industrial Bank of Washington,88989.0,873138,WHITNEY NATIONAL BANK,64.0,
Industrial Bank of Washington,88989.0,1198641,"COMMERCE BANK OF WASHINGTON, NATIONAL ASSOCIATION, THE",62.33766233766234,
Industrial Development Bank,60425.0,3382547,DEPARTMENT STORES NATIONAL BANK,62.06896551724138,
Industrial Development Bank,60425.0,564557,FALCON INTERNATIONAL BANK,61.53846153846154,
Industrial Development Bank,60425.0,76201,FLEET NATIONAL BANK,60.86956521739131,
Inez Deposit Bank,142594.0,2253891,CAPITAL ONE BANK,66.66666666666667,
Inez Deposit Bank,142594.0,197478,EAST WEST BANK,64.51612903225806,
Inez Deposit Bank,142594.0,804208,GREENPOINT BANK,62.5,
Inland Bank,114673.0,538802,INTERAUDI BANK,72.0,
Inland Bank,114673.0,208244,OLD NATIONAL BANK,64.28571428571428,
Inland Bank,114673.0,874845,LAKE CITY BANK,64.0,
Integra Bank,46852.0,538802,INTERAUDI BANK,84.61538461538461,
Integra Bank,46852.0,783648,CENTIER BANK,75.0,
Integra Bank,46852.0,2950677,CIT BANK,70.0,
Integrity Bank Plus,81288.0,3146150,U.S. CENTURY BANK,70.58823529411764,
Integrity Bank Plus,81288.0,538802,INTERAUDI BANK,66.66666666666667,
Integrity Bank Plus,81288.0,675332,SUNTRUST BANK,62.5,
Inter-American Development Bank,48190.0,564557,FALCON INTERNATIONAL BANK,60.71428571428572,
Interbank,153888.0,476810,"CITIBANK, N.A.",70.58823529411764,
International Assets Holding Corp [INTL],31028.0,666031,"INTERNATIONAL BANK OF MIAMI, NATIONAL ASSOCIATION, THE",60.24096385542168,
International Assets Holding Corp [INTL],31028.0,564557,FALCON INTERNATIONAL BANK,60.0,
International Bank for Economic Cooperation,61474.0,564557,FALCON INTERNATIONAL BANK,67.64705882352942,
International Bank for Economic Cooperation,61474.0,867632,INTERNATIONAL FINANCE BANK,66.66666666666667,
International Bank for Economic Cooperation,61474.0,676160,FAR EAST NATIONAL BANK,61.53846153846154,
International Development Bank,83603.0,564557,FALCON INTERNATIONAL BANK,80.0,
International Development Bank,83603.0,867632,INTERNATIONAL FINANCE BANK,71.42857142857143,
International Development Bank,83603.0,76201,FLEET NATIONAL BANK,69.38775510204081,
International Finance Bank,132419.0,867632,INTERNATIONAL FINANCE BANK,100.0,
International Finance Bank,132419.0,564557,FALCON INTERNATIONAL BANK,86.27450980392157,
International Finance Bank,132419.0,63069,CITY NATIONAL BANK,72.72727272727273,
International Finance Corporation(IFC),153150.0,867632,INTERNATIONAL FINANCE BANK,75.0,
International Finance Corporation(IFC),153150.0,564557,FALCON INTERNATIONAL BANK,63.49206349206349,
International Finance Corporation(IFC),153150.0,160614,FIDUCIARY TRUST COMPANY INTERNATIONAL,61.33333333333333,
International Transport Finance,83683.0,867632,INTERNATIONAL FINANCE BANK,73.6842105263158,
International Transport Finance,83683.0,160614,FIDUCIARY TRUST COMPANY INTERNATIONAL,64.70588235294117,
International Transport Finance,83683.0,2736219,"TRANSPORTATION ALLIANCE BANK, INC.",61.01694915254237,
Internationale Nederlanden Bank NV,32024.0,64619,STERLING NATIONAL BANK,64.28571428571428,
Internationale Nederlanden Bank NV,32024.0,208244,OLD NATIONAL BANK,62.745098039215684,
Internationale Nederlanden Bank NV,32024.0,564557,FALCON INTERNATIONAL BANK,61.01694915254237,
Intesa Sanpaolo Bank Ireland,145887.0,163473,CITIZENS FINANCIAL BANK,62.745098039215684,
Intrust Bank,51999.0,675332,SUNTRUST BANK,88.0,
Intrust Bank,51999.0,538802,INTERAUDI BANK,76.92307692307692,
Intrust Bank,51999.0,817833,SOUTHTRUST BANK,74.07407407407408,
Investar Bank,145590.0,30810,DISCOVER BANK,69.23076923076923,
Investar Bank,145590.0,538802,INTERAUDI BANK,66.66666666666667,
Investar Bank,145590.0,2950677,CIT BANK,66.66666666666667,
Investors Bank & Trust Co,50765.0,911807,INVESTORS BANK & TRUST COMPANY,84.61538461538461,
Investors Bank & Trust Co,50765.0,837260,CALIFORNIA BANK & TRUST,71.11111111111111,
Investors Bank & Trust Co,50765.0,925411,SUMITOMO TRUST & BANKING CO. (U.S.A.),65.38461538461539,
Inwood National Bank,121472.0,63069,CITY NATIONAL BANK,78.94736842105263,
Inwood National Bank,121472.0,259518,NATIONAL CITY BANK,78.94736842105263,
Inwood National Bank,121472.0,12311,"HUNTINGTON NATIONAL BANK, THE",77.27272727272727,
Isabella Bank,103995.0,934329,"MELLON BANK, N.A.",66.66666666666667,
Isabella Bank,103995.0,167565,"WELLS FARGO BANK, LTD.",62.06896551724138,
Isabella Bank,103995.0,30810,DISCOVER BANK,61.53846153846154,
Ixonia State Bank,128333.0,64619,STERLING NATIONAL BANK,66.66666666666667,
Ixonia State Bank,128333.0,1456501,"MORGAN STANLEY BANK, N.A.",66.66666666666667,
Ixonia State Bank,128333.0,342634,TRUSTMARK NATIONAL BANK,65.0,
Jefferson Bank,53345.0,58243,JOHNSON BANK,69.23076923076923,
Jefferson Bank,53345.0,934329,"MELLON BANK, N.A.",64.0,
Jefferson Bank,53345.0,804208,GREENPOINT BANK,62.06896551724138,
Jio Financial Services Ltd,188123.0,2700984,WRIGHT EXPRESS FINANCIAL SERVICES CORPORATION,65.45454545454545,
Juniata Valley  Bank,111463.0,229801,VALLEY NATIONAL BANK,82.05128205128204,
Juniata Valley  Bank,111463.0,802866,SILICON VALLEY BANK,68.42105263157895,
Juniata Valley  Bank,111463.0,208244,OLD NATIONAL BANK,61.111111111111114,
KB Alloys,2683.0,3284070,ALLY BANK,66.66666666666667,
KCB Bank Kenya Ltd,164591.0,874845,LAKE CITY BANK,64.28571428571428,
KCB Bank Kenya Ltd,164591.0,3146150,U.S. CENTURY BANK,62.06896551724138,
KCB Bank Kenya Ltd,164591.0,783648,CENTIER BANK,61.53846153846154,
KSB Bank,115458.0,66015,BPD BANK,75.0,
KSB Bank,115458.0,56557,COBIZ BANK,66.66666666666667,
KSB Bank,115458.0,2950677,CIT BANK,62.5,
Karlovacka Banka,147400.0,463735,HANCOCK BANK,64.28571428571428,
Kayne Anderson Capital,84307.0,2253891,CAPITAL ONE BANK,68.42105263157895,
Kentucky Farmers Bank,142592.0,4114567,FIRST REPUBLIC BANK,60.0,
KeyBank,51838.0,3284070,ALLY BANK,62.5,
Kirkpatrick Bank,136407.0,4114567,FIRST REPUBLIC BANK,62.857142857142854,
Kirkpatrick Bank,136407.0,1718188,NORTHRIM BANK,62.06896551724138,
Kirkpatrick Bank,136407.0,538802,INTERAUDI BANK,60.0,
Kish Bank,157789.0,2950677,CIT BANK,70.58823529411764,
Kish Bank,157789.0,233031,REGIONS BANK,66.66666666666667,
Kish Bank,157789.0,30810,DISCOVER BANK,63.63636363636363,
Kleberg Bank,145939.0,783648,CENTIER BANK,66.66666666666667,
Kleberg Bank,145939.0,978154,STERLING BANK,64.0,
Kleberg Bank,145939.0,66015,BPD BANK,60.0,
Klein Bank,130992.0,233031,REGIONS BANK,72.72727272727273,
Klein Bank,130992.0,978154,STERLING BANK,69.56521739130434,
Klein Bank,130992.0,101019,BANK LEUMI USA,66.66666666666667,
Knuru Capital,163294.0,2253891,CAPITAL ONE BANK,62.06896551724138,
Kofuku Bank,16684.0,817833,SOUTHTRUST BANK,61.53846153846154,
Kofuku Bank,16684.0,463735,HANCOCK BANK,60.86956521739131,
Kofuku Bank,16684.0,711472,BANK OF GUAM,60.86956521739131,
Kohlberg Capital Corp,103134.0,2253891,CAPITAL ONE BANK,62.5,
Kreiss Bank,31808.0,233031,REGIONS BANK,78.26086956521739,
Kreiss Bank,31808.0,101019,BANK LEUMI USA,64.0,
Kreiss Bank,31808.0,197478,EAST WEST BANK,64.0,
LCA Bank Corp,174404.0,2950677,CIT BANK,75.0,
LCA Bank Corp,174404.0,595869,CATHAY BANK,73.6842105263158,
LCA Bank Corp,174404.0,697633,COMPASS BANK,70.0,
LCNB National Bank,163940.0,63069,CITY NATIONAL BANK,83.33333333333334,
LCNB National Bank,163940.0,259518,NATIONAL CITY BANK,83.33333333333334,
LCNB National Bank,163940.0,76201,FLEET NATIONAL BANK,81.08108108108108,
LHV Bank AS,142655.0,810900,"ASIA BANK, N.A.",70.0,
LHV Bank AS,142655.0,311845,ARVEST BANK,63.63636363636363,
LHV Bank AS,142655.0,245333,AMSOUTH BANK,60.86956521739131,
Lafayette Bank & Trust,55555.0,837260,CALIFORNIA BANK & TRUST,71.11111111111111,
Lafayette Bank & Trust,55555.0,1917301,LAKE FOREST BANK & TRUST COMPANY,66.66666666666667,
Lafayette Bank & Trust,55555.0,911807,INVESTORS BANK & TRUST COMPANY,65.38461538461539,
Lakeland Bank,146916.0,874845,LAKE CITY BANK,66.66666666666667,
Lakeland Bank,146916.0,934329,"MELLON BANK, N.A.",66.66666666666667,
Lakeland Bank,146916.0,978154,STERLING BANK,61.53846153846154,
Lakeside Bank,160786.0,874845,LAKE CITY BANK,66.66666666666667,
Lakeside Bank,160786.0,783648,CENTIER BANK,64.0,
Lakeside Bank,160786.0,613307,PEOPLE'S UNITED BANK,60.60606060606061,
Lank Bank of Taiwan,186576.0,777366,BANK OF THE ORIENT,60.60606060606061,
Lazard Bank Ltd,60505.0,595869,CATHAY BANK,63.63636363636363,
Lazard Bank Ltd,60505.0,66015,BPD BANK,63.1578947368421,
Lea County State Bank,134415.0,874845,LAKE CITY BANK,68.57142857142857,
Lea County State Bank,134415.0,1017939,UNITED COMMUNITY BANK,66.66666666666667,
Lea County State Bank,134415.0,63069,CITY NATIONAL BANK,61.53846153846154,
Leaders Bank,52630.0,197478,EAST WEST BANK,69.23076923076923,
Leaders Bank,52630.0,783648,CENTIER BANK,66.66666666666667,
Leaders Bank,52630.0,30810,DISCOVER BANK,64.0,
Legacy Bank,50550.0,101019,BANK LEUMI USA,64.0,
Legacy Bank,50550.0,595869,CATHAY BANK,63.63636363636363,
Legacy Bank,50550.0,2950677,CIT BANK,63.1578947368421,
Legence Bank,111689.0,233031,REGIONS BANK,66.66666666666667,
Legence Bank,111689.0,783648,CENTIER BANK,66.66666666666667,
Legence Bank,111689.0,934329,"MELLON BANK, N.A.",60.86956521739131,
Liberty Bank,45264.0,2950677,CIT BANK,70.0,
Liberty Bank,45264.0,783648,CENTIER BANK,66.66666666666667,
Liberty Bank,45264.0,1464122,WHITNEY BANK,66.66666666666667,
Life Insurance Co of the Southwest,52560.0,676656,"SOUTHWEST BANK OF TEXAS, N.A.",60.0,
Limestone Bank Inc,79526.0,934329,"MELLON BANK, N.A.",72.0,
Limestone Bank Inc,79526.0,1464122,WHITNEY BANK,69.23076923076923,
Limestone Bank Inc,79526.0,30810,DISCOVER BANK,66.66666666666667,
Lincoln Bank,52486.0,934329,"MELLON BANK, N.A.",69.56521739130434,
Lincoln Bank,52486.0,1216022,SYNCHRONY BANK,69.23076923076923,
Lincoln Bank,52486.0,58243,JOHNSON BANK,66.66666666666667,
Lincoln National Life Insurance Co,53495.0,564557,FALCON INTERNATIONAL BANK,60.71428571428572,
Linden Capital LP,59140.0,2253891,CAPITAL ONE BANK,66.66666666666667,
Live Oak Bank,142907.0,101019,BANK LEUMI USA,66.66666666666667,
Live Oak Bank,142907.0,874845,LAKE CITY BANK,66.66666666666667,
Live Oak Bank,142907.0,76201,FLEET NATIONAL BANK,62.5,
Loan Star State Trust,83652.0,5278251,CHARLES SCHWAB TRUST BANK,60.86956521739131,
Loan Star State Trust,83652.0,35301,STATE STREET BANK AND TRUST COMPANY,60.71428571428572,
Loan Star State Trust,83652.0,210434,"NORTHERN TRUST COMPANY, THE",60.46511627906976,
Logan Bank & Trust,87517.0,837260,CALIFORNIA BANK & TRUST,78.04878048780488,
Logan Bank & Trust,87517.0,675332,SUNTRUST BANK,70.96774193548387,
Logan Bank & Trust,87517.0,817833,SOUTHTRUST BANK,66.66666666666667,
Lone Star Bank,62714.0,101019,BANK LEUMI USA,71.42857142857143,
Lone Star Bank,62714.0,804963,BANK OF THE WEST,69.23076923076923,
Lone Star Bank,62714.0,1456501,"MORGAN STANLEY BANK, N.A.",66.66666666666667,
Los Alamos National Bank,133881.0,682563,"FROST NATIONAL BANK, THE",74.4186046511628,
Los Alamos National Bank,133881.0,455534,LASALLE BANK NATIONAL ASSOCIATION,70.17543859649122,
Los Alamos National Bank,133881.0,76201,FLEET NATIONAL BANK,69.76744186046511,
Luther Burbank Savings,127251.0,619877,USAA FEDERAL SAVINGS BANK,63.829787234042556,
Luther Burbank Savings,127251.0,978154,STERLING BANK,62.857142857142854,
Luther Burbank Savings,127251.0,2502656,USAA SAVINGS BANK,61.53846153846154,
Luxor Capital LLC,74156.0,2253891,CAPITAL ONE BANK,62.06896551724138,
M&T Bank,48436.0,2950677,CIT BANK,75.0,
M&T Bank,48436.0,595869,CATHAY BANK,63.1578947368421,
M&T Bank,48436.0,934329,"MELLON BANK, N.A.",63.1578947368421,
MBank Alamo,88819.0,810900,"ASIA BANK, N.A.",70.0,
MBank Alamo,88819.0,3284070,ALLY BANK,70.0,
MBank Alamo,88819.0,245333,AMSOUTH BANK,69.56521739130434,
MMG Bank Corp,160777.0,934329,"MELLON BANK, N.A.",63.1578947368421,
MMG Bank Corp,160777.0,66015,BPD BANK,62.5,
MMG Bank Corp,160777.0,2950677,CIT BANK,62.5,
MONETA Money Bank as,140069.0,1456501,"MORGAN STANLEY BANK, N.A.",66.66666666666667,
MONETA Money Bank as,140069.0,2253891,CAPITAL ONE BANK,61.111111111111114,
MTB Bank,70182.0,66015,BPD BANK,75.0,
MTB Bank,70182.0,2950677,CIT BANK,75.0,
MTB Bank,70182.0,56557,COBIZ BANK,66.66666666666667,
MVB Bank Inc,121719.0,66015,BPD BANK,75.0,
MVB Bank Inc,121719.0,56557,COBIZ BANK,66.66666666666667,
MVB Bank Inc,121719.0,934329,"MELLON BANK, N.A.",63.1578947368421,
Mabrey Bank,126428.0,595869,CATHAY BANK,63.63636363636363,
Mabrey Bank,126428.0,934329,"MELLON BANK, N.A.",63.63636363636363,
Mabrey Bank,126428.0,66015,BPD BANK,63.1578947368421,
Macatawa Bank Corp,35845.0,595869,CATHAY BANK,75.0,
Macatawa Bank Corp,35845.0,2950677,CIT BANK,66.66666666666667,
Macatawa Bank Corp,35845.0,637451,PLAINSCAPITAL BANK,64.51612903225806,
Machias Savings Bank,126509.0,75633,HARRIS TRUST AND SAVINGS BANK,65.3061224489796,
Machias Savings Bank,126509.0,2502656,USAA SAVINGS BANK,64.86486486486487,
Machias Savings Bank,126509.0,619877,USAA FEDERAL SAVINGS BANK,62.22222222222222,
Magma Finance Limited,113606.0,827560,"FINANCE FACTORS, LIMITED",68.18181818181819,
Magna Bank,62130.0,595869,CATHAY BANK,66.66666666666667,
Magna Bank,62130.0,934329,"MELLON BANK, N.A.",66.66666666666667,
Magna Bank,62130.0,233031,REGIONS BANK,63.63636363636363,
Magnetar Capital LLC,131708.0,2253891,CAPITAL ONE BANK,62.5,
Magnolia Bank,173875.0,804208,GREENPOINT BANK,64.28571428571428,
Magnolia Bank,173875.0,463735,HANCOCK BANK,64.0,
Magnolia Bank,173875.0,310727,CAROLINA FIRST BANK,62.5,
Main Street Bank & Trust,60035.0,35301,STATE STREET BANK AND TRUST COMPANY,74.57627118644068,
Main Street Bank & Trust,60035.0,911807,INVESTORS BANK & TRUST COMPANY,74.07407407407408,
Main Street Bank & Trust,60035.0,1917301,LAKE FOREST BANK & TRUST COMPANY,71.42857142857143,
MainSource Bank,57478.0,463735,HANCOCK BANK,66.66666666666667,
MainSource Bank,57478.0,30810,DISCOVER BANK,64.28571428571428,
MainSource Bank,57478.0,2502656,USAA SAVINGS BANK,62.5,
Man Varagon,114658.0,233031,REGIONS BANK,60.86956521739131,
Manufacturers National Corp,92677.0,171133,EASTERN NATIONAL BANK,69.76744186046511,
Manufacturers National Corp,92677.0,682563,"FROST NATIONAL BANK, THE",68.29268292682926,
Manufacturers National Corp,92677.0,564557,FALCON INTERNATIONAL BANK,68.08510638297872,
MapleMark Bank,138972.0,101019,BANK LEUMI USA,64.28571428571428,
MapleMark Bank,138972.0,697633,COMPASS BANK,61.53846153846154,
MapleMark Bank,138972.0,2253891,CAPITAL ONE BANK,60.0,
Maranon Capital LP,55290.0,2253891,CAPITAL ONE BANK,64.51612903225806,
Marathon Bank,58522.0,595869,CATHAY BANK,66.66666666666667,
Marathon Bank,58522.0,934329,"MELLON BANK, N.A.",66.66666666666667,
Marathon Bank,58522.0,171133,EASTERN NATIONAL BANK,64.70588235294117,
Marathon Capital LLC,64064.0,2253891,CAPITAL ONE BANK,62.5,
Marco International,167136.0,342634,TRUSTMARK NATIONAL BANK,61.904761904761905,
Marco International,167136.0,208244,OLD NATIONAL BANK,61.111111111111114,
Marco International,167136.0,266271,TCF NATIONAL BANK,61.111111111111114,
Marquette National Bank,79707.0,171133,EASTERN NATIONAL BANK,77.27272727272727,
Marquette National Bank,79707.0,76201,FLEET NATIONAL BANK,76.19047619047619,
Marquette National Bank,79707.0,682563,"FROST NATIONAL BANK, THE",76.19047619047619,
Marshall & Ilsley Corp,19488.0,983448,M&I MARSHALL & ILSLEY BANK,79.06976744186046,
Massachusetts Mutual Life Insurance Co,33599.0,14409,CITIZENS BANK OF MASSACHUSETTS,61.53846153846154,
Mauch Chunk Trust Co,111471.0,817833,SOUTHTRUST BANK,62.5,
Mauch Chunk Trust Co,111471.0,675332,SUNTRUST BANK,60.0,
McFarland State Bank,120291.0,1456501,"MORGAN STANLEY BANK, N.A.",71.7948717948718,
McFarland State Bank,120291.0,310727,CAROLINA FIRST BANK,66.66666666666667,
McFarland State Bank,120291.0,3150447,CHARLES SCHWAB BANK,61.53846153846154,
Mechanics & Farmers Bank,66237.0,3150447,CHARLES SCHWAB BANK,60.46511627906976,
Mechanics Bank,59020.0,463735,HANCOCK BANK,69.23076923076923,
Mechanics Bank,59020.0,60143,COMERICA BANK,66.66666666666667,
Mechanics Bank,59020.0,595869,CATHAY BANK,64.0,
Mechanics Cooperative Bank,147518.0,60143,COMERICA BANK,61.53846153846154,
Medley Capital Corp,105734.0,2253891,CAPITAL ONE BANK,60.0,
Mercantile Bank of Michigan,138284.0,838632,EAGLE NATIONAL BANK OF MIAMI,65.45454545454545,
Merchants Bank of Indiana,157041.0,362445,NATIONAL CITY BANK OF INDIANA,66.66666666666667,
Merchants Bank of Indiana,157041.0,2132941,"NATIONAL BANK OF INDIANAPOLIS, THE",66.66666666666667,
Merchants Bank of Indiana,157041.0,14409,CITIZENS BANK OF MASSACHUSETTS,61.81818181818181,
Merrill Lynch Professional Clearing Corp,106544.0,1225800,MERRILL LYNCH BANK USA,66.66666666666667,
MetaBank,138895.0,790534,TOTALBANK,70.58823529411764,
MetaBank,138895.0,311845,ARVEST BANK,63.1578947368421,
MetaBank,138895.0,476810,"CITIBANK, N.A.",62.5,
Metro Bank,108873.0,934329,"MELLON BANK, N.A.",76.19047619047619,
Metro Bank,108873.0,783648,CENTIER BANK,72.72727272727273,
Metro Bank,108873.0,60143,COMERICA BANK,69.56521739130434,
Metro Bank of California,80389.0,750864,CALIFORNIA COMMERCE BANK,79.16666666666666,
Metro Bank of California,80389.0,837260,CALIFORNIA BANK & TRUST,76.59574468085107,
Metro Bank of California,80389.0,742560,MIZUHO CORPORATE BANK OF CALIFORNIA,71.1864406779661,
Metrobank,51324.0,790534,TOTALBANK,66.66666666666667,
Metrobank,51324.0,311845,ARVEST BANK,60.0,
Metropolitan Bank,102954.0,60143,COMERICA BANK,66.66666666666667,
Metropolitan Bank,102954.0,978154,STERLING BANK,66.66666666666667,
Metropolitan Bank,102954.0,934329,"MELLON BANK, N.A.",64.28571428571428,
Metropolitan Commercial Bank,134573.0,44134,FIRST COMMERCIAL BANK,73.46938775510203,
Metropolitan Commercial Bank,134573.0,43173,UNITED COMMERCIAL BANK,72.0,
Metropolitan National Bank,53012.0,171133,EASTERN NATIONAL BANK,76.59574468085107,
Metropolitan National Bank,53012.0,682563,"FROST NATIONAL BANK, THE",75.55555555555556,
Metropolitan National Bank,53012.0,112837,HIBERNIA NATIONAL BANK,75.0,
Michigan National Bank,52414.0,63069,CITY NATIONAL BANK,80.0,
Michigan National Bank,52414.0,259518,NATIONAL CITY BANK,80.0,
Michigan National Bank,52414.0,12311,"HUNTINGTON NATIONAL BANK, THE",78.26086956521739,
Mid Penn Bank,135668.0,612618,"PROVIDENT BANK, THE",66.66666666666667,
Mid Penn Bank,135668.0,934329,"MELLON BANK, N.A.",66.66666666666667,
MidCountry Bank,55640.0,783648,CENTIER BANK,66.66666666666667,
MidCountry Bank,55640.0,3146150,U.S. CENTURY BANK,66.66666666666667,
MidCountry Bank,55640.0,30810,DISCOVER BANK,64.28571428571428,
MidSouth Bancorp,136964.0,606046,BANCORPSOUTH BANK,72.72727272727273,
MidWestOne Bank,162992.0,1007846,FIRST MIDWEST BANK,72.72727272727273,
MidWestOne Bank,162992.0,934329,"MELLON BANK, N.A.",69.23076923076923,
MidWestOne Bank,162992.0,804963,BANK OF THE WEST,66.66666666666667,
Middlesex Savings Bank,120275.0,619877,USAA FEDERAL SAVINGS BANK,63.829787234042556,
Middlesex Savings Bank,120275.0,2502656,USAA SAVINGS BANK,61.53846153846154,
Midland States Bank,67543.0,1456501,"MORGAN STANLEY BANK, N.A.",68.42105263157895,
Midland States Bank,67543.0,101019,BANK LEUMI USA,60.60606060606061,
Midland States Bank,67543.0,197478,EAST WEST BANK,60.60606060606061,
Midsouth Corp,70175.0,245333,AMSOUTH BANK,60.0,
Midwest Banc Holdings Inc,44133.0,1007846,FIRST MIDWEST BANK,71.7948717948718,
Midwest Banc Holdings Inc,44133.0,804963,BANK OF THE WEST,60.60606060606061,
Midwest Banc Holdings Inc,44133.0,310727,CAROLINA FIRST BANK,60.0,
Midwest Bank,163200.0,1007846,FIRST MIDWEST BANK,80.0,
Midwest Bank,163200.0,804963,BANK OF THE WEST,75.0,
Midwest Bank,163200.0,2950677,CIT BANK,70.0,
Midwest BankCentre,56736.0,1007846,FIRST MIDWEST BANK,72.22222222222221,
Midwest BankCentre,56736.0,197478,EAST WEST BANK,68.75,
Midwest BankCentre,56736.0,783648,CENTIER BANK,66.66666666666667,
Millennium Bank NA,48986.0,934329,"MELLON BANK, N.A.",69.23076923076923,
Millennium Bank NA,48986.0,101019,BANK LEUMI USA,62.06896551724138,
Minnesota Bank & Trust,112293.0,911807,INVESTORS BANK & TRUST COMPANY,73.07692307692308,
Minnesota Bank & Trust,112293.0,837260,CALIFORNIA BANK & TRUST,71.11111111111111,
Minnesota Bank & Trust,112293.0,1917301,LAKE FOREST BANK & TRUST COMPANY,70.37037037037037,
Mirae Asset Financial Group,143991.0,526452,1ST FINANCIAL BANK USA,61.224489795918366,
Mission Bank,57366.0,934329,"MELLON BANK, N.A.",69.56521739130434,
Mission Bank,57366.0,58243,JOHNSON BANK,66.66666666666667,
Mission Bank,57366.0,233031,REGIONS BANK,66.66666666666667,
Monarch Alternative Capital LP,55058.0,2253891,CAPITAL ONE BANK,60.46511627906976,
Monarch Bank,132734.0,934329,"MELLON BANK, N.A.",69.56521739130434,
Monarch Bank,132734.0,332907,NORTH FORK BANK,66.66666666666667,
Monarch Bank,132734.0,1494240,RBC CENTURA BANK,64.28571428571428,
Monona Bank,146266.0,58243,JOHNSON BANK,78.26086956521739,
Monona Bank,146266.0,934329,"MELLON BANK, N.A.",72.72727272727273,
Monona Bank,146266.0,682563,"FROST NATIONAL BANK, THE",66.66666666666667,
Monroe Bank & Trust,59260.0,837260,CALIFORNIA BANK & TRUST,71.42857142857143,
Monroe Bank & Trust,59260.0,675332,SUNTRUST BANK,68.75,
Monroe Bank & Trust,59260.0,1917301,LAKE FOREST BANK & TRUST COMPANY,66.66666666666667,
Monroe Capital Corporation,140787.0,2253891,CAPITAL ONE BANK,73.33333333333334,
Monroe Capital Corporation (BDC),122392.0,2253891,CAPITAL ONE BANK,72.22222222222221,
Monroe Capital Corporation SBIC LP,125679.0,2253891,CAPITAL ONE BANK,62.857142857142854,
Monroe Capital LLC,57402.0,2253891,CAPITAL ONE BANK,73.33333333333334,
Montgomery Bank,110493.0,783648,CENTIER BANK,66.66666666666667,
Montgomery Bank,110493.0,1456501,"MORGAN STANLEY BANK, N.A.",64.70588235294117,
Montgomery Bank,110493.0,60143,COMERICA BANK,64.28571428571428,
"Morgan Bank, N.A.",104260.0,1456501,"MORGAN STANLEY BANK, N.A.",73.33333333333334,
"Morgan Bank, N.A.",104260.0,934329,"MELLON BANK, N.A.",72.72727272727273,
"Morgan Bank, N.A.",104260.0,233031,REGIONS BANK,69.56521739130434,
Morgan Stanley,17669.0,1456501,"MORGAN STANLEY BANK, N.A.",84.84848484848484,
Morgan Stanley MUFG Loan Partners LLC,60963.0,1456501,"MORGAN STANLEY BANK, N.A.",65.38461538461539,
Morton Community Bank,49751.0,1017939,UNITED COMMUNITY BANK,76.19047619047619,
Morton Community Bank,49751.0,63069,CITY NATIONAL BANK,66.66666666666667,
Morton Community Bank,49751.0,259518,NATIONAL CITY BANK,66.66666666666667,
Multibank Inc,165995.0,476810,"CITIBANK, N.A.",70.58823529411764,
Multibank Inc,165995.0,245333,AMSOUTH BANK,66.66666666666667,
Mutual Bank of Omaha,144486.0,711472,BANK OF GUAM,62.5,
Mutual Federal Bank,181623.0,619877,USAA FEDERAL SAVINGS BANK,68.18181818181819,
Mutual Federal Bank,181623.0,76201,FLEET NATIONAL BANK,63.1578947368421,
Mutual Federal Bank,181623.0,171133,EASTERN NATIONAL BANK,60.0,
Mutual of Omaha Bank,53928.0,711472,BANK OF GUAM,62.5,
NBAD Americas NV,121197.0,1160732,SUN AMERICAN BANK,72.72727272727273,
NBAD Americas NV,121197.0,714811,"CHINESE AMERICAN BANK, THE",64.86486486486487,
NBAD Americas NV,121197.0,245016,HABIB AMERICAN BANK,62.857142857142854,
NBT Bank,75588.0,66015,BPD BANK,75.0,
NBT Bank,75588.0,2950677,CIT BANK,75.0,
NBT Bank,75588.0,783648,CENTIER BANK,70.0,
NBank,145651.0,66015,BPD BANK,61.53846153846154,
NBank,145651.0,476810,"CITIBANK, N.A.",61.53846153846154,
NBank,145651.0,2950677,CIT BANK,61.53846153846154,
NEC Capital Inc,15042.0,2253891,CAPITAL ONE BANK,74.07407407407408,
NEC Financial Services LLC,114405.0,2700984,WRIGHT EXPRESS FINANCIAL SERVICES CORPORATION,65.45454545454545,
NH Bank,108721.0,1718188,NORTHRIM BANK,70.0,
NH Bank,108721.0,66015,BPD BANK,66.66666666666667,
NH Bank,108721.0,595869,CATHAY BANK,66.66666666666667,
NSBC Bank,81511.0,66015,BPD BANK,70.58823529411764,
NSBC Bank,81511.0,2950677,CIT BANK,70.58823529411764,
NSBC Bank,81511.0,58243,JOHNSON BANK,66.66666666666667,
NXT Capital LLC,43844.0,2253891,CAPITAL ONE BANK,66.66666666666667,
NY Green Bank,176360.0,804208,GREENPOINT BANK,78.57142857142857,
NY Green Bank,176360.0,233031,REGIONS BANK,64.0,
NY Green Bank,176360.0,1456501,"MORGAN STANLEY BANK, N.A.",62.5,
National Association,51080.0,280110,KEYBANK NATIONAL ASSOCIATION,83.33333333333334,
National Association,51080.0,504713,U.S. BANK NATIONAL ASSOCIATION,83.33333333333334,
National Association,51080.0,817824,"PNC BANK, NATIONAL ASSOCIATION",81.63265306122449,
National Austrailia Bank,186268.0,1004368,NATIONAL BANK OF ARIZONA,75.0,
National Austrailia Bank,186268.0,280110,KEYBANK NATIONAL ASSOCIATION,69.23076923076923,
National Austrailia Bank,186268.0,504713,U.S. BANK NATIONAL ASSOCIATION,69.23076923076923,
National Bank Alaska,189690.0,1004368,NATIONAL BANK OF ARIZONA,72.72727272727273,
National Bank Alaska,189690.0,280110,KEYBANK NATIONAL ASSOCIATION,70.83333333333333,
National Bank Alaska,189690.0,504713,U.S. BANK NATIONAL ASSOCIATION,70.83333333333333,
National Bank Holdings Corp,113708.0,12311,"HUNTINGTON NATIONAL BANK, THE",78.26086956521739,
National Bank Holdings Corp,113708.0,682563,"FROST NATIONAL BANK, THE",78.04878048780488,
National Bank Holdings Corp,113708.0,112837,HIBERNIA NATIONAL BANK,77.27272727272727,
National Bank for Financing Infrastructure and Development,171864.0,165628,"FIRST FINANCIAL BANK, NATIONAL ASSOCIATION",60.60606060606061,
National Bank of California,90291.0,362445,NATIONAL CITY BANK OF INDIANA,78.57142857142857,
National Bank of California,90291.0,167060,FIRST NATIONAL BANK OF NORTHERN CALIFORNIA,78.26086956521739,
National Bank of California,90291.0,112837,HIBERNIA NATIONAL BANK,77.55102040816327,
National Bank of Commerce,14842.0,42541,NATIONAL CITY BANK OF THE MIDWEST,74.07407407407408,
National Bank of Commerce,14842.0,44134,FIRST COMMERCIAL BANK,73.91304347826086,
National Bank of Commerce,14842.0,747435,"HEMISPHERE NATIONAL BANK, THE",73.46938775510203,
National Bank of Indianapolis,57751.0,2132941,"NATIONAL BANK OF INDIANAPOLIS, THE",100.0,
National Bank of Indianapolis,57751.0,362445,NATIONAL CITY BANK OF INDIANA,82.75862068965517,
National Bank of Indianapolis,57751.0,112837,HIBERNIA NATIONAL BANK,70.58823529411764,
National Consumer Cooperative Bank,44955.0,747435,"HEMISPHERE NATIONAL BANK, THE",65.51724137931035,
National Consumer Cooperative Bank,44955.0,171133,EASTERN NATIONAL BANK,65.45454545454545,
National Consumer Cooperative Bank,44955.0,564557,FALCON INTERNATIONAL BANK,64.40677966101696,
National Cooperative Bank,66466.0,171133,EASTERN NATIONAL BANK,78.26086956521739,
National Cooperative Bank,66466.0,63069,CITY NATIONAL BANK,74.4186046511628,
National Cooperative Bank,66466.0,259518,NATIONAL CITY BANK,74.4186046511628,
National Cooperative Services Corporation,104923.0,3382547,DEPARTMENT STORES NATIONAL BANK,60.0,
National Exchange Bank & Trust,115723.0,65513,DELTA NATIONAL BANK AND TRUST COMPANY,74.62686567164178,
National Exchange Bank & Trust,115723.0,342634,TRUSTMARK NATIONAL BANK,71.69811320754718,
National Exchange Bank & Trust,115723.0,837260,CALIFORNIA BANK & TRUST,71.69811320754718,
National General Re Ltd,116752.0,112837,HIBERNIA NATIONAL BANK,63.41463414634146,
National General Re Ltd,116752.0,229801,VALLEY NATIONAL BANK,61.53846153846154,
National General Re Ltd,116752.0,208244,OLD NATIONAL BANK,61.111111111111114,
National Penn Bancshares Inc,32037.0,747435,"HEMISPHERE NATIONAL BANK, THE",66.66666666666667,
National Penn Bancshares Inc,32037.0,276579,ZIONS FIRST NATIONAL BANK,65.3061224489796,
National Penn Bancshares Inc,32037.0,64619,STERLING NATIONAL BANK,65.21739130434783,
National Valley Bank,110866.0,229801,VALLEY NATIONAL BANK,100.0,
National Valley Bank,110866.0,208244,OLD NATIONAL BANK,81.08108108108108,
National Valley Bank,110866.0,873138,WHITNEY NATIONAL BANK,78.04878048780488,
Nationwide Bank,136488.0,873138,WHITNEY NATIONAL BANK,77.77777777777779,
Nationwide Bank,136488.0,208244,OLD NATIONAL BANK,75.0,
Nationwide Bank,136488.0,266271,TCF NATIONAL BANK,68.75,
Nebraska Bank of Commerce,114655.0,44134,FIRST COMMERCIAL BANK,65.21739130434783,
Nebraska Bank of Commerce,114655.0,43173,UNITED COMMERCIAL BANK,63.829787234042556,
Nebraska Bank of Commerce,114655.0,60143,COMERICA BANK,63.1578947368421,
Needham Bank,162986.0,1718188,NORTHRIM BANK,64.0,
Needham Bank,162986.0,538802,INTERAUDI BANK,61.53846153846154,
Needham Bank,162986.0,595869,CATHAY BANK,60.86956521739131,
Nelnet Bank,187845.0,934329,"MELLON BANK, N.A.",72.72727272727273,
Nelnet Bank,187845.0,783648,CENTIER BANK,69.56521739130434,
Nelnet Bank,187845.0,978154,STERLING BANK,66.66666666666667,
New Mexico Bank & Trust,136487.0,837260,CALIFORNIA BANK & TRUST,69.56521739130434,
New Mexico Bank & Trust,136487.0,911807,INVESTORS BANK & TRUST COMPANY,67.9245283018868,
New Mexico Bank & Trust,136487.0,1917301,LAKE FOREST BANK & TRUST COMPANY,61.81818181818181,
New Mountain Capital,53462.0,2253891,CAPITAL ONE BANK,61.111111111111114,
New York Community Bank,55298.0,1017939,UNITED COMMUNITY BANK,77.27272727272727,
New York Community Bank,55298.0,320119,ISRAEL DISCOUNT BANK OF NEW YORK,69.0909090909091,
New York Community Bank,55298.0,541101,"BANK OF NEW YORK, THE",66.66666666666667,
New York Green Bank,125730.0,541101,"BANK OF NEW YORK, THE",74.28571428571429,
New York Green Bank,125730.0,804208,GREENPOINT BANK,64.70588235294117,
New York Green Bank,125730.0,320119,ISRAEL DISCOUNT BANK OF NEW YORK,62.745098039215684,
New York Private Bank & Trust,49763.0,541101,"BANK OF NEW YORK, THE",62.22222222222222,
New York Private Bank & Trust,49763.0,2333412,UNITED STATES TRUST COMPANY OF NEW YORK,61.76470588235294,
New York Private Bank & Trust,49763.0,342634,TRUSTMARK NATIONAL BANK,61.53846153846154,
NewAlliance Bank,104087.0,934329,"MELLON BANK, N.A.",66.66666666666667,
NewAlliance Bank,104087.0,1464122,WHITNEY BANK,64.28571428571428,
NewAlliance Bank,104087.0,2253891,CAPITAL ONE BANK,62.5,
NewBridge Bank,119432.0,978154,STERLING BANK,66.66666666666667,
NewBridge Bank,119432.0,538802,INTERAUDI BANK,64.28571428571428,
NewBridge Bank,119432.0,612618,"PROVIDENT BANK, THE",64.28571428571428,
NexBank SSB,90100.0,66015,BPD BANK,63.1578947368421,
NexBank SSB,90100.0,697633,COMPASS BANK,60.86956521739131,
NexBank SSB,90100.0,3212149,UBS BANK USA,60.86956521739131,
Nexent Bank NV,186417.0,804208,GREENPOINT BANK,62.06896551724138,
Nexent Bank NV,186417.0,3146150,U.S. CENTURY BANK,62.06896551724138,
Nexent Bank NV,186417.0,783648,CENTIER BANK,61.53846153846154,
Nextier Bank,118611.0,783648,CENTIER BANK,83.33333333333334,
Nextier Bank,118611.0,538802,INTERAUDI BANK,69.23076923076923,
Nextier Bank,118611.0,30810,DISCOVER BANK,64.0,
Nicolet National Bank,57605.0,208244,OLD NATIONAL BANK,84.21052631578947,
Nicolet National Bank,57605.0,266271,TCF NATIONAL BANK,78.94736842105263,
Nicolet National Bank,57605.0,229801,VALLEY NATIONAL BANK,78.04878048780488,
North American Company for Life and Health Insurance,116356.0,214807,DEUTSCHE BANK TRUST COMPANY AMERICAS,61.36363636363637,
North American Development Bank,66461.0,1160732,SUN AMERICAN BANK,62.5,
North American Development Bank,66461.0,2736291,BANCO POPULAR NORTH AMERICA,62.06896551724138,
North American Development Bank,66461.0,714811,"CHINESE AMERICAN BANK, THE",61.53846153846154,
North Carolina Bank & Trust,58064.0,837260,CALIFORNIA BANK & TRUST,76.0,
North Carolina Bank & Trust,58064.0,310727,CAROLINA FIRST BANK,73.91304347826086,
North Carolina Bank & Trust,58064.0,665931,NORTHERN TRUST BANK OF FLORIDA N.A.,70.17543859649122,
North Community Bank,114712.0,1017939,UNITED COMMUNITY BANK,82.92682926829268,
North Community Bank,114712.0,332907,NORTH FORK BANK,68.57142857142857,
North Community Bank,114712.0,44134,FIRST COMMERCIAL BANK,63.41463414634146,
North Dallas Bank & Trust,154234.0,837260,CALIFORNIA BANK & TRUST,70.83333333333333,
North Dallas Bank & Trust,154234.0,817833,SOUTHTRUST BANK,70.0,
North Dallas Bank & Trust,154234.0,665931,NORTHERN TRUST BANK OF FLORIDA N.A.,69.0909090909091,
North Valley Bank,56818.0,229801,VALLEY NATIONAL BANK,75.67567567567568,
North Valley Bank,56818.0,802866,SILICON VALLEY BANK,72.22222222222221,
North Valley Bank,56818.0,1456501,"MORGAN STANLEY BANK, N.A.",66.66666666666667,
Northbrook Bank & Trust Co,57999.0,980353,NORTHERN TRUST BANK OF TEXAS N.A.,70.58823529411764,
Northbrook Bank & Trust Co,57999.0,817833,SOUTHTRUST BANK,68.42105263157895,
Northbrook Bank & Trust Co,57999.0,665931,NORTHERN TRUST BANK OF FLORIDA N.A.,67.9245283018868,
Northern Trust Corp,12941.0,210434,"NORTHERN TRUST COMPANY, THE",77.77777777777779,
Northern Trust Corp,12941.0,980353,NORTHERN TRUST BANK OF TEXAS N.A.,66.66666666666667,
Northern Trust Corp,12941.0,665931,NORTHERN TRUST BANK OF FLORIDA N.A.,63.63636363636363,
Northfield Bank,135371.0,1718188,NORTHRIM BANK,78.57142857142857,
Northfield Bank,135371.0,332907,NORTH FORK BANK,66.66666666666667,
Northfield Bank,135371.0,783648,CENTIER BANK,66.66666666666667,
Northpoint Commercial Finance LLC,167135.0,2736291,BANCO POPULAR NORTH AMERICA,60.71428571428572,
Northpoint Commercial Finance LLC,167135.0,44134,FIRST COMMERCIAL BANK,60.0,
Northrim Bank,40599.0,1718188,NORTHRIM BANK,100.0,
Northrim Bank,40599.0,332907,NORTH FORK BANK,71.42857142857143,
Northrim Bank,40599.0,538802,INTERAUDI BANK,66.66666666666667,
Northstar Bank,183762.0,1718188,NORTHRIM BANK,81.4814814814815,
Northstar Bank,183762.0,332907,NORTH FORK BANK,68.96551724137932,
Northstar Bank,183762.0,817833,SOUTHTRUST BANK,68.96551724137932,
Northwest Bank & Trust Co,30403.0,980353,NORTHERN TRUST BANK OF TEXAS N.A.,72.0,
Northwest Bank & Trust Co,30403.0,1917301,LAKE FOREST BANK & TRUST COMPANY,70.37037037037037,
Northwest Bank & Trust Co,30403.0,817833,SOUTHTRUST BANK,70.27027027027026,
Northwest Savings Bank,101920.0,676656,"SOUTHWEST BANK OF TEXAS, N.A.",66.66666666666667,
Northwest Savings Bank,101920.0,1718188,NORTHRIM BANK,62.857142857142854,
Northwest Savings Bank,101920.0,2502656,USAA SAVINGS BANK,61.53846153846154,
Nova Bancorp Group Ltd,146985.0,606046,BANCORPSOUTH BANK,62.857142857142854,
Nova Merchant Bank Ltd,147409.0,60143,COMERICA BANK,64.51612903225806,
Nova Merchant Bank Ltd,147409.0,595869,CATHAY BANK,62.06896551724138,
Nova Merchant Bank Ltd,147409.0,171133,EASTERN NATIONAL BANK,61.53846153846154,
OK Saving Bank,116748.0,2502656,USAA SAVINGS BANK,70.96774193548387,
OK Saving Bank,116748.0,978154,STERLING BANK,66.66666666666667,
OK Saving Bank,116748.0,612618,"PROVIDENT BANK, THE",64.28571428571428,
Oak Bank,113297.0,463735,HANCOCK BANK,70.0,
Oak Bank,113297.0,697633,COMPASS BANK,70.0,
Oak Bank,113297.0,56557,COBIZ BANK,66.66666666666667,
Oak Hill Bank,50020.0,795968,BANK OF HAWAII,66.66666666666667,
Oak Hill Bank,50020.0,874845,LAKE CITY BANK,66.66666666666667,
Oak Hill Bank,50020.0,934329,"MELLON BANK, N.A.",66.66666666666667,
Oak Valley Community Bank,56535.0,229801,VALLEY NATIONAL BANK,71.11111111111111,
Oak Valley Community Bank,56535.0,1017939,UNITED COMMUNITY BANK,69.56521739130434,
Oak Valley Community Bank,56535.0,802866,SILICON VALLEY BANK,68.18181818181819,
Oakwood Bank,134756.0,208244,OLD NATIONAL BANK,62.06896551724138,
Oakwood Bank,134756.0,795968,BANK OF HAWAII,61.53846153846154,
Oakwood Bank,134756.0,66015,BPD BANK,60.0,
Oakworth Capital Bank,161017.0,2253891,CAPITAL ONE BANK,75.67567567567568,
Oakworth Capital Bank,161017.0,874845,LAKE CITY BANK,62.857142857142854,
Oakworth Capital Bank,161017.0,637451,PLAINSCAPITAL BANK,61.53846153846154,
Ocean Bank,78535.0,783648,CENTIER BANK,72.72727272727273,
Ocean Bank,78535.0,60143,COMERICA BANK,69.56521739130434,
Ocean Bank,78535.0,595869,CATHAY BANK,66.66666666666667,
Ocean First bank NA,188797.0,980661,FIRST HAWAIIAN BANK,74.28571428571429,
Ocean First bank NA,188797.0,1007846,FIRST MIDWEST BANK,70.58823529411764,
Ocean First bank NA,188797.0,682563,"FROST NATIONAL BANK, THE",68.57142857142857,
OceanFirst Bank,142353.0,310727,CAROLINA FIRST BANK,76.47058823529412,
OceanFirst Bank,142353.0,783648,CENTIER BANK,74.07407407407408,
OceanFirst Bank,142353.0,44134,FIRST COMMERCIAL BANK,72.22222222222221,
Octagon Loan Trust,76242.0,210434,"NORTHERN TRUST COMPANY, THE",65.0,
Octagon Loan Trust,76242.0,837260,CALIFORNIA BANK & TRUST,63.41463414634146,
Octagon Loan Trust,76242.0,817833,SOUTHTRUST BANK,60.60606060606061,
Ohio State Bank,182319.0,804963,BANK OF THE WEST,66.66666666666667,
Ohio State Bank,182319.0,1464122,WHITNEY BANK,66.66666666666667,
Ohio State Bank,182319.0,729132,ESPIRITO SANTO BANK,64.70588235294117,
Ohio Valley Bank,102188.0,802866,SILICON VALLEY BANK,80.0,
Ohio Valley Bank,102188.0,229801,VALLEY NATIONAL BANK,77.77777777777779,
Ohio Valley Bank,102188.0,1464122,WHITNEY BANK,64.28571428571428,
Old Line Bank,137832.0,208244,OLD NATIONAL BANK,73.33333333333334,
Old Line Bank,137832.0,538802,INTERAUDI BANK,66.66666666666667,
Old Line Bank,137832.0,1464122,WHITNEY BANK,64.0,
Old National Bank,51679.0,208244,OLD NATIONAL BANK,100.0,
Old National Bank,51679.0,266271,TCF NATIONAL BANK,82.35294117647058,
Old National Bank,51679.0,229801,VALLEY NATIONAL BANK,81.08108108108108,
Old Second Bank,143069.0,58243,JOHNSON BANK,66.66666666666667,
Old Second Bank,143069.0,30810,DISCOVER BANK,64.28571428571428,
Old Second Bank,143069.0,208244,OLD NATIONAL BANK,62.5,
Omega Bank,60932.0,60143,COMERICA BANK,78.26086956521739,
Omega Bank,60932.0,697633,COMPASS BANK,72.72727272727273,
Omega Bank,60932.0,934329,"MELLON BANK, N.A.",66.66666666666667,
One Community Bank,168796.0,1017939,UNITED COMMUNITY BANK,87.17948717948718,
One Community Bank,168796.0,2253891,CAPITAL ONE BANK,70.58823529411764,
One Community Bank,168796.0,43173,UNITED COMMERCIAL BANK,70.0,
One National Bank,75162.0,208244,OLD NATIONAL BANK,88.23529411764706,
One National Bank,75162.0,873138,WHITNEY NATIONAL BANK,84.21052631578947,
One National Bank,75162.0,266271,TCF NATIONAL BANK,82.35294117647058,
Optimumbank,176339.0,476810,"CITIBANK, N.A.",63.1578947368421,
Optimumbank,176339.0,790534,TOTALBANK,60.0,
Optus Bank,176004.0,697633,COMPASS BANK,72.72727272727273,
Optus Bank,176004.0,817833,SOUTHTRUST BANK,72.0,
Optus Bank,176004.0,675332,SUNTRUST BANK,69.56521739130434,
Opus Bank,114373.0,697633,COMPASS BANK,76.19047619047619,
Opus Bank,114373.0,66015,BPD BANK,70.58823529411764,
Opus Bank,114373.0,58243,JOHNSON BANK,66.66666666666667,
Oquendo Capital,128041.0,2253891,CAPITAL ONE BANK,64.51612903225806,
Orange Bank & Trust,156164.0,837260,CALIFORNIA BANK & TRUST,76.19047619047619,
Orange Bank & Trust,156164.0,911807,INVESTORS BANK & TRUST COMPANY,69.38775510204081,
Orange Bank & Trust,156164.0,675332,SUNTRUST BANK,68.75,
Origin Bank,125561.0,233031,REGIONS BANK,78.26086956521739,
Origin Bank,125561.0,777366,BANK OF THE ORIENT,72.0,
Origin Bank,125561.0,56557,COBIZ BANK,66.66666666666667,
Orion Mine Finance Group,115235.0,867632,INTERNATIONAL FINANCE BANK,60.0,
Orrstown Bank,171324.0,58243,JOHNSON BANK,72.0,
Orrstown Bank,171324.0,332907,NORTH FORK BANK,64.28571428571428,
Orrstown Bank,171324.0,817833,SOUTHTRUST BANK,64.28571428571428,
Oterra Capital,128698.0,2253891,CAPITAL ONE BANK,66.66666666666667,
Overlay Capital,183323.0,2253891,CAPITAL ONE BANK,64.51612903225806,
Oxford Bank,139603.0,777366,BANK OF THE ORIENT,72.0,
Oxford Bank,139603.0,541101,"BANK OF NEW YORK, THE",66.66666666666667,
Oxford Bank,139603.0,725732,BAC FLORIDA BANK,66.66666666666667,
Ozark Mountain Bank,110329.0,342634,TRUSTMARK NATIONAL BANK,61.904761904761905,
Ozark Mountain Bank,110329.0,208244,OLD NATIONAL BANK,61.111111111111114,
Ozark Mountain Bank,110329.0,12311,"HUNTINGTON NATIONAL BANK, THE",60.46511627906976,
P Capital Partners AB,165455.0,2253891,CAPITAL ONE BANK,64.86486486486487,
PB Capital,60976.0,2253891,CAPITAL ONE BANK,61.53846153846154,
PBI Bank,130697.0,56557,COBIZ BANK,77.77777777777779,
PBI Bank,130697.0,66015,BPD BANK,75.0,
PBI Bank,130697.0,2950677,CIT BANK,75.0,
PNC Bank,31840.0,66015,BPD BANK,75.0,
PNC Bank,31840.0,2950677,CIT BANK,75.0,
PNC Bank,31840.0,463735,HANCOCK BANK,70.0,
PacWest Bancorp,116448.0,804963,BANK OF THE WEST,66.66666666666667,
PacWest Bancorp,116448.0,197478,EAST WEST BANK,62.06896551724138,
Pacific Mercantile Bank,61140.0,577137,PACIFIC NATIONAL BANK,77.27272727272727,
Pacific Mercantile Bank,61140.0,44134,FIRST COMMERCIAL BANK,63.63636363636363,
Pacific Mercantile Bank,61140.0,266271,TCF NATIONAL BANK,60.0,
Pacific Premier Bank,130824.0,783648,CENTIER BANK,62.5,
Pacific Premier Bank,130824.0,3783313,CROSS RIVER BANK,61.111111111111114,
Paducah Bank and Trust Co,144638.0,395238,COLUMBUS BANK AND TRUST COMPANY,67.9245283018868,
Paducah Bank and Trust Co,144638.0,75633,HARRIS TRUST AND SAVINGS BANK,66.66666666666667,
Paducah Bank and Trust Co,144638.0,852320,BRANCH BANKING AND TRUST COMPANY,66.66666666666667,
Palatine Bank & Trust [PBT],85874.0,837260,CALIFORNIA BANK & TRUST,68.0,
Palatine Bank & Trust [PBT],85874.0,911807,INVESTORS BANK & TRUST COMPANY,63.1578947368421,
Palatine Bank & Trust [PBT],85874.0,1917301,LAKE FOREST BANK & TRUST COMPANY,61.01694915254237,
Pan American Bank,154247.0,1160732,SUN AMERICAN BANK,88.23529411764706,
Pan American Bank,154247.0,245016,HABIB AMERICAN BANK,83.33333333333334,
Pan American Bank,154247.0,714811,"CHINESE AMERICAN BANK, THE",78.94736842105263,
Paragon Bank,119450.0,233031,REGIONS BANK,75.0,
Paragon Bank,119450.0,612618,"PROVIDENT BANK, THE",69.23076923076923,
Paragon Bank,119450.0,167565,"WELLS FARGO BANK, LTD.",64.28571428571428,
Paragon Commercial Bank,120177.0,44134,FIRST COMMERCIAL BANK,77.27272727272727,
Paragon Commercial Bank,120177.0,43173,UNITED COMMERCIAL BANK,75.55555555555556,
Paragon Commercial Bank,120177.0,60143,COMERICA BANK,66.66666666666667,
Park Bank,57193.0,66015,BPD BANK,70.58823529411764,
Park Bank,57193.0,463735,HANCOCK BANK,66.66666666666667,
Park Bank,57193.0,697633,COMPASS BANK,66.66666666666667,
Park National Bank,65366.0,342634,TRUSTMARK NATIONAL BANK,82.92682926829268,
Park National Bank,65366.0,577137,PACIFIC NATIONAL BANK,82.05128205128204,
Park National Bank,65366.0,208244,OLD NATIONAL BANK,80.0,
Park Sterling Bank,58066.0,978154,STERLING BANK,83.87096774193549,
Park Sterling Bank,58066.0,64619,STERLING NATIONAL BANK,75.0,
Park Sterling Bank,58066.0,171133,EASTERN NATIONAL BANK,61.53846153846154,
Parkside Financial Bank & Trust,147629.0,526452,1ST FINANCIAL BANK USA,67.9245283018868,
Parkside Financial Bank & Trust,147629.0,837260,CALIFORNIA BANK & TRUST,66.66666666666667,
Parkside Financial Bank & Trust,147629.0,491224,FIRST-CITIZENS BANK & TRUST COMPANY,60.60606060606061,
Parkway Bank & Trust,92614.0,837260,CALIFORNIA BANK & TRUST,74.4186046511628,
Parkway Bank & Trust,92614.0,5278251,CHARLES SCHWAB TRUST BANK,66.66666666666667,
Parkway Bank & Trust,92614.0,1917301,LAKE FOREST BANK & TRUST COMPANY,65.38461538461539,
Pathfinder Bank,181719.0,783648,CENTIER BANK,66.66666666666667,
Pathfinder Bank,181719.0,1464122,WHITNEY BANK,66.66666666666667,
Pathfinder Bank,181719.0,208244,OLD NATIONAL BANK,62.5,
Patriot Bank,55595.0,2950677,CIT BANK,70.0,
Patriot Bank,55595.0,612618,"PROVIDENT BANK, THE",69.23076923076923,
Patriot Bank,55595.0,266271,TCF NATIONAL BANK,68.96551724137932,
Peapack-Gladstone Bank,121106.0,2253891,CAPITAL ONE BANK,63.1578947368421,
Pegasus Bank,169219.0,697633,COMPASS BANK,75.0,
Pegasus Bank,169219.0,197478,EAST WEST BANK,69.23076923076923,
Pegasus Bank,169219.0,233031,REGIONS BANK,66.66666666666667,
Penn Community Bank,135669.0,1017939,UNITED COMMUNITY BANK,80.0,
Penn Community Bank,135669.0,43173,UNITED COMMERCIAL BANK,68.29268292682926,
Penn Community Bank,135669.0,874845,LAKE CITY BANK,66.66666666666667,
Penn Security Bank & Trust,76641.0,491224,FIRST-CITIZENS BANK & TRUST COMPANY,65.57377049180329,
Penn Security Bank & Trust,76641.0,837260,CALIFORNIA BANK & TRUST,65.3061224489796,
Penn Security Bank & Trust,76641.0,911807,INVESTORS BANK & TRUST COMPANY,64.28571428571428,
PennStar Bank,76212.0,783648,CENTIER BANK,72.0,
PennStar Bank,76212.0,1494240,RBC CENTURA BANK,68.96551724137932,
PennStar Bank,76212.0,612618,"PROVIDENT BANK, THE",66.66666666666667,
Pennsville National Bank,136096.0,229801,VALLEY NATIONAL BANK,81.81818181818181,
Pennsville National Bank,136096.0,208244,OLD NATIONAL BANK,73.17073170731707,
Pennsville National Bank,136096.0,178020,NATIONAL CITY BANK OF PENNSYLVANIA,72.41379310344827,
People First Bank,75057.0,4114567,FIRST REPUBLIC BANK,77.77777777777779,
People First Bank,75057.0,1007846,FIRST MIDWEST BANK,68.57142857142857,
People First Bank,75057.0,682563,"FROST NATIONAL BANK, THE",66.66666666666667,
People's Trust Bank,140550.0,613307,PEOPLE'S UNITED BANK,82.05128205128204,
People's Trust Bank,140550.0,675332,SUNTRUST BANK,68.75,
People's Trust Bank,140550.0,817833,SOUTHTRUST BANK,64.70588235294117,
People's United Bank,53373.0,613307,PEOPLE'S UNITED BANK,100.0,
People's United Bank,53373.0,391575,"UNITED FIDELITY BANK, FSB",68.18181818181819,
People's United Bank,53373.0,43173,UNITED COMMERCIAL BANK,66.66666666666667,
Peoples Bancorp,54540.0,613307,PEOPLE'S UNITED BANK,62.857142857142854,
Phoenix American,64603.0,245016,HABIB AMERICAN BANK,62.857142857142854,
Phoenix American,64603.0,1160732,SUN AMERICAN BANK,60.60606060606061,
Piedmont Bank,134701.0,612618,"PROVIDENT BANK, THE",74.07407407407408,
Piedmont Bank,134701.0,66015,BPD BANK,66.66666666666667,
Piedmont Bank,134701.0,777366,BANK OF THE ORIENT,66.66666666666667,
Pinebank,51528.0,476810,"CITIBANK, N.A.",62.5,
Pinnacle Bank,104348.0,2253891,CAPITAL ONE BANK,68.96551724137932,
Pinnacle Bank,104348.0,63069,CITY NATIONAL BANK,64.51612903225806,
Pinnacle Bank,104348.0,259518,NATIONAL CITY BANK,64.51612903225806,
Pinnacle Financial Services Inc,39058.0,2700984,WRIGHT EXPRESS FINANCIAL SERVICES CORPORATION,60.0,
Pinnacle National Bank,101768.0,229801,VALLEY NATIONAL BANK,80.95238095238095,
Pinnacle National Bank,101768.0,577137,PACIFIC NATIONAL BANK,79.06976744186046,
Pinnacle National Bank,101768.0,873138,WHITNEY NATIONAL BANK,79.06976744186046,
Pioneer Bank,143205.0,30810,DISCOVER BANK,72.0,
Pioneer Bank,143205.0,2253891,CAPITAL ONE BANK,71.42857142857143,
Pioneer Bank,143205.0,538802,INTERAUDI BANK,69.23076923076923,
Pioneer Savings Bank,120279.0,619877,USAA FEDERAL SAVINGS BANK,71.11111111111111,
Pioneer Savings Bank,120279.0,2502656,USAA SAVINGS BANK,64.86486486486487,
Pioneer Savings Bank,120279.0,538802,INTERAUDI BANK,64.70588235294117,
Plains Capital Bank,53963.0,2253891,CAPITAL ONE BANK,80.0,
Plains Capital Bank,53963.0,874845,LAKE CITY BANK,66.66666666666667,
Plains Capital Bank,53963.0,577137,PACIFIC NATIONAL BANK,65.0,
PlainsCapital Bank,54481.0,637451,PLAINSCAPITAL BANK,100.0,
PlainsCapital Bank,54481.0,2253891,CAPITAL ONE BANK,70.58823529411764,
PlainsCapital Bank,54481.0,2502656,USAA SAVINGS BANK,62.857142857142854,
Planters Bank,130476.0,783648,CENTIER BANK,72.0,
Planters Bank,130476.0,675332,SUNTRUST BANK,69.23076923076923,
Planters Bank,130476.0,197478,EAST WEST BANK,66.66666666666667,
Poca Valley Bank Inc,146041.0,229801,VALLEY NATIONAL BANK,77.77777777777779,
Poca Valley Bank Inc,146041.0,802866,SILICON VALLEY BANK,74.28571428571429,
Poca Valley Bank Inc,146041.0,1456501,"MORGAN STANLEY BANK, N.A.",68.57142857142857,
Poppy Bank,166130.0,66015,BPD BANK,66.66666666666667,
Poppy Bank,166130.0,697633,COMPASS BANK,63.63636363636363,
Poppy Bank,166130.0,56557,COBIZ BANK,60.0,
Popular Bank,123814.0,697633,COMPASS BANK,66.66666666666667,
Popular Bank,123814.0,66015,BPD BANK,60.0,
Popular Community Bank,109890.0,1017939,UNITED COMMUNITY BANK,74.4186046511628,
Popular Community Bank,109890.0,874845,LAKE CITY BANK,66.66666666666667,
Popular Community Bank,109890.0,2736291,BANCO POPULAR NORTH AMERICA,61.224489795918366,
Post Oak Bank,133834.0,804963,BANK OF THE WEST,72.0,
Post Oak Bank,133834.0,332907,NORTH FORK BANK,71.42857142857143,
Post Oak Bank,133834.0,197478,EAST WEST BANK,66.66666666666667,
Preferred Bank,60429.0,66015,BPD BANK,63.63636363636363,
Preferred Bank,60429.0,783648,CENTIER BANK,61.53846153846154,
Premier Bank,59342.0,783648,CENTIER BANK,75.0,
Premier Bank,59342.0,612618,"PROVIDENT BANK, THE",69.23076923076923,
Premier Bank,59342.0,233031,REGIONS BANK,66.66666666666667,
Premier Valley Bank,163169.0,802866,SILICON VALLEY BANK,68.42105263157895,
Premier Valley Bank,163169.0,229801,VALLEY NATIONAL BANK,66.66666666666667,
Premier Valley Bank,163169.0,1456501,"MORGAN STANLEY BANK, N.A.",63.1578947368421,
Prime Bank,56270.0,612618,"PROVIDENT BANK, THE",75.0,
Prime Bank,56270.0,1718188,NORTHRIM BANK,69.56521739130434,
Prime Bank,56270.0,66015,BPD BANK,66.66666666666667,
Primis Bank,172295.0,233031,REGIONS BANK,69.56521739130434,
Primis Bank,172295.0,1718188,NORTHRIM BANK,66.66666666666667,
Primis Bank,172295.0,101019,BANK LEUMI USA,64.0,
Principal Bank,106990.0,637451,PLAINSCAPITAL BANK,75.0,
Principal Bank,106990.0,60143,COMERICA BANK,66.66666666666667,
Principal Bank,106990.0,612618,"PROVIDENT BANK, THE",64.28571428571428,
PriorityOne Bank,167866.0,2253891,CAPITAL ONE BANK,68.75,
PriorityOne Bank,167866.0,729132,ESPIRITO SANTO BANK,68.57142857142857,
PriorityOne Bank,167866.0,612618,"PROVIDENT BANK, THE",66.66666666666667,
Progressive Bank,67911.0,3783313,CROSS RIVER BANK,75.0,
Progressive Bank,67911.0,612618,"PROVIDENT BANK, THE",66.66666666666667,
Progressive Bank,67911.0,613307,PEOPLE'S UNITED BANK,61.111111111111114,
Prospect Capital Corp,56066.0,2253891,CAPITAL ONE BANK,62.5,
Prosperity Bank,114808.0,612618,"PROVIDENT BANK, THE",68.96551724137932,
Prosperity Bank,114808.0,3783313,CROSS RIVER BANK,64.51612903225806,
Prosperity Bank,114808.0,60143,COMERICA BANK,64.28571428571428,
Provident Bank of New Jersey,90834.0,612618,"PROVIDENT BANK, THE",66.66666666666667,
Provident Bank of New Jersey,90834.0,777366,BANK OF THE ORIENT,61.904761904761905,
Provident Bank of New Jersey,90834.0,804208,GREENPOINT BANK,60.46511627906976,
Pulaski Bank,63672.0,637451,PLAINSCAPITAL BANK,66.66666666666667,
Pulaski Bank,63672.0,697633,COMPASS BANK,66.66666666666667,
Pulaski Bank,63672.0,874845,LAKE CITY BANK,61.53846153846154,
PyraMax Bank,146285.0,595869,CATHAY BANK,60.86956521739131,
PyraMax Bank,146285.0,66015,BPD BANK,60.0,
QNB Bank,55295.0,66015,BPD BANK,75.0,
QNB Bank,55295.0,56557,COBIZ BANK,66.66666666666667,
QNB Bank,55295.0,934329,"MELLON BANK, N.A.",63.1578947368421,
Quad Cities Bank & Trust,119903.0,837260,CALIFORNIA BANK & TRUST,72.34042553191489,
Quad Cities Bank & Trust,119903.0,5278251,CHARLES SCHWAB TRUST BANK,65.3061224489796,
Quad Cities Bank & Trust,119903.0,675332,SUNTRUST BANK,64.86486486486487,
Quad City Bank & Trust Co,51331.0,837260,CALIFORNIA BANK & TRUST,71.11111111111111,
Quad City Bank & Trust Co,51331.0,1917301,LAKE FOREST BANK & TRUST COMPANY,62.96296296296296,
Quad City Bank & Trust Co,51331.0,675332,SUNTRUST BANK,62.857142857142854,
RCB Bank Ltd,148583.0,56557,COBIZ BANK,77.77777777777779,
RCB Bank Ltd,148583.0,66015,BPD BANK,75.0,
RCB Bank Ltd,148583.0,2950677,CIT BANK,75.0,
Rabitabank ASJ,164987.0,810900,"ASIA BANK, N.A.",69.56521739130434,
Radius Bank,136900.0,538802,INTERAUDI BANK,72.0,
Radius Bank,136900.0,233031,REGIONS BANK,69.56521739130434,
Radius Bank,136900.0,30810,DISCOVER BANK,66.66666666666667,
ReStore Capital,153224.0,2253891,CAPITAL ONE BANK,64.51612903225806,
Red River Bank,115463.0,3783313,CROSS RIVER BANK,80.0,
Red River Bank,115463.0,30810,DISCOVER BANK,74.07407407407408,
Red River Bank,115463.0,783648,CENTIER BANK,69.23076923076923,
Regent Bank,170572.0,233031,REGIONS BANK,78.26086956521739,
Regent Bank,170572.0,804208,GREENPOINT BANK,76.92307692307692,
Regent Bank,170572.0,612618,"PROVIDENT BANK, THE",72.0,
Regions Bank,49928.0,233031,REGIONS BANK,100.0,
Regions Bank,49928.0,934329,"MELLON BANK, N.A.",69.56521739130434,
Regions Bank,49928.0,58243,JOHNSON BANK,66.66666666666667,
Reliance Bank,62733.0,233031,REGIONS BANK,72.0,
Reliance Bank,62733.0,978154,STERLING BANK,69.23076923076923,
Reliance Bank,62733.0,934329,"MELLON BANK, N.A.",66.66666666666667,
Reliant Bank,62771.0,233031,REGIONS BANK,75.0,
Reliant Bank,62771.0,804208,GREENPOINT BANK,74.07407407407408,
Reliant Bank,62771.0,978154,STERLING BANK,72.0,
Renasant Bank,104224.0,233031,REGIONS BANK,72.0,
Renasant Bank,104224.0,804208,GREENPOINT BANK,71.42857142857143,
Renasant Bank,104224.0,197478,EAST WEST BANK,66.66666666666667,
Renesant Bank,124275.0,233031,REGIONS BANK,72.0,
Renesant Bank,124275.0,804208,GREENPOINT BANK,71.42857142857143,
Renesant Bank,124275.0,197478,EAST WEST BANK,66.66666666666667,
Republic Bancorp,51393.0,4114567,FIRST REPUBLIC BANK,74.28571428571429,
Republic Bank & Trust,111483.0,837260,CALIFORNIA BANK & TRUST,68.18181818181819,
Republic Bank & Trust,111483.0,4114567,FIRST REPUBLIC BANK,65.0,
Republic Bank & Trust,111483.0,675332,SUNTRUST BANK,64.70588235294117,
Republic Bank of Chicago,61648.0,4114567,FIRST REPUBLIC BANK,69.76744186046511,
Republic First Bank,64591.0,4114567,FIRST REPUBLIC BANK,100.0,
Republic First Bank,64591.0,1007846,FIRST MIDWEST BANK,64.86486486486487,
Republic First Bank,64591.0,980661,FIRST HAWAIIAN BANK,63.1578947368421,
Ridyadh Bank,57979.0,725732,BAC FLORIDA BANK,64.28571428571428,
Ridyadh Bank,57979.0,60143,COMERICA BANK,64.0,
Ridyadh Bank,57979.0,538802,INTERAUDI BANK,61.53846153846154,
River Bank & Trust,174081.0,837260,CALIFORNIA BANK & TRUST,73.17073170731707,
River Bank & Trust,174081.0,911807,INVESTORS BANK & TRUST COMPANY,70.83333333333333,
River Bank & Trust,174081.0,675332,SUNTRUST BANK,64.51612903225806,
River City Bank,71124.0,3783313,CROSS RIVER BANK,77.41935483870968,
River City Bank,71124.0,874845,LAKE CITY BANK,75.86206896551724,
River City Bank,71124.0,783648,CENTIER BANK,74.07407407407408,
River Valley Bank,138153.0,802866,SILICON VALLEY BANK,72.22222222222221,
River Valley Bank,138153.0,229801,VALLEY NATIONAL BANK,70.27027027027026,
River Valley Bank,138153.0,1456501,"MORGAN STANLEY BANK, N.A.",61.111111111111114,
Riyadh Bank,58009.0,60143,COMERICA BANK,66.66666666666667,
Riyadh Bank,58009.0,538802,INTERAUDI BANK,64.0,
Riyadh Bank,58009.0,612618,"PROVIDENT BANK, THE",64.0,
Robertson Banking Co,161066.0,58243,JOHNSON BANK,62.06896551724138,
Robertson Banking Co,161066.0,233031,REGIONS BANK,62.06896551724138,
Rockland Capital,69950.0,2253891,CAPITAL ONE BANK,62.5,
Rockville Bank,108823.0,612618,"PROVIDENT BANK, THE",71.42857142857143,
Rockville Bank,108823.0,874845,LAKE CITY BANK,64.28571428571428,
Rockville Bank,108823.0,2950677,CIT BANK,63.63636363636363,
Rocky Mountain Bank,161721.0,463735,HANCOCK BANK,64.51612903225806,
Rocky Mountain Bank,161721.0,1456501,"MORGAN STANLEY BANK, N.A.",63.1578947368421,
Rocky Mountain Bank,161721.0,1494240,RBC CENTURA BANK,62.857142857142854,
Rosedale Federal Savings & Loan Association,134421.0,445843,STANDARD FEDERAL BANK NATIONAL ASSOCIATION,65.88235294117646,
Rosedale Federal Savings & Loan Association,134421.0,455534,LASALLE BANK NATIONAL ASSOCIATION,63.1578947368421,
Rosedale Federal Savings & Loan Association,134421.0,141556,STEARNS BANK NATIONAL ASSOCIATION,60.526315789473685,
Royal Savings Bank,134963.0,619877,USAA FEDERAL SAVINGS BANK,74.4186046511628,
Royal Savings Bank,134963.0,2502656,USAA SAVINGS BANK,68.57142857142857,
Royal Savings Bank,134963.0,64619,STERLING NATIONAL BANK,65.0,
S&T Bank,53818.0,2950677,CIT BANK,75.0,
S&T Bank,53818.0,804963,BANK OF THE WEST,70.0,
S&T Bank,53818.0,675332,SUNTRUST BANK,66.66666666666667,
SBI Canada Bank,160339.0,310727,CAROLINA FIRST BANK,64.70588235294117,
SBI Canada Bank,160339.0,1494240,RBC CENTURA BANK,64.51612903225806,
SBI Canada Bank,160339.0,56557,COBIZ BANK,64.0,
SCOR SA,98437.0,30810,DISCOVER BANK,60.0,
STAR Financial Bank,147694.0,526452,1ST FINANCIAL BANK USA,82.92682926829268,
STAR Financial Bank,147694.0,342634,TRUSTMARK NATIONAL BANK,71.42857142857143,
STAR Financial Bank,147694.0,64619,STERLING NATIONAL BANK,68.29268292682926,
SVC Co-Operative Bank Ltd,172685.0,60143,COMERICA BANK,64.70588235294117,
SVC Co-Operative Bank Ltd,172685.0,697633,COMPASS BANK,60.60606060606061,
SVC Co-Operative Bank Ltd,172685.0,783648,CENTIER BANK,60.60606060606061,
Sabine State Bank & Trust Co,115456.0,837260,CALIFORNIA BANK & TRUST,70.83333333333333,
Sabine State Bank & Trust Co,115456.0,1917301,LAKE FOREST BANK & TRUST COMPANY,70.17543859649122,
Sabine State Bank & Trust Co,115456.0,911807,INVESTORS BANK & TRUST COMPANY,69.0909090909091,
Safety National Casualty Corporation,118285.0,229801,VALLEY NATIONAL BANK,63.63636363636363,
Safra National Bank of New York,49972.0,918918,SAFRA NATIONAL BANK OF NEW YORK,100.0,
Safra National Bank of New York,49972.0,320119,ISRAEL DISCOUNT BANK OF NEW YORK,69.84126984126983,
Safra National Bank of New York,49972.0,541101,"BANK OF NEW YORK, THE",68.08510638297872,
Salem 5 Bank,123449.0,101019,BANK LEUMI USA,61.53846153846154,
Salem Five Bank,106176.0,101019,BANK LEUMI USA,62.06896551724138,
Salem Five Bank,106176.0,874845,LAKE CITY BANK,62.06896551724138,
Salem Five Cents Savings Bank,89592.0,619877,USAA FEDERAL SAVINGS BANK,62.96296296296296,
Salin Bank,57808.0,978154,STERLING BANK,78.26086956521739,
Salin Bank,57808.0,934329,"MELLON BANK, N.A.",66.66666666666667,
Salin Bank,57808.0,2502656,USAA SAVINGS BANK,66.66666666666667,
Sandy Spring Bank,76566.0,64619,STERLING NATIONAL BANK,66.66666666666667,
Sandy Spring Bank,76566.0,978154,STERLING BANK,66.66666666666667,
Santa Barbara Bank & Trust,53513.0,837260,CALIFORNIA BANK & TRUST,69.38775510204081,
Santa Barbara Bank & Trust,53513.0,75633,HARRIS TRUST AND SAVINGS BANK,69.0909090909091,
Santa Barbara Bank & Trust,53513.0,5278251,CHARLES SCHWAB TRUST BANK,62.745098039215684,
Santa Lucia National Bank,64085.0,63069,CITY NATIONAL BANK,74.4186046511628,
Santa Lucia National Bank,64085.0,259518,NATIONAL CITY BANK,74.4186046511628,
Santa Lucia National Bank,64085.0,266271,TCF NATIONAL BANK,71.42857142857143,
Saudi National Bank,161725.0,208244,OLD NATIONAL BANK,83.33333333333334,
Saudi National Bank,161725.0,577137,PACIFIC NATIONAL BANK,80.0,
Saudi National Bank,161725.0,64619,STERLING NATIONAL BANK,78.04878048780488,
Savings Institute Bank & Trust,120281.0,75633,HARRIS TRUST AND SAVINGS BANK,74.57627118644068,
Savings Institute Bank & Trust,120281.0,491224,FIRST-CITIZENS BANK & TRUST COMPANY,64.61538461538461,
Savings Institute Bank & Trust,120281.0,837260,CALIFORNIA BANK & TRUST,64.15094339622642,
Scottish National Investment Bank Plc,163753.0,3382547,DEPARTMENT STORES NATIONAL BANK,70.58823529411764,
Scottish National Investment Bank Plc,163753.0,171133,EASTERN NATIONAL BANK,65.51724137931035,
Scottish National Investment Bank Plc,163753.0,276579,ZIONS FIRST NATIONAL BANK,64.51612903225806,
Scottrade Bank,129682.0,817833,SOUTHTRUST BANK,68.96551724137932,
Scottrade Bank,129682.0,30810,DISCOVER BANK,66.66666666666667,
Scottrade Bank,129682.0,60143,COMERICA BANK,66.66666666666667,
Seacoast Banking Corporation of Florida,184851.0,3277876,GREAT FLORIDA BANK,71.11111111111111,
Seacoast Banking Corporation of Florida,184851.0,665931,NORTHERN TRUST BANK OF FLORIDA N.A.,63.1578947368421,
Seacoast National Bank,55523.0,208244,OLD NATIONAL BANK,76.92307692307692,
Seacoast National Bank,55523.0,266271,TCF NATIONAL BANK,76.92307692307692,
Seacoast National Bank,55523.0,577137,PACIFIC NATIONAL BANK,74.4186046511628,
Seaside Bank,118280.0,197478,EAST WEST BANK,69.23076923076923,
Seaside Bank,118280.0,783648,CENTIER BANK,66.66666666666667,
Seaside Bank,118280.0,3783313,CROSS RIVER BANK,64.28571428571428,
Seaside National Bank & Trust,56009.0,342634,TRUSTMARK NATIONAL BANK,73.07692307692308,
Seaside National Bank & Trust,56009.0,837260,CALIFORNIA BANK & TRUST,69.23076923076923,
Seaside National Bank & Trust,56009.0,64619,STERLING NATIONAL BANK,66.66666666666667,
Seaway Bank & Trust Co,55253.0,837260,CALIFORNIA BANK & TRUST,71.42857142857143,
Seaway Bank & Trust Co,55253.0,675332,SUNTRUST BANK,68.75,
Seaway Bank & Trust Co,55253.0,817833,SOUTHTRUST BANK,64.70588235294117,
Security Bank & Trust Co,58606.0,837260,CALIFORNIA BANK & TRUST,72.72727272727273,
Security Bank & Trust Co,58606.0,817833,SOUTHTRUST BANK,72.22222222222221,
Security Bank & Trust Co,58606.0,675332,SUNTRUST BANK,70.58823529411764,
Security First Bank,167766.0,4114567,FIRST REPUBLIC BANK,73.6842105263158,
Security First Bank,167766.0,1007846,FIRST MIDWEST BANK,70.27027027027026,
Security First Bank,167766.0,980661,FIRST HAWAIIAN BANK,63.1578947368421,
Security National Bank of Enid,57263.0,53033,MELLON UNITED NATIONAL BANK,70.17543859649122,
Security National Bank of Enid,57263.0,64619,STERLING NATIONAL BANK,69.23076923076923,
Security National Bank of Enid,57263.0,873138,WHITNEY NATIONAL BANK,66.66666666666667,
Security National Bank of Omaha,162814.0,873138,WHITNEY NATIONAL BANK,69.23076923076923,
Security National Bank of Omaha,162814.0,64619,STERLING NATIONAL BANK,67.9245283018868,
Security National Bank of Omaha,162814.0,918918,SAFRA NATIONAL BANK OF NEW YORK,67.74193548387098,
Security National Financial Corp,51366.0,64619,STERLING NATIONAL BANK,65.3061224489796,
Security National Financial Corp,51366.0,873138,WHITNEY NATIONAL BANK,62.5,
Security State Bank,54110.0,874845,LAKE CITY BANK,72.72727272727273,
Security State Bank,54110.0,729132,ESPIRITO SANTO BANK,68.42105263157895,
Security State Bank,54110.0,101019,BANK LEUMI USA,66.66666666666667,
Seminole Financial Services LLC,179506.0,2700984,WRIGHT EXPRESS FINANCIAL SERVICES CORPORATION,60.0,
ServisFirst Bank,55409.0,44134,FIRST COMMERCIAL BANK,70.27027027027026,
ServisFirst Bank,55409.0,310727,CAROLINA FIRST BANK,68.57142857142857,
ServisFirst Bank,55409.0,729132,ESPIRITO SANTO BANK,62.857142857142854,
Shangai Commercial Bank Ltd,79775.0,43173,UNITED COMMERCIAL BANK,80.0,
Shangai Commercial Bank Ltd,79775.0,44134,FIRST COMMERCIAL BANK,77.27272727272727,
Shangai Commercial Bank Ltd,79775.0,60143,COMERICA BANK,66.66666666666667,
Shore United Bank,130565.0,613307,PEOPLE'S UNITED BANK,75.67567567567568,
Shore United Bank,130565.0,43173,UNITED COMMERCIAL BANK,71.7948717948718,
Shore United Bank,130565.0,2860440,1ST UNITED BANK,68.75,
Signature Bank,49973.0,675332,SUNTRUST BANK,66.66666666666667,
Signature Bank,49973.0,1893049,CHARLES SCHWAB SIGNATURE BANK,65.11627906976744,
Signature Bank,49973.0,538802,INTERAUDI BANK,64.28571428571428,
Silver Point Capital,156153.0,2253891,CAPITAL ONE BANK,61.111111111111114,
Simmons First National Bank,77524.0,276579,ZIONS FIRST NATIONAL BANK,92.3076923076923,
Simmons First National Bank,77524.0,682563,"FROST NATIONAL BANK, THE",78.26086956521739,
Simmons First National Bank,77524.0,379920,FIRST NATIONAL BANK OF PENNSYLVANIA,74.19354838709677,
SmartBank,53523.0,311845,ARVEST BANK,70.0,
SmartBank,53523.0,810900,"ASIA BANK, N.A.",66.66666666666667,
Sohar International Bank SAOG,186346.0,276579,ZIONS FIRST NATIONAL BANK,66.66666666666667,
Sohar International Bank SAOG,186346.0,564557,FALCON INTERNATIONAL BANK,66.66666666666667,
Sohar International Bank SAOG,186346.0,867632,INTERNATIONAL FINANCE BANK,65.45454545454545,
Solar Capital Corp,,2253891,CAPITAL ONE BANK,62.06896551724138,
Solar Financial Services,65521.0,2700984,WRIGHT EXPRESS FINANCIAL SERVICES CORPORATION,70.17543859649122,
Solera Bank,152803.0,30810,DISCOVER BANK,75.0,
Solera Bank,152803.0,60143,COMERICA BANK,75.0,
Solera Bank,152803.0,978154,STERLING BANK,66.66666666666667,
Solera National Bank,167148.0,208244,OLD NATIONAL BANK,86.48648648648648,
Solera National Bank,167148.0,64619,STERLING NATIONAL BANK,80.95238095238095,
Solera National Bank,167148.0,229801,VALLEY NATIONAL BANK,80.0,
Solutions Bank,61583.0,233031,REGIONS BANK,69.23076923076923,
Solutions Bank,61583.0,817833,SOUTHTRUST BANK,68.96551724137932,
Solutions Bank,61583.0,675332,SUNTRUST BANK,66.66666666666667,
South Carolina National Bank,83668.0,310727,CAROLINA FIRST BANK,72.34042553191489,
South Carolina National Bank,83668.0,838632,EAGLE NATIONAL BANK OF MIAMI,71.42857142857143,
South Carolina National Bank,83668.0,362445,NATIONAL CITY BANK OF INDIANA,70.17543859649122,
South Side Trust and Savings Bank,138006.0,75633,HARRIS TRUST AND SAVINGS BANK,70.96774193548387,
South Side Trust and Savings Bank,138006.0,35301,STATE STREET BANK AND TRUST COMPANY,67.64705882352942,
South Side Trust and Savings Bank,138006.0,65513,DELTA NATIONAL BANK AND TRUST COMPANY,62.857142857142854,
South State Bank,116737.0,817833,SOUTHTRUST BANK,77.41935483870968,
South State Bank,116737.0,676656,"SOUTHWEST BANK OF TEXAS, N.A.",71.7948717948718,
South State Bank,116737.0,675332,SUNTRUST BANK,68.96551724137932,
SouthPoint Bank,122670.0,817833,SOUTHTRUST BANK,73.33333333333334,
SouthPoint Bank,122670.0,612618,"PROVIDENT BANK, THE",68.96551724137932,
SouthPoint Bank,122670.0,777366,BANK OF THE ORIENT,68.96551724137932,
SouthState Bank NA,177049.0,817833,SOUTHTRUST BANK,80.0,
SouthState Bank NA,177049.0,676656,"SOUTHWEST BANK OF TEXAS, N.A.",73.6842105263158,
SouthState Bank NA,177049.0,675332,SUNTRUST BANK,71.42857142857143,
Southeast Banking Corp,15260.0,817833,SOUTHTRUST BANK,75.0,
Southeast Banking Corp,15260.0,675332,SUNTRUST BANK,66.66666666666667,
Southeast Banking Corp,15260.0,676656,"SOUTHWEST BANK OF TEXAS, N.A.",65.0,
Southern Bancorp Bank,161907.0,606046,BANCORPSOUTH BANK,68.42105263157895,
Southern Bancorp Bank,161907.0,817833,SOUTHTRUST BANK,61.111111111111114,
Southern Commercial Bank,110492.0,43173,UNITED COMMERCIAL BANK,82.6086956521739,
Southern Commercial Bank,110492.0,44134,FIRST COMMERCIAL BANK,80.0,
Southern Commercial Bank,110492.0,60143,COMERICA BANK,64.86486486486487,
Southern Michigan Bank and Trust,133514.0,35301,STATE STREET BANK AND TRUST COMPANY,68.65671641791045,
Southern Michigan Bank and Trust,133514.0,852320,BRANCH BANKING AND TRUST COMPANY,65.625,
Southern Michigan Bank and Trust,133514.0,75633,HARRIS TRUST AND SAVINGS BANK,65.57377049180329,
Southern Realty Trust,176803.0,210434,"NORTHERN TRUST COMPANY, THE",69.76744186046511,
Southern Realty Trust,176803.0,817833,SOUTHTRUST BANK,66.66666666666667,
Southside Bank,122807.0,817833,SOUTHTRUST BANK,75.86206896551724,
Southside Bank,122807.0,675332,SUNTRUST BANK,66.66666666666667,
Southside Bank,122807.0,1718188,NORTHRIM BANK,66.66666666666667,
Southwest Capital Bank,112690.0,2253891,CAPITAL ONE BANK,78.94736842105263,
Southwest Capital Bank,112690.0,197478,EAST WEST BANK,66.66666666666667,
Southwest Capital Bank,112690.0,676656,"SOUTHWEST BANK OF TEXAS, N.A.",66.66666666666667,
Spencer Savings Bank,138291.0,2502656,USAA SAVINGS BANK,75.67567567567568,
Spencer Savings Bank,138291.0,619877,USAA FEDERAL SAVINGS BANK,62.22222222222222,
Spencer Savings Bank,138291.0,30810,DISCOVER BANK,60.60606060606061,
SpiritBank,122797.0,476810,"CITIBANK, N.A.",66.66666666666667,
SpiritBank,122797.0,810900,"ASIA BANK, N.A.",63.1578947368421,
Square 1 Bank,61768.0,2860440,1ST UNITED BANK,64.28571428571428,
Square 1 Bank,61768.0,3212149,UBS BANK USA,64.0,
Square 1 Bank,61768.0,675332,SUNTRUST BANK,61.53846153846154,
St Johns Bank & Trust,110480.0,911807,INVESTORS BANK & TRUST COMPANY,70.58823529411764,
St Johns Bank & Trust,110480.0,837260,CALIFORNIA BANK & TRUST,68.18181818181819,
St Johns Bank & Trust,110480.0,1917301,LAKE FOREST BANK & TRUST COMPANY,67.9245283018868,
St Louis Bank,110491.0,101019,BANK LEUMI USA,74.07407407407408,
St Louis Bank,110491.0,804963,BANK OF THE WEST,72.0,
St Louis Bank,110491.0,3212149,UBS BANK USA,72.0,
Standard Bancshares Inc,61269.0,3150447,CHARLES SCHWAB BANK,63.1578947368421,
Standard Bancshares Inc,61269.0,1893049,CHARLES SCHWAB SIGNATURE BANK,62.5,
Standard Bank Kenya Ltd,156844.0,208244,OLD NATIONAL BANK,61.111111111111114,
Standard Bank Kenya Ltd,156844.0,197478,EAST WEST BANK,60.60606060606061,
Standard Bank Kenya Ltd,156844.0,171133,EASTERN NATIONAL BANK,60.0,
State Bank & Trust NA,50515.0,817833,SOUTHTRUST BANK,72.72727272727273,
State Bank & Trust NA,50515.0,675332,SUNTRUST BANK,70.96774193548387,
State Bank & Trust NA,50515.0,837260,CALIFORNIA BANK & TRUST,68.29268292682926,
State Bank Group,177570.0,804963,BANK OF THE WEST,64.28571428571428,
State Bank Group,177570.0,3212149,UBS BANK USA,64.28571428571428,
State Bank Group,177570.0,682563,"FROST NATIONAL BANK, THE",62.857142857142854,
State Bank of Cross Plains,120297.0,310727,CAROLINA FIRST BANK,62.22222222222222,
State Bank of Cross Plains,120297.0,3783313,CROSS RIVER BANK,61.904761904761905,
State Bank of Cross Plains,120297.0,2502656,USAA SAVINGS BANK,60.46511627906976,
State Bank of India Johannesburg,149528.0,665931,NORTHERN TRUST BANK OF FLORIDA N.A.,61.29032258064516,
State Street Bank,88345.0,35301,STATE STREET BANK AND TRUST COMPANY,65.38461538461539,
State Street Bank,88345.0,197478,EAST WEST BANK,64.51612903225806,
State Street Bank,88345.0,817833,SOUTHTRUST BANK,62.5,
Stearns Bank NA,53700.0,978154,STERLING BANK,80.0,
Stearns Bank NA,53700.0,675332,SUNTRUST BANK,72.0,
Stearns Bank NA,53700.0,197478,EAST WEST BANK,69.23076923076923,
Stellar Bancorp Inc,187962.0,606046,BANCORPSOUTH BANK,62.5,
Stellar Bancorp Inc,187962.0,3402913,BANESCO USA,61.53846153846154,
Sterling Bank,51407.0,978154,STERLING BANK,100.0,
Sterling Bank,51407.0,64619,STERLING NATIONAL BANK,74.28571428571429,
Sterling Bank,51407.0,538802,INTERAUDI BANK,66.66666666666667,
Sterling Commercial Capital,84065.0,44134,FIRST COMMERCIAL BANK,62.5,
Sterling Commercial Capital,84065.0,43173,UNITED COMMERCIAL BANK,61.224489795918366,
Sterling Group,60774.0,978154,STERLING BANK,66.66666666666667,
Sterling National Bank,51544.0,64619,STERLING NATIONAL BANK,100.0,
Sterling National Bank,51544.0,208244,OLD NATIONAL BANK,76.92307692307692,
Sterling National Bank,51544.0,266271,TCF NATIONAL BANK,76.92307692307692,
Sterling Savings Bank,60263.0,64619,STERLING NATIONAL BANK,79.06976744186046,
Sterling Savings Bank,60263.0,978154,STERLING BANK,76.47058823529412,
Sterling Savings Bank,60263.0,2502656,USAA SAVINGS BANK,73.6842105263158,
Stiefl Bank,137999.0,978154,STERLING BANK,75.0,
Stiefl Bank,137999.0,783648,CENTIER BANK,69.56521739130434,
Stiefl Bank,137999.0,197478,EAST WEST BANK,64.0,
Stillwater National Bank & Trust Co,62126.0,342634,TRUSTMARK NATIONAL BANK,69.0909090909091,
Stillwater National Bank & Trust Co,62126.0,837260,CALIFORNIA BANK & TRUST,69.0909090909091,
Stillwater National Bank & Trust Co,62126.0,64619,STERLING NATIONAL BANK,66.66666666666667,
Stock Exchange Bank,118307.0,463735,HANCOCK BANK,70.96774193548387,
Stock Exchange Bank,118307.0,3150447,CHARLES SCHWAB BANK,63.1578947368421,
Stock Exchange Bank,118307.0,197478,EAST WEST BANK,60.60606060606061,
Stock Yards Bank & Trust Co,108696.0,342634,TRUSTMARK NATIONAL BANK,63.829787234042556,
Stock Yards Bank & Trust Co,108696.0,817833,SOUTHTRUST BANK,61.53846153846154,
Stone Point Capital,65461.0,2253891,CAPITAL ONE BANK,62.857142857142854,
Stone Point Capital LLC,65461.0,2253891,CAPITAL ONE BANK,62.857142857142854,
StoneX Financial Inc,169319.0,2253891,CAPITAL ONE BANK,62.5,
Stonebriar Commercial Finance LLC,147203.0,44134,FIRST COMMERCIAL BANK,60.0,
Stonegate Bank,61643.0,978154,STERLING BANK,66.66666666666667,
Stonegate Bank,61643.0,266271,TCF NATIONAL BANK,64.51612903225806,
Stonegate Bank,61643.0,197478,EAST WEST BANK,64.28571428571428,
Street Bank and Trust Co,125799.0,35301,STATE STREET BANK AND TRUST COMPANY,75.0,
Street Bank and Trust Co,125799.0,817833,SOUTHTRUST BANK,66.66666666666667,
Street Bank and Trust Co,125799.0,675332,SUNTRUST BANK,64.70588235294117,
Stride Bank,145374.0,978154,STERLING BANK,75.0,
Stride Bank,145374.0,612618,"PROVIDENT BANK, THE",72.0,
Stride Bank,145374.0,783648,CENTIER BANK,69.56521739130434,
Studio Bank,174013.0,538802,INTERAUDI BANK,72.0,
Studio Bank,174013.0,30810,DISCOVER BANK,66.66666666666667,
Studio Bank,174013.0,675332,SUNTRUST BANK,66.66666666666667,
Suedwestbank AG,56815.0,311845,ARVEST BANK,61.53846153846154,
Sumitomo Corp of America,50121.0,1160732,SUN AMERICAN BANK,61.111111111111114,
Summit Community Bank,105317.0,1017939,UNITED COMMUNITY BANK,85.71428571428572,
Summit Community Bank,105317.0,43173,UNITED COMMERCIAL BANK,65.11627906976744,
Summit Community Bank,105317.0,44134,FIRST COMMERCIAL BANK,61.904761904761905,
Sun National Bank,66471.0,208244,OLD NATIONAL BANK,82.35294117647058,
Sun National Bank,66471.0,266271,TCF NATIONAL BANK,82.35294117647058,
Sun National Bank,66471.0,64619,STERLING NATIONAL BANK,82.05128205128204,
Sun West Bank,51750.0,197478,EAST WEST BANK,81.4814814814815,
Sun West Bank,51750.0,804963,BANK OF THE WEST,80.0,
Sun West Bank,51750.0,675332,SUNTRUST BANK,76.92307692307692,
Suncrest Bank,136550.0,675332,SUNTRUST BANK,84.61538461538461,
Suncrest Bank,136550.0,817833,SOUTHTRUST BANK,71.42857142857143,
Suncrest Bank,136550.0,197478,EAST WEST BANK,66.66666666666667,
Sunflower Bank,56663.0,30810,DISCOVER BANK,66.66666666666667,
Sunflower Bank,56663.0,675332,SUNTRUST BANK,66.66666666666667,
Sunflower Bank,56663.0,783648,CENTIER BANK,61.53846153846154,
Sunrise Banks NA,109124.0,675332,SUNTRUST BANK,76.92307692307692,
Sunrise Banks NA,109124.0,817833,SOUTHTRUST BANK,64.28571428571428,
Sunrise Banks NA,109124.0,2860440,1ST UNITED BANK,64.28571428571428,
Sunrise Realty Trust Inc,183554.0,675332,SUNTRUST BANK,60.60606060606061,
Susquehanna Bank,58142.0,3212149,UBS BANK USA,64.28571428571428,
Susquehanna Bank,58142.0,2502656,USAA SAVINGS BANK,60.60606060606061,
Susser Bank,160505.0,3212149,UBS BANK USA,69.56521739130434,
Susser Bank,160505.0,30810,DISCOVER BANK,66.66666666666667,
Susser Bank,160505.0,675332,SUNTRUST BANK,66.66666666666667,
Synchrony Financial,113121.0,1216022,SYNCHRONY BANK,72.72727272727273,
Synovus Financial Corp,57348.0,526452,1ST FINANCIAL BANK USA,61.53846153846154,
TAB Bank,189357.0,66015,BPD BANK,75.0,
TAB Bank,189357.0,2950677,CIT BANK,75.0,
TAB Bank,189357.0,595869,CATHAY BANK,73.6842105263158,
TBK Bank,141300.0,66015,BPD BANK,75.0,
TBK Bank,141300.0,2950677,CIT BANK,75.0,
TBK Bank,141300.0,56557,COBIZ BANK,66.66666666666667,
TCF Banking & Savings FA,87903.0,619877,USAA FEDERAL SAVINGS BANK,65.3061224489796,
TCF Banking & Savings FA,87903.0,75633,HARRIS TRUST AND SAVINGS BANK,64.15094339622642,
TCF Banking & Savings FA,87903.0,2502656,USAA SAVINGS BANK,63.41463414634146,
TCF Financial Corp,23887.0,266271,TCF NATIONAL BANK,60.0,
TD Commerce,54345.0,43173,UNITED COMMERCIAL BANK,60.60606060606061,
TIB Bank of the Keys,75681.0,804963,BANK OF THE WEST,64.28571428571428,
TIB Bank of the Keys,75681.0,676160,FAR EAST NATIONAL BANK,63.1578947368421,
TIB Bank of the Keys,75681.0,541101,"BANK OF NEW YORK, THE",62.5,
TYKO Capital,180535.0,2253891,CAPITAL ONE BANK,64.28571428571428,
Talmer Bank & Trust,108821.0,837260,CALIFORNIA BANK & TRUST,76.19047619047619,
Talmer Bank & Trust,108821.0,342634,TRUSTMARK NATIONAL BANK,66.66666666666667,
Talmer Bank & Trust,108821.0,911807,INVESTORS BANK & TRUST COMPANY,65.3061224489796,
Targobank SA,163643.0,810900,"ASIA BANK, N.A.",66.66666666666667,
Team Capital Bank,111449.0,2253891,CAPITAL ONE BANK,84.84848484848484,
Team Capital Bank,111449.0,637451,PLAINSCAPITAL BANK,68.57142857142857,
Team Capital Bank,111449.0,266271,TCF NATIONAL BANK,64.70588235294117,
Tennessee Bank NA,69947.0,233031,REGIONS BANK,61.53846153846154,
Tennessee Bank NA,69947.0,783648,CENTIER BANK,61.53846153846154,
Tennessee Bank NA,69947.0,1464122,WHITNEY BANK,61.53846153846154,
Tennessee State Bank,165810.0,485559,FIRST TENNESSEE BANK NATIONAL ASSOCIATION,62.295081967213115,
Texas Bank & Trust,87820.0,675332,SUNTRUST BANK,70.96774193548387,
Texas Bank & Trust,87820.0,980353,NORTHERN TRUST BANK OF TEXAS N.A.,69.56521739130434,
Texas Bank & Trust,87820.0,197478,EAST WEST BANK,68.75,
Texas Capital Bancshares Inc,50110.0,2253891,CAPITAL ONE BANK,65.0,
Texas Capital Bancshares Inc,50110.0,5278251,CHARLES SCHWAB TRUST BANK,61.224489795918366,
Texas Capital Bancshares Inc,50110.0,1893049,CHARLES SCHWAB SIGNATURE BANK,60.37735849056604,
Texas Community Bank,145954.0,1017939,UNITED COMMUNITY BANK,82.92682926829268,
Texas Community Bank,145954.0,43173,UNITED COMMERCIAL BANK,66.66666666666667,
Texas Community Bank,145954.0,676656,"SOUTHWEST BANK OF TEXAS, N.A.",65.11627906976744,
Texas National Bank of Dallas,77495.0,2132941,"NATIONAL BANK OF INDIANAPOLIS, THE",72.41379310344827,
Texas National Bank of Dallas,77495.0,838632,EAGLE NATIONAL BANK OF MIAMI,70.17543859649122,
Texas National Bank of Dallas,77495.0,362445,NATIONAL CITY BANK OF INDIANA,68.96551724137932,
Texas Partners Bank,161616.0,676656,"SOUTHWEST BANK OF TEXAS, N.A.",66.66666666666667,
Texas Partners Bank,161616.0,980353,NORTHERN TRUST BANK OF TEXAS N.A.,63.829787234042556,
Texas Partners Bank,161616.0,197478,EAST WEST BANK,60.60606060606061,
Texas Regional Bank,179894.0,233031,REGIONS BANK,77.41935483870968,
Texas Regional Bank,179894.0,266271,TCF NATIONAL BANK,66.66666666666667,
Texas Regional Bank,179894.0,873138,WHITNEY NATIONAL BANK,65.0,
Texas Republic Bank,166129.0,4114567,FIRST REPUBLIC BANK,68.42105263157895,
Texas Republic Bank,166129.0,101019,BANK LEUMI USA,60.60606060606061,
Texas Security Bank,121338.0,676656,"SOUTHWEST BANK OF TEXAS, N.A.",66.66666666666667,
Texas Security Bank,121338.0,874845,LAKE CITY BANK,66.66666666666667,
Texas Security Bank,121338.0,1017939,UNITED COMMUNITY BANK,65.0,
Texas State Bank,50976.0,676656,"SOUTHWEST BANK OF TEXAS, N.A.",71.7948717948718,
Texas State Bank,50976.0,197478,EAST WEST BANK,66.66666666666667,
The National Bank of Ras Al-Khaimah (PSC),162021.0,1004368,NATIONAL BANK OF ARIZONA,65.57377049180329,
The National Bank of Ras Al-Khaimah (PSC),162021.0,339858,"BANK OF OKLAHOMA, NATIONAL ASSOCIATION",62.16216216216216,
The National Bank of Ras Al-Khaimah (PSC),162021.0,922728,RIGGS BANK NATIONAL ASSOCIATION,61.76470588235294,
Third Coast Bank SSB,163225.0,723112,FIFTH THIRD BANK,66.66666666666667,
Third Coast Bank SSB,163225.0,3783313,CROSS RIVER BANK,66.66666666666667,
Third Coast Bank SSB,163225.0,197478,EAST WEST BANK,64.70588235294117,
Third Point Partners LP,54683.0,723112,FIFTH THIRD BANK,61.111111111111114,
Thrivent Financial Bank,57851.0,64619,STERLING NATIONAL BANK,66.66666666666667,
Thrivent Financial Bank,57851.0,526452,1ST FINANCIAL BANK USA,66.66666666666667,
Thrivent Financial Bank,57851.0,867632,INTERNATIONAL FINANCE BANK,65.3061224489796,
Tompkins Community Bank,172983.0,1017939,UNITED COMMUNITY BANK,72.72727272727273,
Tompkins Community Bank,172983.0,63069,CITY NATIONAL BANK,63.41463414634146,
Tompkins Community Bank,172983.0,259518,NATIONAL CITY BANK,63.41463414634146,
Tompkins Trust Company,120271.0,210434,"NORTHERN TRUST COMPANY, THE",72.72727272727273,
Tompkins Trust Company,120271.0,911807,INVESTORS BANK & TRUST COMPANY,65.38461538461539,
Tompkins Trust Company,120271.0,968605,BANK OF TOKYO-MITSUBISHI TRUST COMPANY,63.33333333333333,
Total Bank,67774.0,208244,OLD NATIONAL BANK,66.66666666666667,
Total Bank,67774.0,266271,TCF NATIONAL BANK,66.66666666666667,
Total Bank,67774.0,595869,CATHAY BANK,66.66666666666667,
Tower Bank,79726.0,783648,CENTIER BANK,72.72727272727273,
Tower Bank,79726.0,804963,BANK OF THE WEST,72.72727272727273,
Tower Bank,79726.0,30810,DISCOVER BANK,69.56521739130434,
Town & Country Bank,104538.0,1017939,UNITED COMMUNITY BANK,65.0,
Town & Country Bank,104538.0,63069,CITY NATIONAL BANK,64.86486486486487,
Town & Country Bank,104538.0,259518,NATIONAL CITY BANK,64.86486486486487,
Town Square Bank,142597.0,233031,REGIONS BANK,64.28571428571428,
Town Square Bank,142597.0,711472,BANK OF GUAM,64.28571428571428,
Town Square Bank,142597.0,676160,FAR EAST NATIONAL BANK,63.1578947368421,
Town and Country Bank,,1017939,UNITED COMMUNITY BANK,61.904761904761905,
Town and Country Bank,,130943,IRWIN UNION BANK AND TRUST COMPANY,61.81818181818181,
Town and Country Bank,,63069,CITY NATIONAL BANK,61.53846153846154,
Towne Bank,51833.0,804963,BANK OF THE WEST,72.72727272727273,
Towne Bank,51833.0,1464122,WHITNEY BANK,72.72727272727273,
Towne Bank,51833.0,2253891,CAPITAL ONE BANK,69.23076923076923,
Tradition Capital Bank,171248.0,2253891,CAPITAL ONE BANK,78.94736842105263,
Tradition Capital Bank,171248.0,63069,CITY NATIONAL BANK,70.0,
Tradition Capital Bank,171248.0,259518,NATIONAL CITY BANK,70.0,
Transportation Alliance Bank,55146.0,2736219,"TRANSPORTATION ALLIANCE BANK, INC.",100.0,
Tri Counties Bank,167315.0,783648,CENTIER BANK,75.86206896551724,
Tri Counties Bank,167315.0,60143,COMERICA BANK,66.66666666666667,
Tri Counties Bank,167315.0,675332,SUNTRUST BANK,66.66666666666667,
Triad Bank,131007.0,538802,INTERAUDI BANK,75.0,
Triad Bank,131007.0,60143,COMERICA BANK,69.56521739130434,
Triad Bank,131007.0,978154,STERLING BANK,69.56521739130434,
Triangle Capital Corp,90866.0,2253891,CAPITAL ONE BANK,62.5,
Tristate Capital Bank,60748.0,2253891,CAPITAL ONE BANK,75.67567567567568,
Tristate Capital Bank,60748.0,342634,TRUSTMARK NATIONAL BANK,68.18181818181819,
Tristate Capital Bank,60748.0,310727,CAROLINA FIRST BANK,65.0,
Triumph Bank,104606.0,1718188,NORTHRIM BANK,72.0,
Triumph Bank,104606.0,675332,SUNTRUST BANK,64.0,
Triumph Bank,104606.0,978154,STERLING BANK,64.0,
Triumph Savings Bank,139620.0,2502656,USAA SAVINGS BANK,75.67567567567568,
Triumph Savings Bank,139620.0,75633,HARRIS TRUST AND SAVINGS BANK,65.3061224489796,
Triumph Savings Bank,139620.0,619877,USAA FEDERAL SAVINGS BANK,62.22222222222222,
Truist Bank,153976.0,675332,SUNTRUST BANK,83.33333333333334,
Truist Bank,153976.0,817833,SOUTHTRUST BANK,76.92307692307692,
Truist Bank,153976.0,2950677,CIT BANK,73.6842105263158,
Truist Financial,150321.0,526452,1ST FINANCIAL BANK USA,63.1578947368421,
Trustmark Bank,185512.0,342634,TRUSTMARK NATIONAL BANK,75.67567567567568,
Trustmark Bank,185512.0,675332,SUNTRUST BANK,74.07407407407408,
Trustmark Bank,185512.0,817833,SOUTHTRUST BANK,68.96551724137932,
Trustmark National Bank,51912.0,342634,TRUSTMARK NATIONAL BANK,100.0,
Trustmark National Bank,51912.0,64619,STERLING NATIONAL BANK,75.55555555555556,
Trustmark National Bank,51912.0,266271,TCF NATIONAL BANK,75.0,
Twin Brook Capital Partners,122395.0,2253891,CAPITAL ONE BANK,60.46511627906976,
Two River Community,124458.0,1017939,UNITED COMMUNITY BANK,60.0,
Two Rivers Bank & Trust,109691.0,911807,INVESTORS BANK & TRUST COMPANY,67.9245283018868,
Two Rivers Bank & Trust,109691.0,837260,CALIFORNIA BANK & TRUST,65.21739130434783,
Two Rivers Bank & Trust,109691.0,75633,HARRIS TRUST AND SAVINGS BANK,61.53846153846154,
UMB Bank Arizona NA,107918.0,1160732,SUN AMERICAN BANK,66.66666666666667,
UMB Bank Arizona NA,107918.0,1004368,NATIONAL BANK OF ARIZONA,65.0,
UMB Bank Arizona NA,107918.0,810900,"ASIA BANK, N.A.",64.0,
UMB Bank NA,52947.0,66015,BPD BANK,75.0,
UMB Bank NA,52947.0,711472,BANK OF GUAM,70.0,
UMB Bank NA,52947.0,3212149,UBS BANK USA,70.0,
US AgBank,74729.0,3212149,UBS BANK USA,66.66666666666667,
US AgBank,74729.0,675332,SUNTRUST BANK,63.63636363636363,
US AgBank,74729.0,101019,BANK LEUMI USA,60.86956521739131,
US Bancorp,27016.0,3402913,BANESCO USA,76.19047619047619,
US Bancorp,27016.0,3146150,U.S. CENTURY BANK,64.0,
US Bancorp,27016.0,697633,COMPASS BANK,63.63636363636363,
US Bank Trust National Association,49860.0,504713,U.S. BANK NATIONAL ASSOCIATION,90.32258064516128,
US Bank Trust National Association,49860.0,141556,STEARNS BANK NATIONAL ASSOCIATION,86.56716417910448,
US Bank Trust National Association,49860.0,922728,RIGGS BANK NATIONAL ASSOCIATION,86.15384615384616,
US Eximbank,186209.0,3212149,UBS BANK USA,60.86956521739131,
US International Development Finance Corp,151579.0,867632,INTERNATIONAL FINANCE BANK,74.19354838709677,
US International Development Finance Corp,151579.0,160614,FIDUCIARY TRUST COMPANY INTERNATIONAL,65.75342465753424,
US International Development Finance Corp,151579.0,564557,FALCON INTERNATIONAL BANK,62.295081967213115,
US International Development Finance Corporation (DFC),191812.0,867632,INTERNATIONAL FINANCE BANK,67.64705882352942,
US International Development Finance Corporation (DFC),191812.0,160614,FIDUCIARY TRUST COMPANY INTERNATIONAL,63.29113924050633,
Umpqua Bank,60043.0,101019,BANK LEUMI USA,72.0,
Umpqua Bank,60043.0,697633,COMPASS BANK,69.56521739130434,
Umpqua Bank,60043.0,3212149,UBS BANK USA,69.56521739130434,
UniCredit Bank GmbH,188464.0,1017939,UNITED COMMUNITY BANK,60.0,
Unibank,142868.0,476810,"CITIBANK, N.A.",66.66666666666667,
Unibank,142868.0,810900,"ASIA BANK, N.A.",62.5,
Unibank SA,163222.0,810900,"ASIA BANK, N.A.",73.6842105263158,
Unibank SA,163222.0,3284070,ALLY BANK,63.1578947368421,
Union Bank & Trust Co,61696.0,682563,"FROST NATIONAL BANK, THE",70.27027027027026,
Union Bank & Trust Co,61696.0,130943,IRWIN UNION BANK AND TRUST COMPANY,65.38461538461539,
Union Bank & Trust Co,61696.0,675332,SUNTRUST BANK,64.51612903225806,
Union Bank of India (UK),171975.0,112837,HIBERNIA NATIONAL BANK,60.86956521739131,
Union Bank of India (UK),171975.0,2132941,"NATIONAL BANK OF INDIANAPOLIS, THE",60.37735849056604,
Union First Market,119745.0,510871,FIRSTBANK PUERTO RICO,61.53846153846154,
Union National Bank [US],51135.0,276579,ZIONS FIRST NATIONAL BANK,73.46938775510203,
Union National Bank [US],51135.0,208244,OLD NATIONAL BANK,73.17073170731707,
Union National Bank [US],51135.0,873138,WHITNEY NATIONAL BANK,71.11111111111111,
United Bancshares Inc,172483.0,613307,PEOPLE'S UNITED BANK,64.86486486486487,
United Bancshares Inc,172483.0,2860440,1ST UNITED BANK,62.5,
United Bancshares Inc,172483.0,43173,UNITED COMMERCIAL BANK,61.53846153846154,
United Bank,52641.0,2860440,1ST UNITED BANK,84.61538461538461,
United Bank,52641.0,2950677,CIT BANK,73.6842105263158,
United Bank,52641.0,538802,INTERAUDI BANK,72.0,
United Bank & Trust,88696.0,2860440,1ST UNITED BANK,70.58823529411764,
United Bank & Trust,88696.0,1017939,UNITED COMMUNITY BANK,70.0,
United Bank & Trust,88696.0,613307,PEOPLE'S UNITED BANK,66.66666666666667,
United Bank of Iowa,115454.0,391575,"UNITED FIDELITY BANK, FSB",69.76744186046511,
United Bank of Iowa,115454.0,43173,UNITED COMMERCIAL BANK,68.29268292682926,
United Bank of Iowa,115454.0,613307,PEOPLE'S UNITED BANK,66.66666666666667,
United Bank of Philadelphia,75690.0,391575,"UNITED FIDELITY BANK, FSB",70.58823529411764,
United Bank of Philadelphia,75690.0,613307,PEOPLE'S UNITED BANK,68.08510638297872,
United Bank of Philadelphia,75690.0,43173,UNITED COMMERCIAL BANK,65.3061224489796,
United Bank of West Virginia,57914.0,1007846,FIRST MIDWEST BANK,60.86956521739131,
United Bank of West Virginia,57914.0,804963,BANK OF THE WEST,60.0,
United Capital Corp,40755.0,2253891,CAPITAL ONE BANK,66.66666666666667,
United Capital Corp,40755.0,2860440,1ST UNITED BANK,62.06896551724138,
United Capital Corp,40755.0,43173,UNITED COMMERCIAL BANK,61.111111111111114,
United Community Bancshares Inc,86973.0,1017939,UNITED COMMUNITY BANK,83.33333333333334,
United Community Bancshares Inc,86973.0,43173,UNITED COMMERCIAL BANK,65.3061224489796,
United Community Bank,110102.0,1017939,UNITED COMMUNITY BANK,100.0,
United Community Bank,110102.0,43173,UNITED COMMERCIAL BANK,79.06976744186046,
United Community Bank,110102.0,391575,"UNITED FIDELITY BANK, FSB",66.66666666666667,
United FCS,56183.0,2860440,1ST UNITED BANK,64.0,
United Insurance Company of America,104829.0,214807,DEUTSCHE BANK TRUST COMPANY AMERICAS,61.9718309859155,
United Leasing Inc,58846.0,2860440,1ST UNITED BANK,62.06896551724138,
United National Bank,47745.0,53033,MELLON UNITED NATIONAL BANK,85.1063829787234,
United National Bank,47745.0,873138,WHITNEY NATIONAL BANK,82.92682926829268,
United National Bank,47745.0,208244,OLD NATIONAL BANK,81.08108108108108,
United States Life Insurance Co City of New York,92724.0,2333412,UNITED STATES TRUST COMPANY OF NEW YORK,69.04761904761905,
United Texas Bank,146378.0,613307,PEOPLE'S UNITED BANK,75.67567567567568,
United Texas Bank,146378.0,43173,UNITED COMMERCIAL BANK,71.7948717948718,
United Texas Bank,146378.0,2860440,1ST UNITED BANK,68.75,
United Trust Bank,47746.0,1017939,UNITED COMMUNITY BANK,73.6842105263158,
United Trust Bank,47746.0,613307,PEOPLE'S UNITED BANK,70.27027027027026,
United Trust Bank,47746.0,2860440,1ST UNITED BANK,68.75,
Unity National Bank of Houston,165549.0,53033,MELLON UNITED NATIONAL BANK,73.6842105263158,
Unity National Bank of Houston,165549.0,12311,"HUNTINGTON NATIONAL BANK, THE",70.37037037037037,
Unity National Bank of Houston,165549.0,682563,"FROST NATIONAL BANK, THE",69.38775510204081,
Univest Bank and Trust Co,168500.0,1007846,FIRST MIDWEST BANK,65.0,
Univest Bank and Trust Co,168500.0,130943,IRWIN UNION BANK AND TRUST COMPANY,64.28571428571428,
Univest Bank and Trust Co,168500.0,197478,EAST WEST BANK,61.111111111111114,
Univest National Bank,82563.0,266271,TCF NATIONAL BANK,78.94736842105263,
Univest National Bank,82563.0,229801,VALLEY NATIONAL BANK,78.04878048780488,
Univest National Bank,82563.0,342634,TRUSTMARK NATIONAL BANK,77.27272727272727,
Utah Bank,33196.0,2950677,CIT BANK,70.58823529411764,
Utah Bank,33196.0,595869,CATHAY BANK,70.0,
Utah Bank,33196.0,711472,BANK OF GUAM,66.66666666666667,
VIST Bank,103064.0,2950677,CIT BANK,82.35294117647058,
VIST Bank,103064.0,612618,"PROVIDENT BANK, THE",69.56521739130434,
VIST Bank,103064.0,233031,REGIONS BANK,66.66666666666667,
VNB New York,132414.0,541101,"BANK OF NEW YORK, THE",64.28571428571428,
Valley Bank & Trust,88787.0,802866,SILICON VALLEY BANK,68.42105263157895,
Valley Bank & Trust,88787.0,229801,VALLEY NATIONAL BANK,66.66666666666667,
Valley Bank & Trust,88787.0,1456501,"MORGAN STANLEY BANK, N.A.",63.1578947368421,
Valley National Bank (New Jersey),50511.0,229801,VALLEY NATIONAL BANK,75.47169811320755,
Valley National Bank (New Jersey),50511.0,171133,EASTERN NATIONAL BANK,62.96296296296296,
Valley National Bank (New Jersey),50511.0,76201,FLEET NATIONAL BANK,61.53846153846154,
Valley National Corp,48013.0,229801,VALLEY NATIONAL BANK,85.71428571428572,
Valley National Corp,48013.0,802866,SILICON VALLEY BANK,64.70588235294117,
Valley National Corp,48013.0,208244,OLD NATIONAL BANK,62.5,
Valley Republic Bank,161223.0,802866,SILICON VALLEY BANK,76.92307692307692,
Valley Republic Bank,161223.0,4114567,FIRST REPUBLIC BANK,66.66666666666667,
Valley Republic Bank,161223.0,229801,VALLEY NATIONAL BANK,65.0,
Vancity Community Investment Bank,162042.0,1017939,UNITED COMMUNITY BANK,66.66666666666667,
Vancity Community Investment Bank,162042.0,911807,INVESTORS BANK & TRUST COMPANY,60.31746031746032,
Vantage Bank,149556.0,595869,CATHAY BANK,69.56521739130434,
Vantage Bank,149556.0,783648,CENTIER BANK,66.66666666666667,
Vantage Bank,149556.0,1456501,"MORGAN STANLEY BANK, N.A.",64.51612903225806,
VantageSouth Bank,108752.0,197478,EAST WEST BANK,64.51612903225806,
VantageSouth Bank,108752.0,817833,SOUTHTRUST BANK,62.5,
VantageSouth Bank,108752.0,675332,SUNTRUST BANK,60.0,
Vast Bank,154183.0,2950677,CIT BANK,70.58823529411764,
Vast Bank,154183.0,595869,CATHAY BANK,70.0,
Vast Bank,154183.0,197478,EAST WEST BANK,69.56521739130434,
Vector Capital,59970.0,2253891,CAPITAL ONE BANK,60.0,
Vectra Bank of Colorado NA,78944.0,933957,"VECTRA BANK COLORADO, NATIONAL ASSOCIATION",68.75,
Vectra Bank of Colorado NA,78944.0,3783313,CROSS RIVER BANK,61.53846153846154,
Vectra Bank of Colorado NA,78944.0,665931,NORTHERN TRUST BANK OF FLORIDA N.A.,60.37735849056604,
Vectra Banking Corp,66153.0,538802,INTERAUDI BANK,64.28571428571428,
Vectra Banking Corp,66153.0,595869,CATHAY BANK,64.0,
Vectra Banking Corp,66153.0,2950677,CIT BANK,63.63636363636363,
Veritex Community Bank,138186.0,1017939,UNITED COMMUNITY BANK,83.72093023255813,
Veritex Community Bank,138186.0,43173,UNITED COMMERCIAL BANK,63.63636363636363,
Veritex Community Bank,138186.0,60143,COMERICA BANK,62.857142857142854,
Vertex Bank,153475.0,783648,CENTIER BANK,69.56521739130434,
Vertex Bank,153475.0,30810,DISCOVER BANK,66.66666666666667,
Vertex Bank,153475.0,197478,EAST WEST BANK,64.0,
ViewPoint Bank,106247.0,804208,GREENPOINT BANK,75.86206896551724,
ViewPoint Bank,106247.0,612618,"PROVIDENT BANK, THE",71.42857142857143,
ViewPoint Bank,106247.0,777366,BANK OF THE ORIENT,64.28571428571428,
Village Bank,105183.0,874845,LAKE CITY BANK,69.23076923076923,
Village Bank,105183.0,612618,"PROVIDENT BANK, THE",61.53846153846154,
Village Bank,105183.0,934329,"MELLON BANK, N.A.",60.86956521739131,
Village Bank & Trust NA,167777.0,675332,SUNTRUST BANK,60.60606060606061,
Virginia Commerce Bancorp Inc,43579.0,750864,CALIFORNIA COMMERCE BANK,61.224489795918366,
Virginia Commerce Bancorp Inc,43579.0,44134,FIRST COMMERCIAL BANK,60.86956521739131,
Vista Bank,189386.0,2950677,CIT BANK,77.77777777777779,
Vista Bank,189386.0,101019,BANK LEUMI USA,66.66666666666667,
Vista Bank,189386.0,538802,INTERAUDI BANK,66.66666666666667,
Voya Financial Inc,125678.0,526452,1ST FINANCIAL BANK USA,61.111111111111114,
WCF Financial Bank,185599.0,526452,1ST FINANCIAL BANK USA,75.0,
WCF Financial Bank,185599.0,266271,TCF NATIONAL BANK,74.28571428571429,
WCF Financial Bank,185599.0,163473,CITIZENS FINANCIAL BANK,68.29268292682926,
WSFS Bank,80687.0,697633,COMPASS BANK,66.66666666666667,
WSFS Bank,80687.0,804963,BANK OF THE WEST,66.66666666666667,
WSFS Bank,80687.0,3212149,UBS BANK USA,66.66666666666667,
Washington Bank,72853.0,1464122,WHITNEY BANK,74.07407407407408,
Washington Bank,72853.0,58243,JOHNSON BANK,66.66666666666667,
Washington Bank,72853.0,2253891,CAPITAL ONE BANK,64.51612903225806,
Washington Federal Bank,187659.0,619877,USAA FEDERAL SAVINGS BANK,70.83333333333333,
Washington Federal Bank,187659.0,76201,FLEET NATIONAL BANK,61.904761904761905,
Washington Federal Bank,187659.0,978154,STERLING BANK,61.111111111111114,
Washington Federal Savings Bank,92959.0,619877,USAA FEDERAL SAVINGS BANK,78.57142857142857,
Washington Financial Bank,115593.0,873138,WHITNEY NATIONAL BANK,69.56521739130434,
Washington Financial Bank,115593.0,526452,1ST FINANCIAL BANK USA,68.08510638297872,
Washington Financial Bank,115593.0,867632,INTERNATIONAL FINANCE BANK,66.66666666666667,
Washington Trust,51021.0,272218,WILMINGTON TRUST COMPANY,65.0,
WaterStone Bank,146586.0,197478,EAST WEST BANK,68.96551724137932,
WaterStone Bank,146586.0,171133,EASTERN NATIONAL BANK,66.66666666666667,
WaterStone Bank,146586.0,804963,BANK OF THE WEST,66.66666666666667,
Waterfall Finance 4 LLC,116489.0,867632,INTERNATIONAL FINANCE BANK,62.22222222222222,
Watermark Bank,174061.0,342634,TRUSTMARK NATIONAL BANK,64.86486486486487,
Watermark Bank,174061.0,538802,INTERAUDI BANK,64.28571428571428,
Watermark Bank,174061.0,595869,CATHAY BANK,64.0,
Wayne Bank,111470.0,1464122,WHITNEY BANK,72.72727272727273,
Wayne Bank,111470.0,595869,CATHAY BANK,66.66666666666667,
Wayne Bank,111470.0,463735,HANCOCK BANK,63.63636363636363,
Webster Bank NA,48050.0,783648,CENTIER BANK,75.0,
Webster Bank NA,48050.0,804963,BANK OF THE WEST,75.0,
Webster Bank NA,48050.0,978154,STERLING BANK,72.0,
Webster Five Bank,136931.0,804963,BANK OF THE WEST,75.86206896551724,
Webster Five Bank,136931.0,197478,EAST WEST BANK,70.96774193548387,
Webster Five Bank,136931.0,1007846,FIRST MIDWEST BANK,68.57142857142857,
Wellington Partners LP,88484.0,272218,WILMINGTON TRUST COMPANY,65.11627906976744,
Wells Fargo & Co,19499.0,167565,"WELLS FARGO BANK, LTD.",82.75862068965517,
Wentworth Insurance Company Ltd,55204.0,210434,"NORTHERN TRUST COMPANY, THE",61.224489795918366,
Wesbanco Bank Inc,90375.0,463735,HANCOCK BANK,72.0,
Wesbanco Bank Inc,90375.0,1216022,SYNCHRONY BANK,66.66666666666667,
Wesbanco Bank Inc,90375.0,804963,BANK OF THE WEST,64.0,
West Alabama Bank & Trust,174075.0,197478,EAST WEST BANK,61.53846153846154,
West Alabama Bank & Trust,174075.0,1007846,FIRST MIDWEST BANK,60.46511627906976,
West Bank,54670.0,804963,BANK OF THE WEST,85.71428571428572,
West Bank,54670.0,197478,EAST WEST BANK,78.26086956521739,
West Bank,54670.0,2950677,CIT BANK,70.58823529411764,
West Coast Community Bancorp,175884.0,1017939,UNITED COMMUNITY BANK,61.224489795918366,
West Michigan Community Bank,187310.0,1017939,UNITED COMMUNITY BANK,69.38775510204081,
West Michigan Community Bank,187310.0,44134,FIRST COMMERCIAL BANK,61.224489795918366,
West Michigan Community Bank,187310.0,1007846,FIRST MIDWEST BANK,60.86956521739131,
West Suburban Bank,107540.0,197478,EAST WEST BANK,68.75,
West Suburban Bank,107540.0,804963,BANK OF THE WEST,66.66666666666667,
West Suburban Bank,107540.0,675332,SUNTRUST BANK,64.51612903225806,
West Texas National Bank,55262.0,1225761,WELLS FARGO NATIONAL BANK WEST,77.77777777777779,
West Texas National Bank,55262.0,266271,TCF NATIONAL BANK,73.17073170731707,
West Texas National Bank,55262.0,229801,VALLEY NATIONAL BANK,72.72727272727273,
WestStar Bank,80390.0,197478,EAST WEST BANK,74.07407407407408,
WestStar Bank,80390.0,804963,BANK OF THE WEST,72.0,
WestStar Bank,80390.0,675332,SUNTRUST BANK,69.23076923076923,
Westchester Bank,148733.0,197478,EAST WEST BANK,73.33333333333334,
Westchester Bank,148733.0,783648,CENTIER BANK,71.42857142857143,
Westchester Bank,148733.0,817833,SOUTHTRUST BANK,64.51612903225806,
Western Alliance Bancorp,104660.0,2736219,"TRANSPORTATION ALLIANCE BANK, INC.",61.53846153846154,
Western Alliance Bank,185592.0,2736219,"TRANSPORTATION ALLIANCE BANK, INC.",69.38775510204081,
Western Alliance Bank,185592.0,1160732,SUN AMERICAN BANK,63.1578947368421,
Western Alliance Bank,185592.0,714811,"CHINESE AMERICAN BANK, THE",61.904761904761905,
Western Bank,89369.0,978154,STERLING BANK,80.0,
Western Bank,89369.0,783648,CENTIER BANK,75.0,
Western Bank,89369.0,804963,BANK OF THE WEST,75.0,
Western Bank Artesia,186956.0,1160732,SUN AMERICAN BANK,64.86486486486487,
Western Bank Artesia,186956.0,714811,"CHINESE AMERICAN BANK, THE",63.41463414634146,
Western Bank Artesia,186956.0,810900,"ASIA BANK, N.A.",62.06896551724138,
Western Commerce Bank,112700.0,44134,FIRST COMMERCIAL BANK,71.42857142857143,
Western Commerce Bank,112700.0,43173,UNITED COMMERCIAL BANK,69.76744186046511,
Western Commerce Bank,112700.0,804963,BANK OF THE WEST,66.66666666666667,
Western Regional Insurance Company Inc,114464.0,160614,FIDUCIARY TRUST COMPANY INTERNATIONAL,61.9718309859155,
Westfield Bank,117702.0,783648,CENTIER BANK,69.23076923076923,
Westfield Bank,117702.0,804963,BANK OF THE WEST,69.23076923076923,
Westfield Bank,117702.0,978154,STERLING BANK,66.66666666666667,
Westrust Bank,142879.0,675332,SUNTRUST BANK,84.61538461538461,
Westrust Bank,142879.0,817833,SOUTHTRUST BANK,78.57142857142857,
Westrust Bank,142879.0,197478,EAST WEST BANK,74.07407407407408,
White Oak Commercial Finance LLC,142281.0,43173,UNITED COMMERCIAL BANK,60.0,
Wilmington Bank,55289.0,272218,WILMINGTON TRUST COMPANY,66.66666666666667,
Wilmington Bank,55289.0,1464122,WHITNEY BANK,66.66666666666667,
Wilmington Bank,55289.0,978154,STERLING BANK,64.28571428571428,
Wilmington Trust Ltd,172897.0,272218,WILMINGTON TRUST COMPANY,80.0,
Wilshire Bank,123537.0,1464122,WHITNEY BANK,72.0,
Wilshire Bank,123537.0,723112,FIFTH THIRD BANK,62.06896551724138,
Wilshire Bank,123537.0,30810,DISCOVER BANK,61.53846153846154,
Wintrust Financial Corp,42405.0,526452,1ST FINANCIAL BANK USA,60.0,
Wio Bank,186030.0,2950677,CIT BANK,75.0,
Wio Bank,186030.0,795968,BANK OF HAWAII,72.72727272727273,
Wio Bank,186030.0,233031,REGIONS BANK,70.0,
Wisconsin Bank & Trust,163936.0,980661,FIRST HAWAIIAN BANK,63.41463414634146,
Wisconsin River Bank,107851.0,233031,REGIONS BANK,68.75,
Wisconsin River Bank,107851.0,980661,FIRST HAWAIIAN BANK,61.53846153846154,
WoodTrust Bank,162386.0,817833,SOUTHTRUST BANK,75.86206896551724,
WoodTrust Bank,162386.0,675332,SUNTRUST BANK,74.07407407407408,
WoodTrust Bank,162386.0,777366,BANK OF THE ORIENT,64.28571428571428,
Woodforest Bank,187664.0,777366,BANK OF THE ORIENT,75.86206896551724,
Woodforest Bank,187664.0,804963,BANK OF THE WEST,74.07407407407408,
Woodforest Bank,187664.0,541101,"BANK OF NEW YORK, THE",64.51612903225806,
Woodforest National Bank,110740.0,208244,OLD NATIONAL BANK,78.04878048780488,
Woodforest National Bank,110740.0,266271,TCF NATIONAL BANK,73.17073170731707,
Woodforest National Bank,110740.0,342634,TRUSTMARK NATIONAL BANK,72.34042553191489,
World Bank,17914.0,66015,BPD BANK,66.66666666666667,
World Bank,17914.0,541101,"BANK OF NEW YORK, THE",61.53846153846154,
World Bank,17914.0,725732,BAC FLORIDA BANK,61.53846153846154,
Xalqbank Ojsc,164996.0,790534,TOTALBANK,63.63636363636363,
Xenith bank,103255.0,2950677,CIT BANK,73.6842105263158,
Xenith bank,103255.0,783648,CENTIER BANK,69.56521739130434,
Xenith bank,103255.0,804208,GREENPOINT BANK,69.23076923076923,
Yadkin Bank,117890.0,538802,INTERAUDI BANK,64.0,
Yadkin Bank,117890.0,874845,LAKE CITY BANK,64.0,
Yadkin Bank,117890.0,66015,BPD BANK,63.1578947368421,
Z Capital Inc,75225.0,2253891,CAPITAL ONE BANK,64.0,
Zions Bancorporation,120947.0,276579,ZIONS FIRST NATIONAL BANK,66.66666666666667,
income Fund of America,56077.0,714811,"CHINESE AMERICAN BANK, THE",60.46511627906976,
o15 Capital Partners,186261.0,2253891,CAPITAL ONE BANK,61.111111111111114,
village bank,105183.0,874845,LAKE CITY BANK,69.23076923076923,
village bank,105183.0,612618,"PROVIDENT BANK, THE",61.53846153846154,
village bank,105183.0,934329,"MELLON BANK, N.A.",60.86956521739131,
