rssd9001,quarter_end,role_group,n_loans,total_amount,mean_spread
12311,2010-03-31,Participant,8,176.4997,328.1250
12311,2010-06-30,Lead/Arranger-type,1,40.0001,280.0000
12311,2010-06-30,Participant,11,193.4997,277.5000
12311,2010-09-30,Lead/Arranger-type,2,21.0000,408.3333
12311,2010-09-30,Participant,7,143.7568,277.2727
12311,2010-12-31,Lead/Arranger-type,1,45.0000,
12311,2010-12-31,Participant,10,247.4800,251.2500
12311,2011-03-31,Lead/Arranger-type,2,60.0000,355.0000
12311,2011-03-31,Participant,9,144.3023,291.7500
12311,2011-06-30,Lead/Arranger-type,2,80.0000,258.3333
12311,2011-06-30,Participant,17,394.5025,232.1429
12311,2011-09-30,Lead/Arranger-type,0,0.0000,102.5000
12311,2011-09-30,Participant,7,109.4807,248.0682
12311,2011-12-31,Lead/Arranger-type,3,55.5000,290.0000
12311,2011-12-31,Participant,24,459.7270,222.7344
12311,2012-03-31,Lead/Arranger-type,3,43.4980,393.7500
12311,2012-03-31,Participant,17,297.7594,272.9878
12311,2012-06-30,Lead/Arranger-type,3,65.0015,280.6818
12311,2012-06-30,Participant,18,449.9837,251.7424
12311,2012-09-30,Lead/Arranger-type,2,38.2175,390.6250
12311,2012-09-30,Participant,13,208.9915,230.2778
12311,2012-12-31,Lead/Arranger-type,5,55.4499,375.0000
12311,2012-12-31,Participant,23,256.5525,279.8684
12311,2013-03-31,Lead/Arranger-type,1,30.0000,251.0000
12311,2013-03-31,Participant,14,314.9944,238.9815
12311,2013-06-30,Lead/Arranger-type,1,27.4960,237.5000
12311,2013-06-30,Participant,16,269.4792,150.0000
12311,2013-09-30,Lead/Arranger-type,2,45.0005,292.7083
12311,2013-09-30,Participant,16,301.6344,220.3947
12311,2013-12-31,Lead/Arranger-type,1,25.0050,276.6667
12311,2013-12-31,Participant,11,138.9736,230.8529
12311,2014-03-31,Lead/Arranger-type,0,0.0000,190.0000
12311,2014-03-31,Participant,4,77.9980,237.8125
12311,2014-06-30,Lead/Arranger-type,3,39.9985,245.8333
12311,2014-06-30,Participant,15,279.9596,197.0000
12311,2014-09-30,Lead/Arranger-type,2,85.0000,275.0000
12311,2014-09-30,Participant,13,268.4900,214.2361
12311,2014-12-31,Lead/Arranger-type,0,0.0000,262.5000
12311,2014-12-31,Participant,17,291.3642,206.4674
12311,2015-03-31,Lead/Arranger-type,0,0.0000,197.5000
12311,2015-03-31,Participant,4,101.5730,189.4792
12311,2015-06-30,Lead/Arranger-type,0,0.0000,277.2727
12311,2015-06-30,Participant,12,211.7176,198.0597
12311,2015-09-30,Lead/Arranger-type,1,35.0000,268.1818
12311,2015-09-30,Participant,8,322.9965,218.5588
12311,2015-12-31,Lead/Arranger-type,0,0.0000,233.1818
12311,2015-12-31,Participant,24,510.3385,202.7451
12311,2016-03-31,Lead/Arranger-type,0,0.0000,277.0000
12311,2016-03-31,Participant,10,176.8468,257.1477
12311,2016-06-30,Lead/Arranger-type,5,107.8590,187.8571
12311,2016-06-30,Participant,11,262.5352,173.9375
12311,2016-09-30,Lead/Arranger-type,0,0.0000,317.8571
12311,2016-09-30,Participant,4,72.5029,231.3068
12311,2016-12-31,Lead/Arranger-type,0,0.0000,277.5000
12311,2016-12-31,Participant,9,163.0980,200.9444
12311,2017-03-31,Lead/Arranger-type,1,45.0000,378.4615
12311,2017-03-31,Participant,3,37.4950,195.9286
12311,2017-06-30,Lead/Arranger-type,2,45.0075,225.9091
12311,2017-06-30,Participant,8,167.5950,201.3889
12311,2017-09-30,Lead/Arranger-type,0,0.0000,258.0000
12311,2017-09-30,Participant,3,74.9520,175.7000
12311,2017-12-31,Lead/Arranger-type,0,0.0000,309.6429
12311,2017-12-31,Participant,1,59.8500,239.6410
12311,2018-03-31,Lead/Arranger-type,0,0.0000,224.5000
12311,2018-03-31,Participant,1,75.0300,205.8974
12311,2018-06-30,Lead/Arranger-type,0,0.0000,261.6667
12311,2018-06-30,Participant,2,95.0900,193.8646
12311,2018-09-30,Lead/Arranger-type,0,0.0000,225.0000
12311,2018-09-30,Participant,3,178.0000,190.6604
12311,2018-12-31,Lead/Arranger-type,1,72.4900,295.2381
12311,2018-12-31,Participant,3,114.9200,171.8396
12311,2019-03-31,Lead/Arranger-type,0,0.0000,284.2308
12311,2019-03-31,Participant,6,135.0240,210.7456
12311,2019-06-30,Lead/Arranger-type,0,0.0000,247.3529
12311,2019-06-30,Participant,2,25.0000,172.6250
12311,2019-09-30,Lead/Arranger-type,0,0.0000,222.1739
12311,2019-09-30,Participant,0,0.0000,193.0660
12311,2019-12-31,Lead/Arranger-type,0,0.0000,273.0000
12311,2019-12-31,Participant,0,0.0000,152.7419
12311,2020-03-31,Lead/Arranger-type,0,0.0000,329.8684
12311,2020-03-31,Participant,1,42.9000,195.3846
12311,2020-06-30,Lead/Arranger-type,0,0.0000,359.0625
12311,2020-06-30,Participant,1,50.0000,254.9194
12311,2020-09-30,Lead/Arranger-type,0,0.0000,256.6667
12311,2020-09-30,Participant,1,99.9000,238.8000
12311,2020-12-31,Lead/Arranger-type,0,0.0000,243.7500
12311,2020-12-31,Participant,0,0.0000,200.3846
12311,2021-03-31,Lead/Arranger-type,0,0.0000,218.8235
12311,2021-03-31,Participant,3,107.5000,189.1379
12311,2021-06-30,Lead/Arranger-type,4,158.4950,184.5968
12311,2021-06-30,Participant,4,190.0900,174.2500
12311,2021-09-30,Lead/Arranger-type,1,57.3500,217.1667
12311,2021-09-30,Participant,4,236.1500,195.8019
12311,2021-12-31,Lead/Arranger-type,0,0.0000,243.2000
12311,2021-12-31,Participant,4,113.6400,165.2308
12311,2022-03-31,Lead/Arranger-type,2,100.0180,210.1250
12311,2022-03-31,Participant,3,340.1800,181.3426
12311,2022-06-30,Lead/Arranger-type,3,79.9600,156.5132
12311,2022-06-30,Participant,3,174.9900,173.7338
12311,2022-09-30,Lead/Arranger-type,0,0.0000,153.2843
12311,2022-09-30,Participant,2,224.9500,158.5660
12311,2022-12-31,Lead/Arranger-type,2,310.1750,190.3125
12311,2022-12-31,Participant,3,204.9750,152.4539
12311,2023-03-31,Lead/Arranger-type,2,147.0000,253.0172
12311,2023-03-31,Participant,0,0.0000,191.6346
12311,2023-06-30,Lead/Arranger-type,2,75.0950,187.3095
12311,2023-06-30,Participant,3,32.4650,234.4697
12311,2023-09-30,Lead/Arranger-type,4,155.4900,176.5625
12311,2023-09-30,Participant,1,24.7584,250.4429
12311,2023-12-31,Lead/Arranger-type,0,0.0000,175.0000
12311,2023-12-31,Participant,3,109.9775,223.8383
12311,2024-03-31,Lead/Arranger-type,0,0.0000,253.4000
12311,2024-03-31,Participant,1,58.3750,239.5833
12311,2024-06-30,Lead/Arranger-type,2,369.9300,247.2297
12311,2024-06-30,Participant,3,177.7600,177.8731
12311,2024-09-30,Lead/Arranger-type,12,805.9475,212.7059
12311,2024-09-30,Participant,9,595.8299,191.9459
12311,2024-12-31,Lead/Arranger-type,18,743.7721,221.0169
12311,2024-12-31,Participant,14,460.1680,206.3770
12311,2025-03-31,Lead/Arranger-type,22,1120.6655,215.5618
12311,2025-03-31,Participant,13,680.6560,179.4271
12311,2025-06-30,Lead/Arranger-type,11,500.0182,201.3362
12311,2025-06-30,Participant,36,1058.7529,171.6987
12311,2025-09-30,Lead/Arranger-type,28,1536.2820,216.0870
12311,2025-09-30,Participant,11,624.0700,199.4022
12311,2025-12-31,Lead/Arranger-type,13,649.0065,203.9604
12311,2025-12-31,Participant,16,848.9590,176.3750
35301,2010-03-31,Lead/Arranger-type,0,0.0000,150.0000
35301,2010-03-31,Participant,1,24.9997,100.0000
35301,2010-06-30,Lead/Arranger-type,0,0.0000,37.5000
35301,2010-06-30,Participant,6,429.9986,185.5000
35301,2010-09-30,Participant,6,241.2502,162.5000
35301,2010-12-31,Participant,4,125.0403,57.5000
35301,2011-03-31,Lead/Arranger-type,0,0.0000,120.0000
35301,2011-03-31,Participant,5,127.4900,143.7500
35301,2011-06-30,Lead/Arranger-type,0,0.0000,137.5000
35301,2011-06-30,Participant,5,159.6950,158.3333
35301,2011-09-30,Participant,2,69.9375,150.0000
35301,2011-12-31,Lead/Arranger-type,0,0.0000,75.0000
35301,2011-12-31,Participant,10,450.3300,82.9545
35301,2012-03-31,Lead/Arranger-type,0,0.0000,97.5000
35301,2012-03-31,Participant,1,100.8000,120.5000
35301,2012-06-30,Lead/Arranger-type,2,115.0000,133.3333
35301,2012-06-30,Participant,5,505.3220,152.5000
35301,2012-09-30,Lead/Arranger-type,1,250.0000,80.0000
35301,2012-09-30,Participant,3,63.5600,145.7778
35301,2012-12-31,Lead/Arranger-type,0,0.0000,175.0000
35301,2012-12-31,Participant,10,302.2050,175.0000
35301,2013-03-31,Lead/Arranger-type,1,125.0000,90.0000
35301,2013-03-31,Participant,1,15.0000,86.8750
35301,2013-06-30,Lead/Arranger-type,1,700.3459,116.6667
35301,2013-06-30,Participant,2,94.9400,166.5625
35301,2013-09-30,Lead/Arranger-type,0,0.0000,250.0000
35301,2013-09-30,Participant,6,255.0650,207.1429
35301,2013-12-31,Lead/Arranger-type,0,0.0000,175.0000
35301,2013-12-31,Participant,3,100.3500,128.7500
35301,2014-03-31,Lead/Arranger-type,1,92.4750,106.0000
35301,2014-03-31,Participant,4,115.0425,140.9615
35301,2014-06-30,Lead/Arranger-type,2,700.6440,126.6667
35301,2014-06-30,Participant,5,174.7040,189.3750
35301,2014-09-30,Lead/Arranger-type,0,0.0000,300.0000
35301,2014-09-30,Participant,5,195.0000,121.0000
35301,2014-12-31,Lead/Arranger-type,0,0.0000,
35301,2014-12-31,Participant,6,305.1640,142.7500
35301,2015-03-31,Lead/Arranger-type,0,0.0000,175.0000
35301,2015-03-31,Participant,3,100.1043,92.6000
35301,2015-06-30,Lead/Arranger-type,0,0.0000,96.6667
35301,2015-06-30,Participant,2,659.8000,140.2778
35301,2015-09-30,Lead/Arranger-type,1,292.4910,105.8333
35301,2015-09-30,Participant,2,102.4945,172.5000
35301,2015-12-31,Participant,6,273.7977,138.5000
35301,2016-03-31,Lead/Arranger-type,0,0.0000,
35301,2016-03-31,Participant,2,42.3750,118.7500
35301,2016-06-30,Lead/Arranger-type,0,0.0000,90.0000
35301,2016-06-30,Participant,7,735.0404,137.5000
35301,2016-09-30,Lead/Arranger-type,2,105.0704,136.6667
35301,2016-09-30,Participant,0,0.0000,100.0000
35301,2016-12-31,Lead/Arranger-type,0,0.0000,100.0000
35301,2016-12-31,Participant,4,170.0000,135.9375
35301,2017-03-31,Lead/Arranger-type,0,0.0000,122.0000
35301,2017-03-31,Participant,0,0.0000,146.2500
35301,2017-06-30,Lead/Arranger-type,0,0.0000,87.5000
35301,2017-06-30,Participant,3,175.5219,122.1875
35301,2017-09-30,Lead/Arranger-type,0,0.0000,100.0000
35301,2017-09-30,Participant,1,160.0000,207.2500
35301,2017-12-31,Lead/Arranger-type,0,0.0000,112.5000
35301,2017-12-31,Participant,0,0.0000,165.0000
35301,2018-03-31,Lead/Arranger-type,0,0.0000,100.0000
35301,2018-03-31,Participant,0,0.0000,171.6667
35301,2018-06-30,Lead/Arranger-type,0,0.0000,90.0000
35301,2018-06-30,Participant,1,131.2000,129.7500
35301,2018-09-30,Lead/Arranger-type,1,75.0400,104.1667
35301,2018-09-30,Participant,1,100.4500,275.0000
35301,2018-12-31,Lead/Arranger-type,0,0.0000,100.0000
35301,2018-12-31,Participant,1,25.0560,129.1667
35301,2019-03-31,Lead/Arranger-type,0,0.0000,100.0000
35301,2019-03-31,Participant,0,0.0000,178.7500
35301,2019-06-30,Lead/Arranger-type,0,0.0000,120.0000
35301,2019-06-30,Participant,0,0.0000,163.9286
35301,2019-09-30,Lead/Arranger-type,0,0.0000,100.0000
35301,2019-09-30,Participant,1,19.2000,145.4167
35301,2019-12-31,Lead/Arranger-type,0,0.0000,100.0000
35301,2019-12-31,Participant,4,159.8400,158.1250
35301,2020-03-31,Lead/Arranger-type,0,0.0000,105.0000
35301,2020-03-31,Participant,2,50.0500,169.7222
35301,2020-06-30,Lead/Arranger-type,0,0.0000,140.4167
35301,2020-06-30,Participant,0,0.0000,158.1250
35301,2020-09-30,Lead/Arranger-type,0,0.0000,166.6667
35301,2020-09-30,Participant,0,0.0000,208.3333
35301,2020-12-31,Lead/Arranger-type,0,0.0000,211.6667
35301,2020-12-31,Participant,1,33.1920,167.8571
35301,2021-03-31,Lead/Arranger-type,0,0.0000,105.0000
35301,2021-03-31,Participant,1,135.5200,176.9444
35301,2021-06-30,Lead/Arranger-type,0,0.0000,114.7222
35301,2021-06-30,Participant,1,49.9500,150.8333
35301,2021-09-30,Participant,2,215.3000,131.2500
35301,2021-12-31,Lead/Arranger-type,0,0.0000,87.5000
35301,2021-12-31,Participant,0,0.0000,162.8571
35301,2022-03-31,Lead/Arranger-type,0,0.0000,106.0000
35301,2022-03-31,Participant,0,0.0000,210.3000
35301,2022-06-30,Lead/Arranger-type,0,0.0000,154.2500
35301,2022-06-30,Participant,0,0.0000,144.0000
35301,2022-09-30,Lead/Arranger-type,0,0.0000,257.5000
35301,2022-09-30,Participant,0,0.0000,115.0000
35301,2022-12-31,Lead/Arranger-type,0,0.0000,200.0000
35301,2022-12-31,Participant,1,60.0000,118.1250
35301,2023-03-31,Lead/Arranger-type,0,0.0000,116.4286
35301,2023-03-31,Participant,1,156.0000,237.5000
35301,2023-06-30,Lead/Arranger-type,0,0.0000,132.9167
35301,2023-06-30,Participant,1,49.9800,157.9412
35301,2023-09-30,Lead/Arranger-type,0,0.0000,200.0000
35301,2023-09-30,Participant,0,0.0000,375.0000
35301,2023-12-31,Lead/Arranger-type,0,0.0000,231.6667
35301,2023-12-31,Participant,1,35.0000,171.9167
35301,2024-03-31,Lead/Arranger-type,0,0.0000,118.3333
35301,2024-03-31,Participant,0,0.0000,266.5385
35301,2024-06-30,Lead/Arranger-type,0,0.0000,135.0000
35301,2024-06-30,Participant,0,0.0000,135.0769
35301,2024-09-30,Lead/Arranger-type,0,0.0000,172.5000
35301,2024-09-30,Participant,1,165.2000,245.5556
35301,2024-12-31,Lead/Arranger-type,0,0.0000,204.5833
35301,2024-12-31,Participant,0,0.0000,216.8889
35301,2025-03-31,Lead/Arranger-type,0,0.0000,144.1667
35301,2025-03-31,Participant,0,0.0000,223.1250
35301,2025-06-30,Lead/Arranger-type,0,0.0000,118.0000
35301,2025-06-30,Participant,1,80.0040,171.2500
35301,2025-09-30,Lead/Arranger-type,0,0.0000,152.7500
35301,2025-09-30,Participant,1,25.0200,212.8571
35301,2025-12-31,Lead/Arranger-type,0,0.0000,207.5000
35301,2025-12-31,Participant,1,25.0200,178.5000
60143,2010-03-31,Lead/Arranger-type,0,0.0000,341.6667
60143,2010-03-31,Participant,18,481.2822,304.1667
60143,2010-06-30,Lead/Arranger-type,5,163.5900,365.9091
60143,2010-06-30,Participant,36,698.9075,274.3841
60143,2010-09-30,Lead/Arranger-type,8,203.4825,363.3929
60143,2010-09-30,Participant,28,526.1649,277.8846
60143,2010-12-31,Lead/Arranger-type,2,80.0180,262.3077
60143,2010-12-31,Participant,47,1031.0163,243.1888
60143,2011-03-31,Lead/Arranger-type,2,70.4800,320.8333
60143,2011-03-31,Participant,30,423.7442,251.4091
60143,2011-06-30,Lead/Arranger-type,7,188.4845,230.0000
60143,2011-06-30,Participant,29,894.8175,214.7561
60143,2011-09-30,Lead/Arranger-type,1,21.2500,296.5909
60143,2011-09-30,Participant,17,453.8445,191.2302
60143,2011-12-31,Lead/Arranger-type,1,35.0100,281.8182
60143,2011-12-31,Participant,41,907.7251,201.9226
60143,2012-03-31,Lead/Arranger-type,2,30.0000,283.6842
60143,2012-03-31,Participant,32,753.9323,254.4304
60143,2012-06-30,Lead/Arranger-type,2,44.9995,319.2308
60143,2012-06-30,Participant,28,471.3032,235.5743
60143,2012-09-30,Lead/Arranger-type,0,0.0000,328.2895
60143,2012-09-30,Participant,16,283.0268,238.1557
60143,2012-12-31,Lead/Arranger-type,1,25.0000,276.5625
60143,2012-12-31,Participant,20,448.3516,245.2209
60143,2013-03-31,Lead/Arranger-type,2,100.0200,298.2353
60143,2013-03-31,Participant,20,380.2280,215.4651
60143,2013-06-30,Lead/Arranger-type,4,80.0205,283.7500
60143,2013-06-30,Participant,30,443.3950,208.2595
60143,2013-09-30,Lead/Arranger-type,4,97.7300,228.0769
60143,2013-09-30,Participant,28,573.0375,208.2911
60143,2013-12-31,Lead/Arranger-type,2,50.0000,226.1364
60143,2013-12-31,Participant,17,257.0874,244.7917
60143,2014-03-31,Lead/Arranger-type,1,20.0000,293.5714
60143,2014-03-31,Participant,20,407.9413,222.4041
60143,2014-06-30,Lead/Arranger-type,3,129.1990,245.8333
60143,2014-06-30,Participant,18,379.9824,229.4333
60143,2014-09-30,Lead/Arranger-type,1,30.0080,200.8929
60143,2014-09-30,Participant,17,372.5654,232.3476
60143,2014-12-31,Lead/Arranger-type,6,157.5875,248.8095
60143,2014-12-31,Participant,23,496.5435,232.1032
60143,2015-03-31,Lead/Arranger-type,4,58.4300,322.5000
60143,2015-03-31,Participant,11,332.5337,216.8725
60143,2015-06-30,Lead/Arranger-type,1,19.6000,309.0909
60143,2015-06-30,Participant,21,374.2649,203.5625
60143,2015-09-30,Lead/Arranger-type,0,0.0000,244.4444
60143,2015-09-30,Participant,15,441.6182,247.4821
60143,2015-12-31,Lead/Arranger-type,3,126.5000,290.2174
60143,2015-12-31,Participant,14,206.3130,217.1667
60143,2016-03-31,Lead/Arranger-type,0,0.0000,317.1875
60143,2016-03-31,Participant,15,200.7798,260.5288
60143,2016-06-30,Lead/Arranger-type,2,112.4780,229.4737
60143,2016-06-30,Participant,16,427.2205,199.8276
60143,2016-09-30,Lead/Arranger-type,2,40.0140,320.8750
60143,2016-09-30,Participant,9,304.1944,249.0196
60143,2016-12-31,Lead/Arranger-type,3,74.9924,291.7742
60143,2016-12-31,Participant,8,165.1107,240.5909
60143,2017-03-31,Lead/Arranger-type,0,0.0000,253.8462
60143,2017-03-31,Participant,5,109.9200,216.6071
60143,2017-06-30,Lead/Arranger-type,0,0.0000,236.2500
60143,2017-06-30,Participant,4,140.7218,206.7188
60143,2017-09-30,Lead/Arranger-type,0,0.0000,262.7083
60143,2017-09-30,Participant,2,74.9565,224.0517
60143,2017-12-31,Lead/Arranger-type,0,0.0000,273.5000
60143,2017-12-31,Participant,0,0.0000,237.5362
60143,2018-03-31,Lead/Arranger-type,0,0.0000,171.9444
60143,2018-03-31,Participant,1,50.0000,227.4375
60143,2018-06-30,Lead/Arranger-type,0,0.0000,219.3182
60143,2018-06-30,Participant,3,76.9625,220.9894
60143,2018-09-30,Lead/Arranger-type,0,0.0000,288.5417
60143,2018-09-30,Participant,3,125.2000,191.5865
60143,2018-12-31,Lead/Arranger-type,0,0.0000,178.0000
60143,2018-12-31,Participant,3,134.8800,224.3302
60143,2019-03-31,Lead/Arranger-type,0,0.0000,253.3333
60143,2019-03-31,Participant,3,44.9813,171.9355
60143,2019-06-30,Lead/Arranger-type,0,0.0000,224.3421
60143,2019-06-30,Participant,4,40.8000,178.3766
60143,2019-09-30,Lead/Arranger-type,0,0.0000,262.5000
60143,2019-09-30,Participant,5,92.5350,216.9811
60143,2019-12-31,Lead/Arranger-type,0,0.0000,250.0000
60143,2019-12-31,Participant,3,129.9610,203.2692
60143,2020-03-31,Lead/Arranger-type,2,38.7517,233.9286
60143,2020-03-31,Participant,2,50.0100,183.7105
60143,2020-06-30,Lead/Arranger-type,0,0.0000,246.8750
60143,2020-06-30,Participant,0,0.0000,205.9619
60143,2020-09-30,Lead/Arranger-type,0,0.0000,265.6818
60143,2020-09-30,Participant,2,164.9250,207.5806
60143,2020-12-31,Lead/Arranger-type,0,0.0000,256.4062
60143,2020-12-31,Participant,1,47.8500,263.1250
60143,2021-03-31,Lead/Arranger-type,0,0.0000,262.5000
60143,2021-03-31,Participant,7,195.1950,215.4348
60143,2021-06-30,Lead/Arranger-type,1,28.4900,179.4444
60143,2021-06-30,Participant,4,264.9600,206.6477
60143,2021-09-30,Lead/Arranger-type,0,0.0000,230.7143
60143,2021-09-30,Participant,2,42.4875,180.5769
60143,2021-12-31,Lead/Arranger-type,1,60.0000,233.0000
60143,2021-12-31,Participant,2,100.4000,205.2308
60143,2022-03-31,Lead/Arranger-type,0,0.0000,190.1786
60143,2022-03-31,Participant,6,281.6800,181.4394
60143,2022-06-30,Lead/Arranger-type,0,0.0000,181.2500
60143,2022-06-30,Participant,4,166.8950,212.3630
60143,2022-09-30,Lead/Arranger-type,0,0.0000,207.5000
60143,2022-09-30,Participant,2,212.4500,166.9500
60143,2022-12-31,Lead/Arranger-type,0,0.0000,230.2778
60143,2022-12-31,Participant,4,80.0000,214.4022
60143,2023-03-31,Lead/Arranger-type,0,0.0000,269.2105
60143,2023-03-31,Participant,4,154.8610,215.5405
60143,2023-06-30,Lead/Arranger-type,0,0.0000,297.3647
60143,2023-06-30,Participant,2,37.5140,212.5851
60143,2023-09-30,Lead/Arranger-type,0,0.0000,317.6435
60143,2023-09-30,Participant,1,108.2000,364.6250
60143,2023-12-31,Lead/Arranger-type,0,0.0000,338.9833
60143,2023-12-31,Participant,4,145.1450,240.1923
60143,2024-03-31,Lead/Arranger-type,0,0.0000,349.9090
60143,2024-03-31,Participant,8,291.9400,246.5921
60143,2024-06-30,Lead/Arranger-type,0,0.0000,352.9375
60143,2024-06-30,Participant,1,40.0400,199.0116
60143,2024-09-30,Lead/Arranger-type,2,130.0500,304.3621
60143,2024-09-30,Participant,7,231.2900,226.7708
60143,2024-12-31,Lead/Arranger-type,8,188.0180,299.8276
60143,2024-12-31,Participant,9,171.7900,223.3125
60143,2025-03-31,Lead/Arranger-type,0,0.0000,254.1304
60143,2025-03-31,Participant,7,132.6590,231.4535
60143,2025-06-30,Lead/Arranger-type,4,144.8000,279.0625
60143,2025-06-30,Participant,13,411.4750,177.7830
60143,2025-09-30,Lead/Arranger-type,5,129.5255,275.7386
60143,2025-09-30,Participant,6,124.1150,215.5263
60143,2025-12-31,Lead/Arranger-type,1,51.5200,252.8030
60143,2025-12-31,Participant,10,315.2350,224.8276
64619,2010-06-30,Participant,0,0.0000,200.0000
64619,2011-03-31,Lead/Arranger-type,1,10.0000,455.0000
64619,2014-09-30,Participant,0,0.0000,275.0000
64619,2015-09-30,Lead/Arranger-type,0,0.0000,
64619,2015-12-31,Participant,0,0.0000,200.0000
64619,2016-06-30,Participant,0,0.0000,250.0000
64619,2016-09-30,Participant,0,0.0000,200.0000
64619,2016-12-31,Lead/Arranger-type,0,0.0000,395.0000
64619,2017-03-31,Participant,0,0.0000,
64619,2017-06-30,Participant,0,0.0000,250.0000
64619,2017-09-30,Participant,0,0.0000,425.0000
64619,2017-12-31,Participant,0,0.0000,250.0000
64619,2018-03-31,Participant,0,0.0000,375.0000
64619,2018-06-30,Lead/Arranger-type,0,0.0000,
64619,2018-06-30,Participant,0,0.0000,
64619,2018-09-30,Participant,0,0.0000,
64619,2018-12-31,Participant,0,0.0000,350.0000
64619,2019-03-31,Participant,0,0.0000,
64619,2019-06-30,Participant,0,0.0000,300.0000
64619,2019-12-31,Participant,0,0.0000,425.0000
64619,2020-03-31,Participant,0,0.0000,250.0000
64619,2020-06-30,Participant,0,0.0000,300.0000
64619,2020-09-30,Lead/Arranger-type,0,0.0000,300.0000
64619,2020-12-31,Lead/Arranger-type,0,0.0000,
64619,2020-12-31,Participant,0,0.0000,300.0000
64619,2021-03-31,Participant,0,0.0000,283.3333
64619,2021-06-30,Participant,0,0.0000,299.1667
64619,2021-09-30,Lead/Arranger-type,0,0.0000,220.0000
64619,2021-09-30,Participant,0,0.0000,225.0000
64619,2021-12-31,Participant,0,0.0000,362.5000
64619,2022-09-30,Participant,0,0.0000,
64619,2023-03-31,Participant,0,0.0000,250.0000
66015,2010-03-31,Participant,0,0.0000,250.0000
167565,2010-03-31,Lead/Arranger-type,35,1640.9360,349.0728
167565,2010-03-31,Participant,25,1069.1448,301.7647
167565,2010-06-30,Lead/Arranger-type,74,5120.6005,298.7342
167565,2010-06-30,Participant,60,2814.6417,285.0216
167565,2010-09-30,Lead/Arranger-type,75,4088.7637,295.5188
167565,2010-09-30,Participant,33,1438.7446,266.2026
167565,2010-12-31,Lead/Arranger-type,83,5331.7117,303.0061
167565,2010-12-31,Participant,46,1914.1727,289.5238
167565,2011-03-31,Lead/Arranger-type,77,5490.5388,267.8340
167565,2011-03-31,Participant,28,1630.0832,279.5753
167565,2011-06-30,Lead/Arranger-type,72,4575.5374,241.5658
167565,2011-06-30,Participant,40,2845.2409,240.6762
167565,2011-09-30,Lead/Arranger-type,40,3496.1226,232.7338
167565,2011-09-30,Participant,24,1044.7410,250.3889
167565,2011-12-31,Lead/Arranger-type,96,7008.0318,220.2075
167565,2011-12-31,Participant,40,2836.5052,211.2353
167565,2012-03-31,Lead/Arranger-type,83,6021.5102,273.2525
167565,2012-03-31,Participant,30,1056.8770,234.0122
167565,2012-06-30,Lead/Arranger-type,72,5261.0757,258.9576
167565,2012-06-30,Participant,47,2586.5812,211.6274
167565,2012-09-30,Lead/Arranger-type,71,3348.3086,253.3643
167565,2012-09-30,Participant,26,1106.7341,215.0893
167565,2012-12-31,Lead/Arranger-type,89,5903.4715,268.1161
167565,2012-12-31,Participant,34,1455.0755,238.5054
167565,2013-03-31,Lead/Arranger-type,48,3838.9373,252.9176
167565,2013-03-31,Participant,21,870.3615,206.5000
167565,2013-06-30,Lead/Arranger-type,101,8540.5518,246.7458
167565,2013-06-30,Participant,23,1432.2217,230.2283
167565,2013-09-30,Lead/Arranger-type,74,4944.5680,219.5331
167565,2013-09-30,Participant,31,1214.7337,215.7447
167565,2013-12-31,Lead/Arranger-type,45,3187.4583,224.3838
167565,2013-12-31,Participant,26,1753.0088,196.4888
167565,2014-03-31,Lead/Arranger-type,46,3121.4143,218.5062
167565,2014-03-31,Participant,16,850.4830,210.4167
167565,2014-06-30,Lead/Arranger-type,71,3648.0425,205.7049
167565,2014-06-30,Participant,22,1742.3638,214.6825
167565,2014-09-30,Lead/Arranger-type,62,4803.6715,215.2216
167565,2014-09-30,Participant,29,2102.4302,181.7014
167565,2014-12-31,Lead/Arranger-type,82,9096.9247,197.1967
167565,2014-12-31,Participant,26,1889.0030,171.7850
167565,2015-03-31,Lead/Arranger-type,73,6818.3993,207.3591
167565,2015-03-31,Participant,18,1220.6167,208.0078
167565,2015-06-30,Lead/Arranger-type,79,7425.0848,205.3704
167565,2015-06-30,Participant,20,1012.9215,188.5065
167565,2015-09-30,Lead/Arranger-type,71,6872.2723,194.2976
167565,2015-09-30,Participant,32,4552.5234,176.0686
167565,2015-12-31,Lead/Arranger-type,90,12246.0125,192.1372
167565,2015-12-31,Participant,33,3571.9934,184.1957
167565,2016-03-31,Lead/Arranger-type,72,4775.8636,215.2715
167565,2016-03-31,Participant,25,2385.9130,186.6966
167565,2016-06-30,Lead/Arranger-type,61,5140.7664,213.9010
167565,2016-06-30,Participant,38,3733.2113,169.0594
167565,2016-09-30,Lead/Arranger-type,48,6005.4823,228.1936
167565,2016-09-30,Participant,12,572.5146,188.3173
167565,2016-12-31,Lead/Arranger-type,43,4546.1605,218.4462
167565,2016-12-31,Participant,19,1943.2248,171.7157
167565,2017-03-31,Lead/Arranger-type,30,2745.5680,225.1886
167565,2017-03-31,Participant,12,724.7050,156.1579
167565,2017-06-30,Lead/Arranger-type,20,1865.9766,212.2647
167565,2017-06-30,Participant,7,2075.9320,178.2869
167565,2017-09-30,Lead/Arranger-type,21,3297.5877,203.0476
167565,2017-09-30,Participant,5,274.7000,171.8367
167565,2017-12-31,Lead/Arranger-type,10,1202.6460,207.5745
167565,2017-12-31,Participant,5,324.9800,164.8269
167565,2018-03-31,Lead/Arranger-type,13,10097.0400,204.8741
167565,2018-03-31,Participant,1,55.6000,143.4273
167565,2018-06-30,Lead/Arranger-type,20,6595.1710,190.2154
167565,2018-06-30,Participant,8,1080.9100,170.5357
167565,2018-09-30,Lead/Arranger-type,23,3412.2600,197.2092
167565,2018-09-30,Participant,11,786.4900,178.5672
167565,2018-12-31,Lead/Arranger-type,22,2832.5285,199.5187
167565,2018-12-31,Participant,13,1593.6790,145.2722
167565,2019-03-31,Lead/Arranger-type,23,3270.4646,194.5538
167565,2019-03-31,Participant,2,114.9900,169.0250
167565,2019-06-30,Lead/Arranger-type,21,2151.1470,181.9514
167565,2019-06-30,Participant,3,97.5200,145.7787
167565,2019-09-30,Lead/Arranger-type,22,1781.4125,183.4005
167565,2019-09-30,Participant,3,224.7000,155.4141
167565,2019-12-31,Lead/Arranger-type,39,4452.0989,186.3268
167565,2019-12-31,Participant,11,910.0200,148.8607
167565,2020-03-31,Lead/Arranger-type,19,3458.6020,191.6894
167565,2020-03-31,Participant,10,901.4200,153.0556
167565,2020-06-30,Lead/Arranger-type,15,1537.5425,201.3585
167565,2020-06-30,Participant,2,128.0000,169.0045
167565,2020-09-30,Lead/Arranger-type,18,2945.6250,238.9855
167565,2020-09-30,Participant,1,49.9720,189.7800
167565,2020-12-31,Lead/Arranger-type,8,870.1150,229.8090
167565,2020-12-31,Participant,9,1128.4895,176.3393
167565,2021-03-31,Lead/Arranger-type,23,3250.3365,211.7150
167565,2021-03-31,Participant,1,25.0000,178.5000
167565,2021-06-30,Lead/Arranger-type,47,5912.3193,180.9600
167565,2021-06-30,Participant,7,602.5220,158.4074
167565,2021-09-30,Lead/Arranger-type,31,3869.4790,187.1346
167565,2021-09-30,Participant,15,1269.3090,148.8452
167565,2021-12-31,Lead/Arranger-type,28,3976.1495,206.1810
167565,2021-12-31,Participant,8,1238.4700,157.4110
167565,2022-03-31,Lead/Arranger-type,22,3421.5810,206.7834
167565,2022-03-31,Participant,7,248.2118,138.1632
167565,2022-06-30,Lead/Arranger-type,32,4006.7726,186.8659
167565,2022-06-30,Participant,4,412.5000,164.8118
167565,2022-09-30,Lead/Arranger-type,37,4414.4785,185.2352
167565,2022-09-30,Participant,4,687.9200,164.9521
167565,2022-12-31,Lead/Arranger-type,25,3457.7600,197.9563
167565,2022-12-31,Participant,9,780.8800,155.5738
167565,2023-03-31,Lead/Arranger-type,22,2812.2161,210.0384
167565,2023-03-31,Participant,4,594.8305,140.3981
167565,2023-06-30,Lead/Arranger-type,28,1722.3715,220.7825
167565,2023-06-30,Participant,4,552.1750,170.5114
167565,2023-09-30,Lead/Arranger-type,19,2332.2675,245.0873
167565,2023-09-30,Participant,5,485.3300,164.6622
167565,2023-12-31,Lead/Arranger-type,19,1950.1572,237.6761
167565,2023-12-31,Participant,2,124.9875,169.4737
167565,2024-03-31,Lead/Arranger-type,27,2710.5428,239.8373
167565,2024-03-31,Participant,2,230.0250,182.0455
167565,2024-06-30,Lead/Arranger-type,20,2150.4615,229.2056
167565,2024-06-30,Participant,5,629.6450,159.5161
167565,2024-09-30,Lead/Arranger-type,52,5980.6814,239.3714
167565,2024-09-30,Participant,3,405.9810,179.0161
167565,2024-12-31,Lead/Arranger-type,83,6380.5503,236.0738
167565,2024-12-31,Participant,12,729.4790,167.1111
167565,2025-03-31,Lead/Arranger-type,64,7001.8878,224.1583
167565,2025-03-31,Participant,11,728.0095,181.5476
167565,2025-06-30,Lead/Arranger-type,107,12372.8053,205.3694
167565,2025-06-30,Participant,17,834.0890,164.2262
167565,2025-09-30,Lead/Arranger-type,75,7384.6922,229.6927
167565,2025-09-30,Participant,11,1008.4175,150.6877
167565,2025-12-31,Lead/Arranger-type,71,11024.2369,216.9603
167565,2025-12-31,Participant,7,402.5491,165.7212
197478,2010-03-31,Participant,3,40.0003,275.0000
197478,2010-06-30,Participant,2,26.0004,237.5000
197478,2010-09-30,Participant,4,38.0002,332.5000
197478,2010-12-31,Lead/Arranger-type,0,0.0000,400.0000
197478,2010-12-31,Participant,13,77.9710,335.8696
197478,2011-03-31,Lead/Arranger-type,0,0.0000,325.0000
197478,2011-03-31,Participant,4,29.7692,265.9091
197478,2011-06-30,Participant,2,10.0065,334.6429
197478,2011-09-30,Lead/Arranger-type,0,0.0000,325.0000
197478,2011-09-30,Participant,0,0.0000,635.7143
197478,2011-12-31,Lead/Arranger-type,0,0.0000,450.0000
197478,2011-12-31,Participant,0,0.0000,
197478,2012-03-31,Lead/Arranger-type,0,0.0000,375.0000
197478,2012-03-31,Participant,0,0.0000,275.0000
197478,2012-06-30,Lead/Arranger-type,0,0.0000,625.0000
197478,2012-06-30,Participant,0,0.0000,380.5556
197478,2012-09-30,Lead/Arranger-type,2,50.0000,625.0000
197478,2012-09-30,Participant,1,15.0000,275.0000
197478,2012-12-31,Lead/Arranger-type,1,22.0000,318.7500
197478,2012-12-31,Participant,0,0.0000,300.0000
197478,2013-03-31,Lead/Arranger-type,0,0.0000,233.3333
197478,2013-03-31,Participant,2,9.5037,357.1875
197478,2013-06-30,Lead/Arranger-type,0,0.0000,
197478,2013-06-30,Participant,3,57.6202,295.0000
197478,2013-09-30,Lead/Arranger-type,1,9.6705,245.0000
197478,2013-09-30,Participant,1,10.0050,294.3750
197478,2013-12-31,Lead/Arranger-type,1,24.9900,366.6667
197478,2013-12-31,Participant,0,0.0000,266.6667
197478,2014-03-31,Lead/Arranger-type,0,0.0000,350.0000
197478,2014-06-30,Lead/Arranger-type,1,9.9905,242.5000
197478,2014-06-30,Participant,1,9.9900,345.0000
197478,2014-09-30,Participant,0,0.0000,335.7143
197478,2014-12-31,Lead/Arranger-type,1,16.3149,
197478,2014-12-31,Participant,0,0.0000,295.8333
197478,2015-03-31,Lead/Arranger-type,3,89.9950,258.3333
197478,2015-03-31,Participant,0,0.0000,
197478,2015-06-30,Lead/Arranger-type,5,76.8182,256.7292
197478,2015-06-30,Participant,1,15.0000,250.0000
197478,2015-09-30,Lead/Arranger-type,2,12.9900,335.0000
197478,2015-09-30,Participant,4,46.0282,240.0000
197478,2015-12-31,Lead/Arranger-type,1,25.0000,338.7500
197478,2015-12-31,Participant,5,97.5195,418.7500
197478,2016-03-31,Lead/Arranger-type,1,19.3592,198.9286
197478,2016-03-31,Participant,3,52.5250,250.0000
197478,2016-06-30,Lead/Arranger-type,1,30.0090,405.0000
197478,2016-06-30,Participant,1,9.9990,325.0000
197478,2016-09-30,Lead/Arranger-type,3,39.0120,323.3333
197478,2016-09-30,Participant,2,14.9910,330.0000
197478,2016-12-31,Lead/Arranger-type,3,56.6947,313.5455
197478,2016-12-31,Participant,5,55.4219,292.8571
197478,2017-03-31,Lead/Arranger-type,1,16.5000,365.6250
197478,2017-03-31,Participant,0,0.0000,212.5000
197478,2017-06-30,Lead/Arranger-type,2,20.5400,389.2857
197478,2017-06-30,Participant,0,0.0000,462.5000
197478,2017-09-30,Lead/Arranger-type,0,0.0000,313.5714
197478,2017-09-30,Participant,0,0.0000,335.0000
197478,2017-12-31,Lead/Arranger-type,0,0.0000,357.1429
197478,2017-12-31,Participant,0,0.0000,227.5000
197478,2018-03-31,Lead/Arranger-type,2,24.9900,282.5000
197478,2018-03-31,Participant,0,0.0000,267.5000
197478,2018-06-30,Lead/Arranger-type,3,51.8840,363.9474
197478,2018-06-30,Participant,0,0.0000,216.6667
197478,2018-09-30,Lead/Arranger-type,3,41.9347,307.3317
197478,2018-09-30,Participant,3,29.5738,241.6667
197478,2018-12-31,Lead/Arranger-type,3,37.9941,378.0000
197478,2018-12-31,Participant,1,12.8134,260.0000
197478,2019-03-31,Lead/Arranger-type,2,26.6125,303.2222
197478,2019-03-31,Participant,0,0.0000,337.5000
197478,2019-06-30,Lead/Arranger-type,0,0.0000,356.1538
197478,2019-06-30,Participant,0,0.0000,218.7500
197478,2019-09-30,Lead/Arranger-type,2,25.5026,329.2500
197478,2019-09-30,Participant,0,0.0000,275.0000
197478,2019-12-31,Lead/Arranger-type,1,17.2260,264.2500
197478,2019-12-31,Participant,0,0.0000,310.0000
197478,2020-03-31,Lead/Arranger-type,0,0.0000,466.6667
197478,2020-03-31,Participant,1,15.0000,248.7500
197478,2020-06-30,Lead/Arranger-type,0,0.0000,287.5000
197478,2020-06-30,Participant,0,0.0000,437.5000
197478,2020-09-30,Lead/Arranger-type,1,21.9912,249.1667
197478,2020-09-30,Participant,0,0.0000,290.0000
197478,2020-12-31,Lead/Arranger-type,0,0.0000,275.0000
197478,2020-12-31,Participant,0,0.0000,303.5714
197478,2021-03-31,Lead/Arranger-type,1,10.0100,354.0909
197478,2021-03-31,Participant,1,12.9928,408.3333
197478,2021-06-30,Lead/Arranger-type,3,55.4402,291.6667
197478,2021-06-30,Participant,0,0.0000,190.0000
197478,2021-09-30,Lead/Arranger-type,5,60.0046,247.2222
197478,2021-09-30,Participant,0,0.0000,373.1250
197478,2021-12-31,Lead/Arranger-type,1,9.6128,277.2222
197478,2021-12-31,Participant,0,0.0000,421.8750
197478,2022-03-31,Lead/Arranger-type,2,17.8378,325.7333
197478,2022-03-31,Participant,0,0.0000,300.0000
197478,2022-06-30,Lead/Arranger-type,1,9.9900,284.7222
197478,2022-06-30,Participant,0,0.0000,366.1538
197478,2022-09-30,Lead/Arranger-type,0,0.0000,360.9677
197478,2022-09-30,Participant,0,0.0000,237.5000
197478,2022-12-31,Lead/Arranger-type,0,0.0000,295.9524
197478,2022-12-31,Participant,0,0.0000,372.2222
197478,2023-03-31,Lead/Arranger-type,3,35.5477,340.5833
197478,2023-03-31,Participant,0,0.0000,299.5000
197478,2023-06-30,Lead/Arranger-type,0,0.0000,399.1667
197478,2023-06-30,Participant,0,0.0000,318.8889
197478,2023-09-30,Lead/Arranger-type,1,19.0694,377.4107
197478,2023-09-30,Participant,2,6.8244,326.0000
197478,2023-12-31,Lead/Arranger-type,0,0.0000,324.1667
197478,2023-12-31,Participant,0,0.0000,349.2857
197478,2024-03-31,Lead/Arranger-type,0,0.0000,349.2188
197478,2024-03-31,Participant,0,0.0000,312.0000
197478,2024-06-30,Lead/Arranger-type,3,31.0764,308.2143
197478,2024-06-30,Participant,0,0.0000,315.0000
197478,2024-09-30,Lead/Arranger-type,3,33.4950,316.6667
197478,2024-09-30,Participant,3,46.9870,249.3278
197478,2024-12-31,Lead/Arranger-type,10,63.0126,317.2222
197478,2024-12-31,Participant,0,0.0000,319.2857
197478,2025-03-31,Lead/Arranger-type,4,138.2450,271.6200
197478,2025-03-31,Participant,1,10.9292,263.1250
197478,2025-06-30,Lead/Arranger-type,5,70.0734,270.0000
197478,2025-06-30,Participant,0,0.0000,339.0000
197478,2025-09-30,Lead/Arranger-type,1,10.0000,249.1667
197478,2025-09-30,Participant,2,20.0050,244.6429
197478,2025-12-31,Lead/Arranger-type,3,72.4804,-40.0000
197478,2025-12-31,Participant,5,87.0172,253.7592
208244,2010-03-31,Participant,2,19.9991,312.5000
208244,2010-06-30,Participant,1,10.0000,
208244,2010-09-30,Participant,2,15.0000,175.0000
208244,2011-06-30,Participant,1,4.9993,
208244,2011-09-30,Participant,1,10.0000,100.0000
208244,2012-06-30,Participant,3,19.0105,275.0000
208244,2012-09-30,Participant,0,0.0000,175.0000
208244,2012-12-31,Lead/Arranger-type,1,19.9980,200.0000
208244,2012-12-31,Participant,1,5.0000,162.5000
208244,2013-12-31,Participant,2,15.0000,145.8333
208244,2014-09-30,Participant,0,0.0000,350.0000
208244,2014-12-31,Participant,0,0.0000,140.6250
208244,2015-06-30,Lead/Arranger-type,1,25.0000,150.0000
208244,2015-06-30,Participant,0,0.0000,158.3333
208244,2015-09-30,Participant,0,0.0000,162.5000
208244,2015-12-31,Participant,0,0.0000,175.0000
208244,2016-06-30,Participant,0,0.0000,
208244,2016-09-30,Participant,0,0.0000,225.0000
208244,2017-06-30,Participant,0,0.0000,143.7500
208244,2017-09-30,Participant,0,0.0000,100.0000
208244,2017-12-31,Participant,0,0.0000,
208244,2018-03-31,Participant,0,0.0000,200.0000
208244,2018-06-30,Lead/Arranger-type,0,0.0000,304.1667
208244,2018-06-30,Participant,0,0.0000,200.0000
208244,2018-09-30,Participant,0,0.0000,175.0000
208244,2018-12-31,Participant,0,0.0000,175.0000
208244,2019-03-31,Participant,0,0.0000,75.0000
208244,2019-06-30,Participant,0,0.0000,160.8333
208244,2019-09-30,Lead/Arranger-type,0,0.0000,250.0000
208244,2019-09-30,Participant,0,0.0000,183.3333
208244,2019-12-31,Participant,0,0.0000,150.0000
208244,2020-06-30,Lead/Arranger-type,0,0.0000,300.0000
208244,2020-06-30,Participant,0,0.0000,175.0000
208244,2020-09-30,Participant,0,0.0000,150.0000
208244,2020-12-31,Participant,0,0.0000,150.0000
208244,2021-03-31,Participant,0,0.0000,80.0000
208244,2021-06-30,Lead/Arranger-type,0,0.0000,300.0000
208244,2021-06-30,Participant,0,0.0000,
208244,2021-09-30,Participant,0,0.0000,347.5000
208244,2021-12-31,Lead/Arranger-type,0,0.0000,450.0000
208244,2021-12-31,Participant,0,0.0000,347.5000
208244,2022-03-31,Participant,0,0.0000,160.0000
208244,2022-06-30,Participant,0,0.0000,230.0000
208244,2022-09-30,Lead/Arranger-type,0,0.0000,200.0000
208244,2022-09-30,Participant,0,0.0000,196.5455
208244,2022-12-31,Lead/Arranger-type,0,0.0000,
208244,2022-12-31,Participant,2,47.7472,278.2500
208244,2023-03-31,Lead/Arranger-type,0,0.0000,362.1429
208244,2023-03-31,Participant,0,0.0000,250.0000
208244,2023-06-30,Lead/Arranger-type,0,0.0000,246.2500
208244,2023-06-30,Participant,0,0.0000,238.1250
208244,2023-09-30,Lead/Arranger-type,0,0.0000,175.0000
208244,2023-09-30,Participant,0,0.0000,347.2727
208244,2023-12-31,Lead/Arranger-type,0,0.0000,
208244,2023-12-31,Participant,0,0.0000,462.2000
208244,2024-03-31,Lead/Arranger-type,0,0.0000,335.0000
208244,2024-03-31,Participant,0,0.0000,330.0000
208244,2024-06-30,Lead/Arranger-type,0,0.0000,296.2500
208244,2024-06-30,Participant,0,0.0000,271.6667
208244,2024-09-30,Lead/Arranger-type,1,0.0000,217.5000
208244,2024-09-30,Participant,3,74.0056,271.6667
208244,2024-12-31,Lead/Arranger-type,0,0.0000,
208244,2024-12-31,Participant,16,262.2969,261.7647
208244,2025-03-31,Lead/Arranger-type,3,63.0200,273.3333
208244,2025-03-31,Participant,5,86.5173,237.5987
208244,2025-06-30,Lead/Arranger-type,3,72.7100,218.7500
208244,2025-06-30,Participant,8,129.7247,214.7500
208244,2025-09-30,Lead/Arranger-type,1,60.0085,
208244,2025-09-30,Participant,4,69.2815,204.5455
208244,2025-12-31,Lead/Arranger-type,2,81.4983,325.0000
208244,2025-12-31,Participant,4,104.4998,221.9200
229801,2010-06-30,Participant,0,0.0000,
229801,2012-03-31,Participant,0,0.0000,275.0000
229801,2012-12-31,Participant,0,0.0000,275.0000
229801,2013-03-31,Participant,0,0.0000,350.0000
229801,2013-09-30,Participant,0,0.0000,275.0000
229801,2013-12-31,Participant,0,0.0000,100.0000
229801,2014-03-31,Participant,0,0.0000,362.5000
229801,2014-09-30,Participant,0,0.0000,325.0000
229801,2014-12-31,Participant,2,20.0019,233.7500
229801,2015-03-31,Participant,0,0.0000,
229801,2015-06-30,Participant,0,0.0000,225.0000
229801,2015-12-31,Participant,1,9.0003,362.5000
229801,2016-09-30,Participant,0,0.0000,283.3333
229801,2016-12-31,Participant,0,0.0000,375.0000
229801,2017-06-30,Participant,0,0.0000,175.0000
229801,2017-09-30,Participant,0,0.0000,250.0000
229801,2017-12-31,Participant,0,0.0000,225.0000
229801,2018-03-31,Participant,0,0.0000,325.0000
229801,2018-06-30,Participant,0,0.0000,212.5000
229801,2018-09-30,Participant,0,0.0000,
229801,2018-12-31,Participant,0,0.0000,
229801,2019-03-31,Participant,0,0.0000,287.5000
229801,2019-06-30,Participant,0,0.0000,145.0000
229801,2019-09-30,Participant,0,0.0000,178.3333
229801,2019-12-31,Participant,0,0.0000,171.6667
229801,2020-06-30,Participant,0,0.0000,
229801,2020-12-31,Participant,0,0.0000,300.0000
229801,2021-03-31,Participant,0,0.0000,200.0000
229801,2021-06-30,Participant,0,0.0000,181.6667
229801,2021-09-30,Participant,0,0.0000,148.3333
229801,2021-12-31,Participant,0,0.0000,131.6667
229801,2022-03-31,Participant,0,0.0000,
229801,2022-06-30,Lead/Arranger-type,0,0.0000,300.0000
229801,2022-06-30,Participant,0,0.0000,138.7500
229801,2022-09-30,Participant,0,0.0000,301.0000
229801,2022-12-31,Participant,0,0.0000,162.5000
229801,2023-03-31,Participant,1,49.9110,165.0000
229801,2023-06-30,Participant,0,0.0000,175.0000
229801,2023-09-30,Participant,0,0.0000,110.0000
229801,2023-12-31,Lead/Arranger-type,0,0.0000,
229801,2023-12-31,Participant,0,0.0000,300.0000
229801,2024-03-31,Participant,0,0.0000,125.0000
229801,2024-06-30,Lead/Arranger-type,0,0.0000,425.0000
229801,2024-06-30,Participant,0,0.0000,225.8333
229801,2024-09-30,Lead/Arranger-type,1,55.9950,
229801,2024-09-30,Participant,5,89.0329,226.4286
229801,2024-12-31,Lead/Arranger-type,0,0.0000,283.3333
229801,2024-12-31,Participant,2,26.6650,140.0000
229801,2025-03-31,Lead/Arranger-type,7,237.5184,345.0000
229801,2025-03-31,Participant,2,30.0000,166.7857
229801,2025-06-30,Lead/Arranger-type,7,394.1642,321.2500
229801,2025-06-30,Participant,2,30.0115,238.7500
229801,2025-09-30,Lead/Arranger-type,11,303.9412,344.8214
229801,2025-09-30,Participant,0,0.0000,183.7500
229801,2025-12-31,Lead/Arranger-type,7,339.8745,299.2857
229801,2025-12-31,Participant,0,0.0000,267.8571
233031,2010-03-31,Lead/Arranger-type,2,95.0001,332.6000
233031,2010-03-31,Participant,4,88.5409,348.0000
233031,2010-06-30,Lead/Arranger-type,10,260.1793,309.7857
233031,2010-06-30,Participant,12,382.5399,314.6341
233031,2010-09-30,Lead/Arranger-type,12,411.4997,345.4878
233031,2010-09-30,Participant,11,259.0213,271.5152
233031,2010-12-31,Lead/Arranger-type,11,516.9880,330.3175
233031,2010-12-31,Participant,9,169.9950,312.4082
233031,2011-03-31,Lead/Arranger-type,5,247.3325,322.4286
233031,2011-03-31,Participant,8,234.3537,269.5714
233031,2011-06-30,Lead/Arranger-type,6,210.6050,304.8214
233031,2011-06-30,Participant,12,435.9875,301.9231
233031,2011-09-30,Lead/Arranger-type,6,267.5450,283.6250
233031,2011-09-30,Participant,10,449.0675,235.0000
233031,2011-12-31,Lead/Arranger-type,21,705.0175,225.9091
233031,2011-12-31,Participant,12,447.4260,245.7432
233031,2012-03-31,Lead/Arranger-type,10,320.3440,272.9808
233031,2012-03-31,Participant,26,779.3328,254.7308
233031,2012-06-30,Lead/Arranger-type,7,332.4864,270.5595
233031,2012-06-30,Participant,10,211.3473,252.5714
233031,2012-09-30,Lead/Arranger-type,10,348.5875,287.6124
233031,2012-09-30,Participant,18,421.2437,239.2157
233031,2012-12-31,Lead/Arranger-type,14,521.7400,282.1065
233031,2012-12-31,Participant,13,264.0775,255.6884
233031,2013-03-31,Lead/Arranger-type,13,604.4955,258.4122
233031,2013-03-31,Participant,8,181.5690,242.9808
233031,2013-06-30,Lead/Arranger-type,22,786.7435,254.0099
233031,2013-06-30,Participant,12,361.4084,243.0000
233031,2013-09-30,Lead/Arranger-type,27,922.4425,244.9167
233031,2013-09-30,Participant,16,554.7166,219.0566
233031,2013-12-31,Lead/Arranger-type,9,408.8890,256.1813
233031,2013-12-31,Participant,13,393.7995,186.3667
233031,2014-03-31,Lead/Arranger-type,7,341.0000,244.6944
233031,2014-03-31,Participant,12,289.0435,221.0638
233031,2014-06-30,Lead/Arranger-type,8,419.5010,224.3611
233031,2014-06-30,Participant,17,503.9749,204.6667
233031,2014-09-30,Lead/Arranger-type,13,499.0133,249.3294
233031,2014-09-30,Participant,12,416.0461,218.7500
233031,2014-12-31,Lead/Arranger-type,15,484.8551,223.0882
233031,2014-12-31,Participant,13,324.8784,218.7121
233031,2015-03-31,Lead/Arranger-type,17,717.9762,236.1944
233031,2015-03-31,Participant,19,652.8265,247.0588
233031,2015-06-30,Lead/Arranger-type,15,701.3490,231.9358
233031,2015-06-30,Participant,18,537.2521,187.5769
233031,2015-09-30,Lead/Arranger-type,22,991.1193,243.2381
233031,2015-09-30,Participant,13,553.5480,203.2971
233031,2015-12-31,Lead/Arranger-type,29,953.3952,242.2897
233031,2015-12-31,Participant,15,736.5895,217.0930
233031,2016-03-31,Lead/Arranger-type,21,739.0399,274.9550
233031,2016-03-31,Participant,8,289.9433,187.0370
233031,2016-06-30,Lead/Arranger-type,8,122.9230,267.5789
233031,2016-06-30,Participant,10,274.7512,203.1364
233031,2016-09-30,Lead/Arranger-type,4,307.6300,257.7228
233031,2016-09-30,Participant,5,277.5380,232.2143
233031,2016-12-31,Lead/Arranger-type,11,334.9710,272.5301
233031,2016-12-31,Participant,7,171.0309,192.1406
233031,2017-03-31,Lead/Arranger-type,6,283.5685,280.0210
233031,2017-03-31,Participant,2,86.9700,245.2419
233031,2017-06-30,Lead/Arranger-type,9,304.5814,249.0504
233031,2017-06-30,Participant,3,144.9118,207.3611
233031,2017-09-30,Lead/Arranger-type,8,362.5210,210.5952
233031,2017-09-30,Participant,0,0.0000,232.4138
233031,2017-12-31,Lead/Arranger-type,2,60.0000,250.0000
233031,2017-12-31,Participant,2,104.8320,213.0208
233031,2018-03-31,Lead/Arranger-type,1,120.0000,250.5916
233031,2018-03-31,Participant,2,174.9000,231.6837
233031,2018-06-30,Lead/Arranger-type,1,104.9750,252.4733
233031,2018-06-30,Participant,1,99.9000,214.9706
233031,2018-09-30,Lead/Arranger-type,2,143.0350,209.7368
233031,2018-09-30,Participant,0,0.0000,211.9118
233031,2018-12-31,Lead/Arranger-type,2,85.0240,203.9982
233031,2018-12-31,Participant,3,195.1200,199.0614
233031,2019-03-31,Lead/Arranger-type,1,80.0100,230.1804
233031,2019-03-31,Participant,0,0.0000,168.7209
233031,2019-06-30,Lead/Arranger-type,1,45.0000,252.4745
233031,2019-06-30,Participant,3,90.0200,180.6429
233031,2019-09-30,Lead/Arranger-type,3,105.0000,231.3483
233031,2019-09-30,Participant,1,30.0000,203.8095
233031,2019-12-31,Lead/Arranger-type,9,364.1550,230.0266
233031,2019-12-31,Participant,5,255.0030,188.7500
233031,2020-03-31,Lead/Arranger-type,4,192.9900,205.1488
233031,2020-03-31,Participant,2,175.0000,168.4375
233031,2020-06-30,Lead/Arranger-type,4,146.9900,242.8431
233031,2020-06-30,Participant,0,0.0000,278.0435
233031,2020-09-30,Lead/Arranger-type,1,84.9750,295.3125
233031,2020-09-30,Participant,0,0.0000,236.3542
233031,2020-12-31,Lead/Arranger-type,0,0.0000,267.0875
233031,2020-12-31,Participant,3,211.2600,246.4516
233031,2021-03-31,Lead/Arranger-type,4,281.8800,222.3835
233031,2021-03-31,Participant,2,121.2400,198.3333
233031,2021-06-30,Lead/Arranger-type,8,379.2300,216.2672
233031,2021-06-30,Participant,17,741.6517,163.8679
233031,2021-09-30,Lead/Arranger-type,6,393.2600,228.2407
233031,2021-09-30,Participant,1,125.0000,155.4018
233031,2021-12-31,Lead/Arranger-type,3,115.0000,227.6961
233031,2021-12-31,Participant,0,0.0000,163.0556
233031,2022-03-31,Lead/Arranger-type,3,324.7550,236.0081
233031,2022-03-31,Participant,3,497.5200,156.1111
233031,2022-06-30,Lead/Arranger-type,6,257.4279,210.4749
233031,2022-06-30,Participant,1,60.0000,172.9911
233031,2022-09-30,Lead/Arranger-type,4,414.9500,194.2485
233031,2022-09-30,Participant,5,123.9750,174.1026
233031,2022-12-31,Lead/Arranger-type,2,176.5100,247.7218
233031,2022-12-31,Participant,5,432.9250,189.6346
233031,2023-03-31,Lead/Arranger-type,1,47.5000,216.2767
233031,2023-03-31,Participant,4,292.5150,164.3750
233031,2023-06-30,Lead/Arranger-type,3,69.0080,228.6153
233031,2023-06-30,Participant,3,132.0369,198.7879
233031,2023-09-30,Lead/Arranger-type,2,235.8650,243.5849
233031,2023-09-30,Participant,0,0.0000,223.7500
233031,2023-12-31,Lead/Arranger-type,6,149.5100,241.9684
233031,2023-12-31,Participant,0,0.0000,219.6444
233031,2024-03-31,Lead/Arranger-type,2,181.0000,248.7629
233031,2024-03-31,Participant,0,0.0000,262.5714
233031,2024-06-30,Lead/Arranger-type,3,245.0140,245.8486
233031,2024-06-30,Participant,9,326.8400,159.6415
233031,2024-09-30,Lead/Arranger-type,21,1529.3999,218.5043
233031,2024-09-30,Participant,6,367.9438,176.5909
233031,2024-12-31,Lead/Arranger-type,23,1004.3958,243.4307
233031,2024-12-31,Participant,6,560.0385,188.8452
233031,2025-03-31,Lead/Arranger-type,26,1540.8050,221.4959
233031,2025-03-31,Participant,12,644.0200,166.8564
233031,2025-06-30,Lead/Arranger-type,27,1534.0540,224.0039
233031,2025-06-30,Participant,21,1250.5459,154.5299
233031,2025-09-30,Lead/Arranger-type,27,2002.1016,223.6170
233031,2025-09-30,Participant,5,242.5125,198.4047
233031,2025-12-31,Lead/Arranger-type,17,995.5805,196.8667
233031,2025-12-31,Participant,5,492.5180,176.9853
266271,2010-06-30,Participant,2,42.6000,250.0000
266271,2010-09-30,Participant,1,30.0000,300.0000
266271,2012-06-30,Participant,0,0.0000,300.0000
266271,2012-09-30,Participant,0,0.0000,250.0000
266271,2013-03-31,Participant,0,0.0000,
266271,2013-06-30,Participant,0,0.0000,200.0000
266271,2013-09-30,Participant,0,0.0000,
266271,2013-12-31,Lead/Arranger-type,0,0.0000,
266271,2014-06-30,Participant,2,20.0000,
266271,2014-09-30,Participant,0,0.0000,
266271,2015-03-31,Participant,1,4.9998,
266271,2015-09-30,Participant,0,0.0000,200.0000
266271,2015-12-31,Participant,1,8.0000,275.0000
266271,2016-06-30,Participant,0,0.0000,425.0000
266271,2016-09-30,Participant,0,0.0000,200.0000
266271,2016-12-31,Participant,0,0.0000,312.5000
266271,2017-09-30,Participant,0,0.0000,230.0000
266271,2017-12-31,Participant,0,0.0000,
266271,2018-03-31,Participant,0,0.0000,
266271,2018-06-30,Participant,0,0.0000,
266271,2018-09-30,Participant,0,0.0000,
266271,2018-12-31,Lead/Arranger-type,0,0.0000,
266271,2018-12-31,Participant,0,0.0000,190.0000
266271,2019-03-31,Lead/Arranger-type,0,0.0000,160.0000
266271,2019-03-31,Participant,0,0.0000,
266271,2019-06-30,Participant,0,0.0000,
266271,2019-09-30,Participant,0,0.0000,
266271,2019-12-31,Participant,0,0.0000,
266271,2020-03-31,Participant,0,0.0000,
266271,2020-06-30,Participant,0,0.0000,
266271,2020-09-30,Participant,0,0.0000,265.0000
266271,2020-12-31,Lead/Arranger-type,0,0.0000,225.0000
266271,2020-12-31,Participant,0,0.0000,203.3333
266271,2021-03-31,Participant,0,0.0000,200.0000
266271,2021-06-30,Participant,0,0.0000,237.5000
266271,2021-09-30,Lead/Arranger-type,0,0.0000,
266271,2022-03-31,Participant,0,0.0000,
266271,2022-06-30,Participant,0,0.0000,
272218,2023-09-30,Lead/Arranger-type,0,0.0000,
272218,2023-12-31,Lead/Arranger-type,0,0.0000,425.0000
272218,2024-03-31,Lead/Arranger-type,0,0.0000,600.0000
272218,2024-09-30,Lead/Arranger-type,0,0.0000,483.3333
272218,2024-12-31,Lead/Arranger-type,0,0.0000,
272218,2025-06-30,Lead/Arranger-type,0,0.0000,483.3333
272218,2025-09-30,Lead/Arranger-type,0,0.0000,
272218,2025-12-31,Lead/Arranger-type,0,0.0000,225.0000
311845,2010-03-31,Participant,1,24.0000,425.0000
311845,2010-09-30,Participant,0,0.0000,
311845,2010-12-31,Participant,0,0.0000,275.0000
311845,2011-06-30,Participant,0,0.0000,175.0000
311845,2011-09-30,Participant,1,25.0200,285.0000
311845,2011-12-31,Participant,0,0.0000,275.0000
311845,2012-03-31,Participant,1,9.9900,283.3333
311845,2012-09-30,Participant,0,0.0000,162.5000
311845,2013-06-30,Participant,0,0.0000,
311845,2013-09-30,Participant,1,14.9990,
311845,2013-12-31,Participant,0,0.0000,87.5000
311845,2014-03-31,Participant,1,14.9875,140.0000
311845,2014-09-30,Participant,2,19.9500,134.3750
311845,2014-12-31,Participant,0,0.0000,112.5000
311845,2015-03-31,Participant,0,0.0000,118.7500
311845,2015-06-30,Participant,1,19.9850,160.0000
311845,2015-12-31,Participant,1,22.5080,425.0000
311845,2016-03-31,Participant,0,0.0000,137.5000
311845,2016-06-30,Participant,0,0.0000,146.5000
311845,2017-06-30,Participant,0,0.0000,125.0000
311845,2017-09-30,Participant,0,0.0000,221.6667
311845,2017-12-31,Participant,0,0.0000,147.6667
311845,2018-03-31,Participant,0,0.0000,125.0000
311845,2018-06-30,Participant,0,0.0000,187.5000
311845,2018-09-30,Participant,0,0.0000,175.0000
311845,2018-12-31,Participant,0,0.0000,217.5300
311845,2019-03-31,Participant,2,25.0250,190.0000
311845,2019-06-30,Participant,1,9.9750,366.6667
311845,2019-09-30,Participant,0,0.0000,387.5000
311845,2019-12-31,Participant,0,0.0000,277.5000
311845,2020-03-31,Lead/Arranger-type,0,0.0000,260.0000
311845,2020-03-31,Participant,1,24.9900,100.0000
311845,2020-06-30,Participant,0,0.0000,284.3750
311845,2020-09-30,Participant,0,0.0000,370.0000
311845,2020-12-31,Participant,0,0.0000,418.7500
311845,2021-03-31,Participant,0,0.0000,355.5000
311845,2021-06-30,Participant,0,0.0000,300.0000
311845,2021-09-30,Participant,1,45.0000,266.9444
311845,2021-12-31,Participant,0,0.0000,370.8333
311845,2022-03-31,Participant,0,0.0000,318.1250
311845,2022-06-30,Participant,1,50.0000,263.1667
311845,2022-09-30,Participant,3,69.9000,248.1250
311845,2022-12-31,Participant,0,0.0000,299.1667
311845,2023-03-31,Participant,0,0.0000,268.7500
311845,2023-06-30,Lead/Arranger-type,0,0.0000,125.0000
311845,2023-06-30,Participant,0,0.0000,377.2727
311845,2023-09-30,Participant,0,0.0000,185.0000
311845,2023-12-31,Participant,0,0.0000,374.5000
311845,2024-03-31,Participant,1,50.0000,110.0000
311845,2024-06-30,Participant,0,0.0000,262.5000
311845,2024-09-30,Participant,2,59.9900,236.2500
311845,2024-12-31,Participant,0,0.0000,295.0000
311845,2025-03-31,Participant,1,69.9470,233.7500
311845,2025-06-30,Participant,1,25.0250,221.9286
311845,2025-09-30,Participant,1,40.0000,125.0000
311845,2025-12-31,Participant,0,0.0000,206.2500
342634,2010-03-31,Participant,0,0.0000,333.3333
342634,2010-06-30,Participant,0,0.0000,275.0000
342634,2010-12-31,Participant,2,10.0125,284.3750
342634,2011-03-31,Participant,1,14.0030,325.0000
342634,2011-06-30,Participant,0,0.0000,175.0000
342634,2011-09-30,Participant,1,15.0350,202.0000
342634,2011-12-31,Participant,0,0.0000,250.0000
342634,2012-03-31,Participant,2,15.0070,245.0000
342634,2012-06-30,Participant,0,0.0000,275.0000
342634,2012-09-30,Participant,2,35.0000,168.7500
342634,2012-12-31,Participant,0,0.0000,206.6667
342634,2013-03-31,Participant,1,18.0000,150.0000
342634,2013-06-30,Participant,0,0.0000,350.0000
342634,2013-12-31,Participant,1,30.0000,200.0000
342634,2014-03-31,Participant,0,0.0000,270.0000
342634,2014-06-30,Lead/Arranger-type,0,0.0000,
342634,2014-06-30,Participant,0,0.0000,225.0000
342634,2014-09-30,Participant,1,17.6083,205.0000
342634,2014-12-31,Participant,0,0.0000,263.7500
342634,2015-03-31,Participant,0,0.0000,308.3333
342634,2015-06-30,Participant,2,43.0000,140.8333
342634,2015-09-30,Lead/Arranger-type,0,0.0000,233.3333
342634,2015-09-30,Participant,5,72.0185,192.9167
342634,2015-12-31,Participant,5,50.0161,274.4231
342634,2016-03-31,Participant,4,22.0055,296.7857
342634,2016-06-30,Participant,2,20.0015,271.7500
342634,2016-09-30,Lead/Arranger-type,0,0.0000,150.0000
342634,2016-09-30,Participant,1,13.9594,263.5714
342634,2016-12-31,Participant,1,15.0025,227.5000
342634,2017-03-31,Participant,0,0.0000,260.7143
342634,2017-06-30,Lead/Arranger-type,0,0.0000,200.0000
342634,2017-06-30,Participant,1,37.5300,246.5000
342634,2017-09-30,Participant,1,18.0000,341.6667
342634,2017-12-31,Participant,0,0.0000,231.2500
342634,2018-03-31,Participant,0,0.0000,256.0417
342634,2018-06-30,Participant,0,0.0000,248.9583
342634,2018-09-30,Participant,0,0.0000,225.0000
342634,2018-12-31,Participant,0,0.0000,232.9167
342634,2019-03-31,Participant,0,0.0000,235.6250
342634,2019-06-30,Participant,1,7.5000,183.5714
342634,2019-09-30,Participant,0,0.0000,193.3333
342634,2019-12-31,Participant,0,0.0000,224.3750
342634,2020-03-31,Participant,0,0.0000,250.8333
342634,2020-06-30,Lead/Arranger-type,0,0.0000,225.0000
342634,2020-06-30,Participant,0,0.0000,237.5000
342634,2020-09-30,Participant,0,0.0000,236.6667
342634,2020-12-31,Participant,0,0.0000,271.8750
342634,2021-03-31,Participant,0,0.0000,224.0000
342634,2021-06-30,Participant,0,0.0000,307.7778
342634,2021-09-30,Lead/Arranger-type,0,0.0000,237.5000
342634,2021-09-30,Participant,0,0.0000,157.5000
342634,2021-12-31,Lead/Arranger-type,0,0.0000,125.0000
342634,2021-12-31,Participant,0,0.0000,205.0000
342634,2022-03-31,Participant,0,0.0000,347.5000
342634,2022-06-30,Lead/Arranger-type,0,0.0000,250.0000
342634,2022-06-30,Participant,0,0.0000,231.2500
342634,2022-09-30,Lead/Arranger-type,0,0.0000,
342634,2022-09-30,Participant,0,0.0000,278.5294
342634,2022-12-31,Participant,0,0.0000,232.3333
342634,2023-03-31,Lead/Arranger-type,0,0.0000,375.0000
342634,2023-03-31,Participant,0,0.0000,320.0000
342634,2023-06-30,Lead/Arranger-type,0,0.0000,216.6667
342634,2023-06-30,Participant,0,0.0000,360.0000
342634,2023-09-30,Participant,0,0.0000,224.1667
342634,2023-12-31,Lead/Arranger-type,0,0.0000,275.0000
342634,2023-12-31,Participant,0,0.0000,246.1364
342634,2024-03-31,Lead/Arranger-type,0,0.0000,360.0000
342634,2024-03-31,Participant,0,0.0000,265.9091
342634,2024-06-30,Participant,0,0.0000,244.1667
342634,2024-09-30,Lead/Arranger-type,0,0.0000,258.3333
342634,2024-09-30,Participant,0,0.0000,280.0000
342634,2024-12-31,Lead/Arranger-type,0,0.0000,
342634,2024-12-31,Participant,11,126.9353,294.6875
342634,2025-03-31,Lead/Arranger-type,0,0.0000,275.0000
342634,2025-03-31,Participant,0,0.0000,215.0000
342634,2025-06-30,Participant,3,74.9435,217.3684
342634,2025-09-30,Lead/Arranger-type,0,0.0000,350.0000
342634,2025-09-30,Participant,2,70.0487,250.9091
342634,2025-12-31,Lead/Arranger-type,1,25.0010,228.3333
342634,2025-12-31,Participant,5,85.3877,229.7619
395238,2010-12-31,Participant,0,0.0000,250.0000
395238,2011-03-31,Participant,0,0.0000,250.0000
395238,2011-12-31,Participant,0,0.0000,
395238,2015-06-30,Participant,1,29.9750,
395238,2015-09-30,Participant,0,0.0000,138.0000
395238,2016-03-31,Participant,0,0.0000,225.0000
395238,2016-06-30,Participant,0,0.0000,225.0000
395238,2016-09-30,Lead/Arranger-type,0,0.0000,225.0000
463735,2010-03-31,Participant,0,0.0000,
463735,2010-06-30,Participant,2,54.9998,269.4444
463735,2010-12-31,Participant,2,25.0125,234.3750
463735,2011-03-31,Participant,0,0.0000,150.0000
463735,2011-06-30,Participant,1,49.9500,233.3333
463735,2011-09-30,Participant,0,0.0000,150.0000
463735,2011-12-31,Lead/Arranger-type,0,0.0000,
463735,2011-12-31,Participant,2,35.0175,275.0000
463735,2012-03-31,Participant,3,28.9950,240.0000
463735,2012-06-30,Participant,1,24.9900,150.0000
463735,2012-09-30,Lead/Arranger-type,0,0.0000,293.7500
463735,2012-09-30,Participant,3,40.0025,204.1667
463735,2012-12-31,Lead/Arranger-type,2,16.0010,275.0000
463735,2012-12-31,Participant,1,52.9500,253.7500
463735,2013-03-31,Participant,2,59.9760,225.0000
463735,2013-06-30,Participant,2,39.9600,247.7273
463735,2013-09-30,Lead/Arranger-type,0,0.0000,562.5000
463735,2013-09-30,Participant,1,38.5500,233.3333
463735,2013-12-31,Lead/Arranger-type,0,0.0000,425.0000
463735,2013-12-31,Participant,5,114.6700,202.7778
463735,2014-03-31,Lead/Arranger-type,0,0.0000,325.0000
463735,2014-03-31,Participant,0,0.0000,276.2500
463735,2014-06-30,Lead/Arranger-type,0,0.0000,325.0000
463735,2014-06-30,Participant,3,94.9800,230.0000
463735,2014-09-30,Lead/Arranger-type,0,0.0000,
463735,2014-09-30,Participant,4,91.0200,261.1111
463735,2014-12-31,Participant,0,0.0000,286.6667
463735,2015-03-31,Participant,3,74.9500,225.0000
463735,2015-06-30,Lead/Arranger-type,0,0.0000,325.0000
463735,2015-06-30,Participant,2,58.8000,200.0000
463735,2015-09-30,Lead/Arranger-type,0,0.0000,233.3333
463735,2015-09-30,Participant,2,39.7700,279.6875
463735,2015-12-31,Participant,3,54.9980,233.7500
463735,2016-03-31,Lead/Arranger-type,2,16.9925,325.0000
463735,2016-03-31,Participant,5,134.0216,252.2414
463735,2016-06-30,Lead/Arranger-type,0,0.0000,475.0000
463735,2016-06-30,Participant,1,13.6125,376.8333
463735,2016-09-30,Lead/Arranger-type,0,0.0000,391.6667
463735,2016-09-30,Participant,2,84.3600,252.8571
463735,2016-12-31,Lead/Arranger-type,0,0.0000,325.0000
463735,2016-12-31,Participant,1,15.0080,271.3889
463735,2017-03-31,Participant,2,23.7400,265.3571
463735,2017-06-30,Lead/Arranger-type,0,0.0000,322.2222
463735,2017-06-30,Participant,0,0.0000,252.5000
463735,2017-09-30,Lead/Arranger-type,0,0.0000,300.0000
463735,2017-09-30,Participant,0,0.0000,184.6154
463735,2017-12-31,Lead/Arranger-type,0,0.0000,275.0000
463735,2017-12-31,Participant,0,0.0000,256.6667
463735,2018-03-31,Lead/Arranger-type,0,0.0000,368.7500
463735,2018-03-31,Participant,0,0.0000,210.0000
463735,2018-06-30,Lead/Arranger-type,0,0.0000,298.0769
463735,2018-06-30,Participant,0,0.0000,192.5000
463735,2018-09-30,Lead/Arranger-type,0,0.0000,275.0000
463735,2018-09-30,Participant,0,0.0000,220.8333
463735,2018-12-31,Lead/Arranger-type,0,0.0000,450.0000
463735,2018-12-31,Participant,0,0.0000,198.7500
463735,2019-03-31,Lead/Arranger-type,0,0.0000,650.0000
463735,2019-03-31,Participant,0,0.0000,230.0000
463735,2019-06-30,Lead/Arranger-type,0,0.0000,450.0000
463735,2019-06-30,Participant,0,0.0000,192.8571
463735,2019-09-30,Lead/Arranger-type,0,0.0000,356.0000
463735,2019-09-30,Participant,0,0.0000,193.7500
463735,2019-12-31,Lead/Arranger-type,0,0.0000,375.0000
463735,2019-12-31,Participant,0,0.0000,266.4286
463735,2020-03-31,Participant,0,0.0000,
463735,2020-09-30,Lead/Arranger-type,0,0.0000,
463735,2020-09-30,Participant,0,0.0000,350.0000
463735,2021-03-31,Lead/Arranger-type,0,0.0000,475.0000
463735,2021-06-30,Lead/Arranger-type,0,0.0000,375.0000
463735,2021-09-30,Lead/Arranger-type,0,0.0000,225.0000
463735,2021-09-30,Participant,0,0.0000,271.2500
463735,2021-12-31,Lead/Arranger-type,0,0.0000,516.6667
463735,2021-12-31,Participant,0,0.0000,315.0000
463735,2022-03-31,Lead/Arranger-type,0,0.0000,225.0000
463735,2022-06-30,Lead/Arranger-type,0,0.0000,375.0000
463735,2022-06-30,Participant,0,0.0000,
463735,2022-09-30,Participant,0,0.0000,337.5000
463735,2023-06-30,Participant,0,0.0000,250.0000
463735,2023-12-31,Participant,0,0.0000,225.0000
463735,2025-06-30,Participant,0,0.0000,300.0000
476810,2010-03-31,Lead/Arranger-type,24,2620.4439,289.4187
476810,2010-03-31,Participant,20,916.5890,252.9100
476810,2010-06-30,Lead/Arranger-type,52,6697.2471,271.9000
476810,2010-06-30,Participant,42,2334.7434,236.0106
476810,2010-09-30,Lead/Arranger-type,46,6196.5067,302.4415
476810,2010-09-30,Participant,36,1928.7550,243.3140
476810,2010-12-31,Lead/Arranger-type,67,6740.0376,242.4529
476810,2010-12-31,Participant,39,1407.8630,253.0303
476810,2011-03-31,Lead/Arranger-type,63,8233.5256,218.2792
476810,2011-03-31,Participant,18,536.8025,210.3947
476810,2011-06-30,Lead/Arranger-type,86,8569.4006,232.1594
476810,2011-06-30,Participant,32,1530.6165,234.9437
476810,2011-09-30,Lead/Arranger-type,51,4708.6634,219.1295
476810,2011-09-30,Participant,14,685.2035,184.9432
476810,2011-12-31,Lead/Arranger-type,85,9103.0612,208.8324
476810,2011-12-31,Participant,20,873.8467,193.0952
476810,2012-03-31,Lead/Arranger-type,70,7313.9202,259.8391
476810,2012-03-31,Participant,19,630.2911,241.9302
476810,2012-06-30,Lead/Arranger-type,109,10081.6283,255.9720
476810,2012-06-30,Participant,22,1136.0618,201.7442
476810,2012-09-30,Lead/Arranger-type,48,4691.7302,285.6509
476810,2012-09-30,Participant,25,801.9474,195.8654
476810,2012-12-31,Lead/Arranger-type,59,4795.7683,287.4376
476810,2012-12-31,Participant,29,1191.7845,236.1979
476810,2013-03-31,Lead/Arranger-type,57,5064.8963,279.6881
476810,2013-03-31,Participant,13,941.0140,261.4062
476810,2013-06-30,Lead/Arranger-type,90,8101.4524,264.2407
476810,2013-06-30,Participant,24,1521.8546,199.7604
476810,2013-09-30,Lead/Arranger-type,83,7167.7971,244.0621
476810,2013-09-30,Participant,32,928.9643,181.4683
476810,2013-12-31,Lead/Arranger-type,79,6496.3148,229.6866
476810,2013-12-31,Participant,17,991.7134,195.3023
476810,2014-03-31,Lead/Arranger-type,63,5359.0236,240.2991
476810,2014-03-31,Participant,7,144.0422,212.1053
476810,2014-06-30,Lead/Arranger-type,74,6192.5039,243.8760
476810,2014-06-30,Participant,22,1310.4002,166.4894
476810,2014-09-30,Lead/Arranger-type,69,9004.6286,230.8090
476810,2014-09-30,Participant,15,589.6896,189.7500
476810,2014-12-31,Lead/Arranger-type,80,8069.5272,228.2658
476810,2014-12-31,Participant,24,3672.9153,168.5714
476810,2015-03-31,Lead/Arranger-type,79,7136.8822,210.2046
476810,2015-03-31,Participant,24,2554.3579,174.0104
476810,2015-06-30,Lead/Arranger-type,71,8626.6264,222.1095
476810,2015-06-30,Participant,16,547.8464,176.9643
476810,2015-09-30,Lead/Arranger-type,63,14052.4966,212.2373
476810,2015-09-30,Participant,28,2004.1832,198.2143
476810,2015-12-31,Lead/Arranger-type,110,19001.7086,214.5232
476810,2015-12-31,Participant,16,849.0067,165.9694
476810,2016-03-31,Lead/Arranger-type,70,6190.8655,192.8386
476810,2016-03-31,Participant,20,1601.1059,203.1818
476810,2016-06-30,Lead/Arranger-type,105,11904.1306,250.9269
476810,2016-06-30,Participant,29,2139.3109,191.9643
476810,2016-09-30,Lead/Arranger-type,68,7873.0556,241.1126
476810,2016-09-30,Participant,5,214.1210,180.4118
476810,2016-12-31,Lead/Arranger-type,71,8493.1947,260.8466
476810,2016-12-31,Participant,20,866.2223,168.9286
476810,2017-03-31,Lead/Arranger-type,65,7635.1750,253.3004
476810,2017-03-31,Participant,3,254.0000,160.8036
476810,2017-06-30,Lead/Arranger-type,53,10226.0632,241.2132
476810,2017-06-30,Participant,13,752.1574,197.8977
476810,2017-09-30,Lead/Arranger-type,36,3435.3467,245.5272
476810,2017-09-30,Participant,6,557.3875,158.6842
476810,2017-12-31,Lead/Arranger-type,40,3637.0643,243.7627
476810,2017-12-31,Participant,5,221.5773,179.6778
476810,2018-03-31,Lead/Arranger-type,24,10771.2897,227.5884
476810,2018-03-31,Participant,2,195.4100,159.3919
476810,2018-06-30,Lead/Arranger-type,61,4454.3779,226.9559
476810,2018-06-30,Participant,3,55.8573,201.7672
476810,2018-09-30,Lead/Arranger-type,37,5195.6844,222.0759
476810,2018-09-30,Participant,5,239.9505,148.0263
476810,2018-12-31,Lead/Arranger-type,46,4908.2093,219.8168
476810,2018-12-31,Participant,6,1006.6730,168.5000
476810,2019-03-31,Lead/Arranger-type,43,12572.6762,240.7508
476810,2019-03-31,Participant,3,1080.2092,153.9865
476810,2019-06-30,Lead/Arranger-type,36,3015.2641,210.4169
476810,2019-06-30,Participant,8,141.7029,208.8017
476810,2019-09-30,Lead/Arranger-type,44,3065.4501,234.1753
476810,2019-09-30,Participant,6,564.6412,170.1500
476810,2019-12-31,Lead/Arranger-type,58,7112.0123,197.2493
476810,2019-12-31,Participant,8,170.1371,146.0795
476810,2020-03-31,Lead/Arranger-type,43,11171.6894,225.4921
476810,2020-03-31,Participant,7,178.2685,206.4773
476810,2020-06-30,Lead/Arranger-type,26,3347.3294,226.1598
476810,2020-06-30,Participant,6,964.0524,201.5385
476810,2020-09-30,Lead/Arranger-type,22,1805.5970,250.9099
476810,2020-09-30,Participant,4,388.3200,200.9783
476810,2020-12-31,Lead/Arranger-type,26,2293.4697,247.4212
476810,2020-12-31,Participant,7,334.6870,201.0571
476810,2021-03-31,Lead/Arranger-type,28,2817.4429,246.4509
476810,2021-03-31,Participant,2,44.3980,178.9286
476810,2021-06-30,Lead/Arranger-type,57,5962.1123,213.9300
476810,2021-06-30,Participant,13,1069.7841,171.1607
476810,2021-09-30,Lead/Arranger-type,41,4418.4423,229.4462
476810,2021-09-30,Participant,6,812.1415,133.9583
476810,2021-12-31,Lead/Arranger-type,24,3914.7665,212.9310
476810,2021-12-31,Participant,1,133.6000,167.5217
476810,2022-03-31,Lead/Arranger-type,28,5521.3210,237.0970
476810,2022-03-31,Participant,3,292.4520,144.0870
476810,2022-06-30,Lead/Arranger-type,44,3922.6310,199.5961
476810,2022-06-30,Participant,12,307.8759,170.0301
476810,2022-09-30,Lead/Arranger-type,36,3365.4901,195.7715
476810,2022-09-30,Participant,7,310.3581,128.5854
476810,2022-12-31,Lead/Arranger-type,39,5451.9797,211.6075
476810,2022-12-31,Participant,0,0.0000,188.2500
476810,2023-03-31,Lead/Arranger-type,23,2707.4464,230.8881
476810,2023-03-31,Participant,8,120.5695,164.1667
476810,2023-06-30,Lead/Arranger-type,43,3155.6390,210.7278
476810,2023-06-30,Participant,14,661.6708,196.3971
476810,2023-09-30,Lead/Arranger-type,33,2273.0825,243.4901
476810,2023-09-30,Participant,9,2415.8950,172.3148
476810,2023-12-31,Lead/Arranger-type,48,4092.3714,250.0294
476810,2023-12-31,Participant,7,157.9987,183.5833
476810,2024-03-31,Lead/Arranger-type,26,1949.1848,256.9760
476810,2024-03-31,Participant,5,485.1852,217.6667
476810,2024-06-30,Lead/Arranger-type,37,3367.9239,242.1836
476810,2024-06-30,Participant,2,260.6450,173.9762
476810,2024-09-30,Lead/Arranger-type,48,5431.8770,242.9986
476810,2024-09-30,Participant,7,364.4020,203.3966
476810,2024-12-31,Lead/Arranger-type,54,6373.6630,240.9681
476810,2024-12-31,Participant,16,458.9604,188.2973
476810,2025-03-31,Lead/Arranger-type,48,4706.1183,239.1326
476810,2025-03-31,Participant,10,553.5258,169.0278
476810,2025-06-30,Lead/Arranger-type,75,8888.9917,238.0266
476810,2025-06-30,Participant,23,1428.4085,153.7289
476810,2025-09-30,Lead/Arranger-type,57,6990.6335,238.8019
476810,2025-09-30,Participant,11,433.9920,150.6406
476810,2025-12-31,Lead/Arranger-type,57,26228.3677,217.4710
476810,2025-12-31,Participant,17,878.0848,217.1023
491224,2013-06-30,Lead/Arranger-type,0,0.0000,200.0000
491224,2014-06-30,Lead/Arranger-type,0,0.0000,
491224,2014-12-31,Lead/Arranger-type,1,14.0000,350.0000
491224,2014-12-31,Participant,0,0.0000,
491224,2015-12-31,Participant,1,18.0030,425.0000
491224,2016-06-30,Participant,0,0.0000,
491224,2016-09-30,Participant,0,0.0000,
491224,2018-06-30,Participant,0,0.0000,425.0000
491224,2019-06-30,Lead/Arranger-type,0,0.0000,
491224,2019-09-30,Lead/Arranger-type,0,0.0000,
491224,2019-09-30,Participant,0,0.0000,400.0000
491224,2019-12-31,Participant,0,0.0000,150.0000
491224,2021-03-31,Lead/Arranger-type,0,0.0000,150.0000
491224,2021-03-31,Participant,0,0.0000,166.2500
491224,2021-12-31,Participant,0,0.0000,168.7500
491224,2022-03-31,Participant,0,0.0000,236.2500
491224,2022-06-30,Participant,0,0.0000,229.9458
491224,2022-09-30,Lead/Arranger-type,0,0.0000,325.0000
491224,2022-09-30,Participant,0,0.0000,204.2308
491224,2022-12-31,Lead/Arranger-type,0,0.0000,424.5000
491224,2022-12-31,Participant,1,31.0050,233.1818
491224,2023-03-31,Lead/Arranger-type,0,0.0000,
491224,2023-03-31,Participant,0,0.0000,309.0000
491224,2023-06-30,Lead/Arranger-type,0,0.0000,352.7941
491224,2023-06-30,Participant,0,0.0000,309.9000
491224,2023-09-30,Lead/Arranger-type,0,0.0000,375.3125
491224,2023-09-30,Participant,0,0.0000,295.6250
491224,2023-12-31,Lead/Arranger-type,0,0.0000,249.9194
491224,2023-12-31,Participant,0,0.0000,325.3571
491224,2024-03-31,Lead/Arranger-type,0,0.0000,276.2500
491224,2024-03-31,Participant,0,0.0000,286.3889
491224,2024-06-30,Lead/Arranger-type,0,0.0000,313.1481
491224,2024-06-30,Participant,1,34.9800,286.8182
491224,2024-09-30,Lead/Arranger-type,2,107.5025,272.6667
491224,2024-09-30,Participant,8,275.2595,274.1176
491224,2024-12-31,Lead/Arranger-type,12,502.9363,265.1613
491224,2024-12-31,Participant,9,156.2650,264.9107
491224,2025-03-31,Lead/Arranger-type,9,366.6750,287.0000
491224,2025-03-31,Participant,2,114.9475,245.7500
491224,2025-06-30,Lead/Arranger-type,4,103.3380,266.2245
491224,2025-06-30,Participant,7,177.0600,277.6042
491224,2025-09-30,Lead/Arranger-type,2,319.7800,254.3889
491224,2025-09-30,Participant,2,100.0535,291.1765
491224,2025-12-31,Lead/Arranger-type,2,195.0000,237.6279
491224,2025-12-31,Participant,3,127.6955,290.7000
504713,2014-03-31,Lead/Arranger-type,0,0.0000,250.0000
504713,2015-12-31,Lead/Arranger-type,0,0.0000,250.0000
504713,2018-03-31,Lead/Arranger-type,0,0.0000,225.0000
510871,2013-12-31,Participant,1,5.0250,187.5000
510871,2014-12-31,Participant,1,15.0150,250.0000
510871,2015-06-30,Participant,0,0.0000,275.0000
510871,2015-12-31,Participant,1,10.0000,325.0000
510871,2016-03-31,Participant,2,9.9840,225.0000
510871,2016-06-30,Participant,1,5.0000,241.6667
510871,2016-12-31,Participant,2,16.6675,218.7500
510871,2017-03-31,Participant,0,0.0000,200.0000
510871,2017-06-30,Participant,0,0.0000,325.0000
510871,2017-12-31,Participant,0,0.0000,175.0000
510871,2018-03-31,Participant,0,0.0000,150.0000
510871,2018-06-30,Participant,0,0.0000,200.0000
510871,2018-09-30,Participant,0,0.0000,275.0000
510871,2018-12-31,Lead/Arranger-type,0,0.0000,266.6667
510871,2018-12-31,Participant,0,0.0000,250.0000
510871,2019-06-30,Participant,0,0.0000,300.0000
510871,2019-09-30,Participant,0,0.0000,250.0000
510871,2019-12-31,Participant,0,0.0000,205.0000
510871,2020-03-31,Participant,0,0.0000,275.0000
510871,2020-12-31,Participant,0,0.0000,
510871,2021-03-31,Participant,0,0.0000,
510871,2021-06-30,Participant,0,0.0000,250.0000
510871,2021-09-30,Participant,0,0.0000,387.5000
510871,2022-06-30,Participant,0,0.0000,153.1250
510871,2022-09-30,Participant,0,0.0000,400.0000
510871,2022-12-31,Lead/Arranger-type,0,0.0000,150.0000
510871,2022-12-31,Participant,0,0.0000,225.0000
510871,2023-03-31,Participant,0,0.0000,210.0000
510871,2023-09-30,Participant,0,0.0000,212.5000
510871,2023-12-31,Lead/Arranger-type,0,0.0000,216.6667
510871,2023-12-31,Participant,0,0.0000,300.0000
510871,2024-03-31,Participant,0,0.0000,
510871,2024-06-30,Lead/Arranger-type,0,0.0000,150.0000
510871,2024-06-30,Participant,0,0.0000,312.5000
510871,2024-09-30,Participant,1,24.9600,185.0000
510871,2024-12-31,Lead/Arranger-type,0,0.0000,191.6667
510871,2024-12-31,Participant,0,0.0000,250.0000
510871,2025-03-31,Participant,2,30.0000,200.0000
510871,2025-06-30,Participant,2,15.0020,175.0000
510871,2025-09-30,Lead/Arranger-type,0,0.0000,191.2500
510871,2025-09-30,Participant,1,30.3750,241.6667
510871,2025-12-31,Participant,0,0.0000,
541101,2010-03-31,Lead/Arranger-type,1,18.0000,147.8571
541101,2010-03-31,Participant,15,354.3320,230.7143
541101,2010-06-30,Lead/Arranger-type,5,314.0000,143.2500
541101,2010-06-30,Participant,31,1505.9837,219.7917
541101,2010-09-30,Lead/Arranger-type,1,60.0000,152.0000
541101,2010-09-30,Participant,20,730.4800,165.2927
541101,2010-12-31,Lead/Arranger-type,2,109.9925,194.1667
541101,2010-12-31,Participant,32,1087.9560,196.5476
541101,2011-03-31,Lead/Arranger-type,3,127.5100,239.2308
541101,2011-03-31,Participant,33,1297.9155,149.6538
541101,2011-06-30,Lead/Arranger-type,2,131.0100,125.1923
541101,2011-06-30,Participant,24,1318.2200,153.9429
541101,2011-09-30,Lead/Arranger-type,2,111.9800,106.8333
541101,2011-09-30,Participant,14,597.3169,145.9483
541101,2011-12-31,Lead/Arranger-type,3,67.0100,107.9167
541101,2011-12-31,Participant,38,1753.0551,136.8667
541101,2012-03-31,Lead/Arranger-type,0,0.0000,109.1667
541101,2012-03-31,Participant,30,1072.9069,184.6900
541101,2012-06-30,Lead/Arranger-type,9,842.9440,227.2059
541101,2012-06-30,Participant,34,1976.9565,162.2451
541101,2012-09-30,Lead/Arranger-type,4,113.2150,151.6667
541101,2012-09-30,Participant,21,685.8050,161.6774
541101,2012-12-31,Lead/Arranger-type,5,127.6000,145.8333
541101,2012-12-31,Participant,29,1068.4176,145.8974
541101,2013-03-31,Lead/Arranger-type,1,36.0000,107.7778
541101,2013-03-31,Participant,20,608.9936,138.4143
541101,2013-06-30,Lead/Arranger-type,4,191.0400,160.9211
541101,2013-06-30,Participant,34,1795.0677,133.2045
541101,2013-09-30,Lead/Arranger-type,10,529.0783,131.9375
541101,2013-09-30,Participant,13,445.5625,183.0714
541101,2013-12-31,Lead/Arranger-type,4,254.4357,111.4583
541101,2013-12-31,Participant,16,778.3865,117.0741
541101,2014-03-31,Lead/Arranger-type,1,92.4750,108.6538
541101,2014-03-31,Participant,12,482.1610,128.1591
541101,2014-06-30,Lead/Arranger-type,2,65.2000,96.9318
541101,2014-06-30,Participant,19,874.1358,125.5128
541101,2014-09-30,Lead/Arranger-type,0,0.0000,99.7917
541101,2014-09-30,Participant,16,987.4616,115.9524
541101,2014-12-31,Lead/Arranger-type,2,90.0200,101.9231
541101,2014-12-31,Participant,29,1285.2595,133.2547
541101,2015-03-31,Lead/Arranger-type,5,385.1671,94.1429
541101,2015-03-31,Participant,23,1274.2015,121.6667
541101,2015-06-30,Lead/Arranger-type,4,244.7750,147.2500
541101,2015-06-30,Participant,20,935.5405,132.7273
541101,2015-09-30,Lead/Arranger-type,2,284.9650,101.5000
541101,2015-09-30,Participant,20,1517.3120,124.0000
541101,2015-12-31,Lead/Arranger-type,12,1340.5050,107.6389
541101,2015-12-31,Participant,22,961.2807,124.2500
541101,2016-03-31,Lead/Arranger-type,3,124.5000,104.0000
541101,2016-03-31,Participant,19,1092.1945,128.9375
541101,2016-06-30,Lead/Arranger-type,2,43.0000,94.1667
541101,2016-06-30,Participant,32,1766.9474,130.9914
541101,2016-09-30,Lead/Arranger-type,2,227.0000,170.8750
541101,2016-09-30,Participant,11,609.5000,132.0238
541101,2016-12-31,Lead/Arranger-type,6,720.0400,119.3571
541101,2016-12-31,Participant,16,1082.6800,118.9574
541101,2017-03-31,Lead/Arranger-type,2,66.0450,129.5833
541101,2017-03-31,Participant,7,344.1250,149.2037
541101,2017-06-30,Lead/Arranger-type,0,0.0000,145.1923
541101,2017-06-30,Participant,6,545.7515,120.8824
541101,2017-09-30,Lead/Arranger-type,1,160.9454,122.3684
541101,2017-09-30,Participant,6,362.0200,143.5526
541101,2017-12-31,Lead/Arranger-type,0,0.0000,149.3750
541101,2017-12-31,Participant,3,245.7500,114.7167
541101,2018-03-31,Lead/Arranger-type,2,119.9750,126.2500
541101,2018-03-31,Participant,2,188.5190,114.5909
541101,2018-06-30,Lead/Arranger-type,0,0.0000,129.6875
541101,2018-06-30,Participant,7,748.9500,135.5000
541101,2018-09-30,Lead/Arranger-type,0,0.0000,125.9091
541101,2018-09-30,Participant,11,453.8900,127.3913
541101,2018-12-31,Lead/Arranger-type,2,306.3345,139.2500
541101,2018-12-31,Participant,7,456.0250,107.9706
541101,2019-03-31,Lead/Arranger-type,0,0.0000,104.3750
541101,2019-03-31,Participant,7,296.0000,118.1136
541101,2019-06-30,Lead/Arranger-type,1,147.6000,144.2188
541101,2019-06-30,Participant,2,79.7400,110.1087
541101,2019-09-30,Lead/Arranger-type,0,0.0000,126.0714
541101,2019-09-30,Participant,4,124.7250,121.0192
541101,2019-12-31,Lead/Arranger-type,2,57.7500,168.9286
541101,2019-12-31,Participant,9,567.4560,95.4839
541101,2020-03-31,Lead/Arranger-type,0,0.0000,112.8125
541101,2020-03-31,Participant,7,229.8300,113.6522
541101,2020-06-30,Lead/Arranger-type,0,0.0000,197.1246
541101,2020-06-30,Participant,0,0.0000,133.3125
541101,2020-09-30,Lead/Arranger-type,0,0.0000,261.1250
541101,2020-09-30,Participant,6,157.7000,176.1591
541101,2020-12-31,Lead/Arranger-type,2,86.4500,189.2188
541101,2020-12-31,Participant,7,313.9250,153.0208
541101,2021-03-31,Lead/Arranger-type,2,115.0000,116.4583
541101,2021-03-31,Participant,7,405.7200,105.7778
541101,2021-06-30,Lead/Arranger-type,2,109.9842,146.6071
541101,2021-06-30,Participant,16,649.1613,122.7803
541101,2021-09-30,Lead/Arranger-type,1,210.0000,133.3333
541101,2021-09-30,Participant,9,449.9000,116.1000
541101,2021-12-31,Lead/Arranger-type,0,0.0000,165.1667
541101,2021-12-31,Participant,13,661.5650,127.3293
541101,2022-03-31,Lead/Arranger-type,0,0.0000,108.9286
541101,2022-03-31,Participant,4,521.1250,120.0000
541101,2022-06-30,Lead/Arranger-type,0,0.0000,123.1250
541101,2022-06-30,Participant,8,361.0000,125.0040
541101,2022-09-30,Lead/Arranger-type,0,0.0000,127.5625
541101,2022-09-30,Participant,6,282.4150,126.1339
541101,2022-12-31,Lead/Arranger-type,1,72.5000,162.0455
541101,2022-12-31,Participant,15,772.3000,119.3816
541101,2023-03-31,Lead/Arranger-type,1,93.4800,149.6154
541101,2023-03-31,Participant,7,536.6260,130.2258
541101,2023-06-30,Lead/Arranger-type,2,9.9881,261.1111
541101,2023-06-30,Participant,1,148.3250,135.9310
541101,2023-09-30,Lead/Arranger-type,0,0.0000,95.8333
541101,2023-09-30,Participant,2,100.4675,97.0833
541101,2023-12-31,Lead/Arranger-type,1,2.5116,215.7381
541101,2023-12-31,Participant,9,294.9175,149.0750
541101,2024-03-31,Lead/Arranger-type,1,81.4500,165.0000
541101,2024-03-31,Participant,2,81.4500,133.0882
541101,2024-06-30,Lead/Arranger-type,0,0.0000,215.4000
541101,2024-06-30,Participant,6,224.5900,129.0804
541101,2024-09-30,Lead/Arranger-type,3,309.9250,101.4286
541101,2024-09-30,Participant,4,530.0000,152.7045
541101,2024-12-31,Lead/Arranger-type,0,0.0000,178.7500
541101,2024-12-31,Participant,14,687.1600,142.8824
541101,2025-03-31,Lead/Arranger-type,6,490.0361,130.8182
541101,2025-03-31,Participant,7,453.2150,115.3409
541101,2025-06-30,Lead/Arranger-type,0,0.0000,144.7222
541101,2025-06-30,Participant,22,1024.8920,130.3182
541101,2025-09-30,Lead/Arranger-type,2,70.0000,156.5000
541101,2025-09-30,Participant,4,317.7400,135.6389
541101,2025-12-31,Lead/Arranger-type,0,0.0000,156.5517
541101,2025-12-31,Participant,11,554.0700,109.8788
564557,2019-06-30,Participant,0,0.0000,125.0000
564557,2022-06-30,Participant,0,0.0000,125.0000
606046,2010-06-30,Participant,1,10.0000,250.0000
606046,2010-12-31,Participant,0,0.0000,190.0000
606046,2011-03-31,Participant,1,7.9990,325.0000
606046,2011-06-30,Participant,1,49.9500,150.0000
606046,2011-09-30,Participant,0,0.0000,110.0000
606046,2011-12-31,Participant,0,0.0000,
606046,2012-12-31,Participant,2,24.9750,119.1667
606046,2013-09-30,Participant,1,0.0996,212.5000
606046,2014-12-31,Participant,0,0.0000,105.0000
606046,2015-06-30,Participant,1,6.0000,250.0000
606046,2015-09-30,Participant,1,15.0000,87.5000
606046,2016-03-31,Participant,2,29.9800,191.6667
606046,2016-06-30,Participant,1,7.5075,224.0000
606046,2016-09-30,Participant,1,50.0400,500.0000
606046,2017-03-31,Participant,0,0.0000,
606046,2017-06-30,Participant,0,0.0000,225.0000
606046,2017-12-31,Participant,0,0.0000,100.0000
606046,2018-09-30,Participant,0,0.0000,150.0000
606046,2019-03-31,Participant,0,0.0000,180.0000
606046,2019-06-30,Participant,0,0.0000,100.0000
606046,2020-06-30,Lead/Arranger-type,0,0.0000,225.0000
606046,2020-09-30,Participant,0,0.0000,337.5000
606046,2020-12-31,Participant,0,0.0000,225.0000
606046,2021-03-31,Participant,1,22.5050,225.0000
606046,2021-06-30,Participant,0,0.0000,276.0000
606046,2021-09-30,Lead/Arranger-type,0,0.0000,325.0000
606046,2021-09-30,Participant,0,0.0000,288.5714
606046,2021-12-31,Lead/Arranger-type,0,0.0000,350.0000
606046,2021-12-31,Participant,0,0.0000,356.2500
606046,2022-06-30,Participant,0,0.0000,233.3333
606046,2022-09-30,Participant,0,0.0000,275.0000
606046,2022-12-31,Participant,0,0.0000,295.0000
606046,2023-06-30,Participant,0,0.0000,275.0000
612618,2013-09-30,Participant,1,15.0001,
612618,2018-12-31,Participant,0,0.0000,150.0000
613307,2010-03-31,Lead/Arranger-type,2,15.0000,225.0000
613307,2010-06-30,Participant,5,35.0000,235.0000
613307,2010-09-30,Participant,2,20.0002,216.8750
613307,2010-12-31,Participant,5,35.0000,255.0000
613307,2011-03-31,Lead/Arranger-type,0,0.0000,237.5000
613307,2011-03-31,Participant,2,20.0000,234.3750
613307,2011-06-30,Participant,0,0.0000,212.5000
613307,2011-09-30,Participant,0,0.0000,181.6667
613307,2012-03-31,Participant,0,0.0000,280.0000
613307,2012-06-30,Participant,0,0.0000,165.0000
613307,2012-09-30,Participant,1,20.0000,272.9167
613307,2012-12-31,Participant,11,80.1095,205.0000
613307,2013-03-31,Participant,2,24.9750,256.2500
613307,2013-06-30,Participant,3,42.1550,256.8182
613307,2013-09-30,Participant,0,0.0000,218.7500
613307,2013-12-31,Participant,2,35.0550,187.5000
613307,2014-03-31,Participant,4,35.0439,150.0000
613307,2014-06-30,Participant,2,23.3650,208.3333
613307,2014-09-30,Participant,1,22.9950,233.3333
613307,2014-12-31,Lead/Arranger-type,0,0.0000,375.0000
613307,2014-12-31,Participant,0,0.0000,243.0000
613307,2015-03-31,Participant,0,0.0000,207.5000
613307,2015-06-30,Lead/Arranger-type,0,0.0000,125.0000
613307,2015-06-30,Participant,3,45.0125,186.5385
613307,2015-09-30,Participant,0,0.0000,213.8889
613307,2015-12-31,Lead/Arranger-type,0,0.0000,
613307,2015-12-31,Participant,5,102.4700,185.0000
613307,2016-03-31,Participant,3,53.7300,170.0000
613307,2016-06-30,Participant,2,41.0776,138.2500
613307,2016-09-30,Participant,2,85.0168,204.1667
613307,2016-12-31,Lead/Arranger-type,0,0.0000,200.0000
613307,2016-12-31,Participant,2,43.3200,170.0000
613307,2017-03-31,Participant,0,0.0000,385.0000
613307,2017-06-30,Lead/Arranger-type,0,0.0000,200.0000
613307,2017-06-30,Participant,3,80.0000,231.2500
613307,2017-09-30,Lead/Arranger-type,0,0.0000,212.5000
613307,2017-09-30,Participant,1,21.0090,305.8333
613307,2017-12-31,Lead/Arranger-type,0,0.0000,315.0000
613307,2017-12-31,Participant,0,0.0000,202.7778
613307,2018-03-31,Lead/Arranger-type,0,0.0000,333.3333
613307,2018-03-31,Participant,0,0.0000,160.9375
613307,2018-06-30,Lead/Arranger-type,0,0.0000,195.0000
613307,2018-06-30,Participant,0,0.0000,166.2500
613307,2018-09-30,Lead/Arranger-type,0,0.0000,
613307,2018-09-30,Participant,0,0.0000,195.6250
613307,2018-12-31,Lead/Arranger-type,0,0.0000,305.0000
613307,2018-12-31,Participant,0,0.0000,164.0000
613307,2019-03-31,Lead/Arranger-type,0,0.0000,454.1667
613307,2019-03-31,Participant,0,0.0000,255.5556
613307,2019-06-30,Lead/Arranger-type,0,0.0000,
613307,2019-06-30,Participant,0,0.0000,192.7500
613307,2019-09-30,Lead/Arranger-type,0,0.0000,225.0000
613307,2019-09-30,Participant,0,0.0000,190.0000
613307,2019-12-31,Lead/Arranger-type,0,0.0000,
613307,2019-12-31,Participant,2,49.9755,180.8929
613307,2020-03-31,Lead/Arranger-type,0,0.0000,150.0000
613307,2020-03-31,Participant,1,42.9000,212.5000
613307,2020-06-30,Participant,0,0.0000,231.2500
613307,2020-09-30,Lead/Arranger-type,0,0.0000,200.0000
613307,2020-09-30,Participant,0,0.0000,235.4167
613307,2020-12-31,Lead/Arranger-type,0,0.0000,225.0000
613307,2020-12-31,Participant,0,0.0000,218.7500
613307,2021-03-31,Lead/Arranger-type,0,0.0000,256.2500
613307,2021-03-31,Participant,0,0.0000,173.7500
613307,2021-06-30,Lead/Arranger-type,0,0.0000,207.0000
613307,2021-06-30,Participant,0,0.0000,169.2500
613307,2021-09-30,Lead/Arranger-type,0,0.0000,
613307,2021-09-30,Participant,0,0.0000,242.8571
613307,2021-12-31,Lead/Arranger-type,0,0.0000,192.8571
613307,2021-12-31,Participant,1,67.6000,180.6034
613307,2022-03-31,Lead/Arranger-type,0,0.0000,183.3333
613307,2022-03-31,Participant,0,0.0000,173.7500
637451,2014-06-30,Participant,0,0.0000,250.0000
637451,2022-12-31,Participant,0,0.0000,137.5000
637451,2025-09-30,Participant,0,0.0000,137.5000
661308,2010-06-30,Lead/Arranger-type,0,0.0000,562.5000
661308,2010-12-31,Participant,0,0.0000,325.0000
661308,2011-03-31,Lead/Arranger-type,0,0.0000,497.5000
661308,2011-06-30,Lead/Arranger-type,0,0.0000,500.0000
661308,2011-06-30,Participant,1,10.0020,
661308,2011-09-30,Lead/Arranger-type,0,0.0000,
661308,2011-09-30,Participant,1,15.0000,541.6667
661308,2011-12-31,Participant,0,0.0000,550.0000
661308,2012-03-31,Lead/Arranger-type,0,0.0000,650.0000
661308,2012-03-31,Participant,2,15.0000,450.0000
661308,2012-06-30,Lead/Arranger-type,0,0.0000,500.0000
661308,2012-06-30,Participant,1,15.0000,350.0000
661308,2012-09-30,Participant,2,30.0000,291.6667
661308,2012-12-31,Participant,2,44.9900,339.2857
661308,2013-03-31,Participant,2,15.0100,287.5000
661308,2013-06-30,Participant,3,29.9900,166.6667
661308,2013-09-30,Lead/Arranger-type,0,0.0000,350.0000
661308,2013-09-30,Participant,0,0.0000,312.5000
661308,2013-12-31,Lead/Arranger-type,0,0.0000,
661308,2013-12-31,Participant,2,15.0480,411.3636
661308,2014-09-30,Participant,0,0.0000,355.0000
661308,2014-12-31,Participant,0,0.0000,350.0000
661308,2015-06-30,Participant,0,0.0000,450.0000
661308,2015-09-30,Lead/Arranger-type,0,0.0000,541.6667
661308,2015-09-30,Participant,1,20.0200,341.6667
661308,2015-12-31,Participant,0,0.0000,275.0000
661308,2016-03-31,Participant,2,7.5145,433.3333
661308,2016-06-30,Lead/Arranger-type,0,0.0000,
661308,2016-06-30,Participant,2,14.9875,400.0000
661308,2016-09-30,Participant,1,4.9686,206.2500
661308,2016-12-31,Lead/Arranger-type,0,0.0000,200.0000
661308,2016-12-31,Participant,0,0.0000,425.0000
661308,2017-03-31,Lead/Arranger-type,0,0.0000,200.0000
661308,2017-03-31,Participant,0,0.0000,
661308,2017-06-30,Participant,0,0.0000,325.0000
661308,2017-09-30,Participant,0,0.0000,325.0000
661308,2018-03-31,Participant,0,0.0000,290.0000
661308,2018-06-30,Lead/Arranger-type,0,0.0000,200.0000
661308,2018-06-30,Participant,0,0.0000,
661308,2018-12-31,Participant,0,0.0000,
661308,2020-12-31,Participant,0,0.0000,
661308,2021-06-30,Participant,0,0.0000,
661308,2021-09-30,Participant,0,0.0000,
661308,2021-12-31,Participant,0,0.0000,290.0000
661308,2022-03-31,Participant,0,0.0000,197.5000
661308,2022-06-30,Participant,0,0.0000,290.0000
661308,2022-12-31,Participant,0,0.0000,115.4167
661308,2023-03-31,Participant,0,0.0000,
661308,2023-06-30,Participant,2,35.0301,216.2500
661308,2023-09-30,Participant,0,0.0000,
661308,2024-06-30,Lead/Arranger-type,0,0.0000,
661308,2024-09-30,Lead/Arranger-type,0,0.0000,225.0000
661308,2024-12-31,Lead/Arranger-type,2,20.0082,145.8333
661308,2025-06-30,Participant,0,0.0000,
661308,2025-09-30,Participant,0,0.0000,
661308,2025-12-31,Participant,0,0.0000,200.0000
676160,2011-12-31,Participant,0,0.0000,200.0000
676160,2012-03-31,Participant,0,0.0000,240.0000
676160,2012-09-30,Participant,2,9.0932,150.0000
676160,2012-12-31,Participant,1,7.0200,200.0000
676160,2013-03-31,Participant,4,10.4809,200.0000
676160,2013-06-30,Participant,4,32.8130,162.5000
676160,2013-09-30,Participant,2,7.5050,226.6667
676160,2015-12-31,Participant,1,40.0000,250.0000
676160,2016-03-31,Participant,0,0.0000,325.0000
676160,2016-09-30,Lead/Arranger-type,2,13.5000,
676160,2016-12-31,Participant,0,0.0000,
676160,2017-03-31,Participant,0,0.0000,
682563,2010-03-31,Participant,1,20.0000,287.5000
682563,2010-06-30,Lead/Arranger-type,0,0.0000,275.0000
682563,2010-06-30,Participant,1,30.9996,243.7500
682563,2010-09-30,Participant,4,66.2503,272.5000
682563,2010-12-31,Lead/Arranger-type,2,59.0030,237.5000
682563,2010-12-31,Participant,2,70.7143,266.6667
682563,2011-03-31,Lead/Arranger-type,1,10.0030,275.0000
682563,2011-03-31,Participant,3,45.0440,216.6667
682563,2011-06-30,Lead/Arranger-type,0,0.0000,275.0000
682563,2011-06-30,Participant,3,107.9750,212.5000
682563,2011-09-30,Participant,0,0.0000,231.2500
682563,2011-12-31,Lead/Arranger-type,0,0.0000,175.0000
682563,2011-12-31,Participant,2,50.0035,185.7143
682563,2012-03-31,Lead/Arranger-type,0,0.0000,375.0000
682563,2012-03-31,Participant,1,30.0080,237.5000
682563,2012-06-30,Lead/Arranger-type,0,0.0000,250.0000
682563,2012-06-30,Participant,0,0.0000,230.0000
682563,2012-09-30,Participant,1,10.0000,233.3333
682563,2012-12-31,Participant,0,0.0000,250.0000
682563,2013-03-31,Lead/Arranger-type,0,0.0000,275.0000
682563,2013-03-31,Participant,0,0.0000,191.6667
682563,2013-06-30,Lead/Arranger-type,0,0.0000,250.0000
682563,2013-06-30,Participant,2,19.9800,278.6765
682563,2013-09-30,Lead/Arranger-type,0,0.0000,250.0000
682563,2013-09-30,Participant,2,10.0100,250.0000
682563,2013-12-31,Lead/Arranger-type,0,0.0000,225.0000
682563,2013-12-31,Participant,0,0.0000,175.0000
682563,2014-03-31,Participant,1,22.5050,193.7500
682563,2014-06-30,Lead/Arranger-type,0,0.0000,150.0000
682563,2014-06-30,Participant,0,0.0000,250.0000
682563,2014-09-30,Lead/Arranger-type,0,0.0000,250.0000
682563,2014-09-30,Participant,1,58.7290,250.0000
682563,2014-12-31,Participant,2,55.0200,233.1250
682563,2015-03-31,Lead/Arranger-type,0,0.0000,125.0000
682563,2015-03-31,Participant,0,0.0000,262.5000
682563,2015-06-30,Lead/Arranger-type,0,0.0000,150.0000
682563,2015-06-30,Participant,0,0.0000,181.2500
682563,2015-09-30,Participant,3,33.5000,204.0000
682563,2015-12-31,Participant,1,18.5000,217.1875
682563,2016-03-31,Participant,0,0.0000,194.0000
682563,2016-06-30,Lead/Arranger-type,0,0.0000,225.0000
682563,2016-06-30,Participant,0,0.0000,149.1667
682563,2016-09-30,Participant,1,40.0000,212.5000
682563,2016-12-31,Lead/Arranger-type,0,0.0000,187.5000
682563,2016-12-31,Participant,0,0.0000,300.0000
682563,2017-03-31,Participant,1,10.0000,175.0000
682563,2017-06-30,Lead/Arranger-type,0,0.0000,225.0000
682563,2017-06-30,Participant,0,0.0000,337.5000
682563,2017-09-30,Participant,0,0.0000,200.0000
682563,2017-12-31,Lead/Arranger-type,0,0.0000,250.0000
682563,2017-12-31,Participant,0,0.0000,198.3333
682563,2018-03-31,Participant,0,0.0000,300.0000
682563,2018-06-30,Participant,0,0.0000,246.2500
682563,2018-09-30,Lead/Arranger-type,1,30.0060,208.3333
682563,2018-09-30,Participant,0,0.0000,221.8750
682563,2018-12-31,Participant,0,0.0000,198.3333
682563,2019-03-31,Participant,0,0.0000,187.5000
682563,2019-06-30,Participant,0,0.0000,
682563,2019-09-30,Lead/Arranger-type,1,30.0000,
682563,2019-09-30,Participant,0,0.0000,263.7500
682563,2019-12-31,Lead/Arranger-type,1,35.0020,
682563,2019-12-31,Participant,0,0.0000,275.0000
682563,2020-03-31,Participant,0,0.0000,300.0000
682563,2020-06-30,Lead/Arranger-type,0,0.0000,
682563,2020-06-30,Participant,0,0.0000,
682563,2020-09-30,Lead/Arranger-type,0,0.0000,275.0000
682563,2020-09-30,Participant,0,0.0000,175.0000
682563,2020-12-31,Participant,0,0.0000,250.0000
682563,2021-03-31,Participant,0,0.0000,75.0000
682563,2021-06-30,Participant,0,0.0000,250.0000
682563,2021-09-30,Participant,0,0.0000,287.5000
682563,2021-12-31,Participant,0,0.0000,250.0000
682563,2022-03-31,Participant,0,0.0000,275.0000
682563,2022-06-30,Lead/Arranger-type,0,0.0000,325.0000
682563,2022-06-30,Participant,0,0.0000,279.0000
682563,2022-09-30,Participant,2,35.0250,235.6250
682563,2022-12-31,Participant,0,0.0000,175.0000
682563,2023-03-31,Participant,0,0.0000,
682563,2023-06-30,Lead/Arranger-type,0,0.0000,285.0000
682563,2023-06-30,Participant,0,0.0000,266.2500
682563,2023-09-30,Lead/Arranger-type,0,0.0000,192.5000
682563,2023-12-31,Lead/Arranger-type,0,0.0000,300.0000
682563,2023-12-31,Participant,0,0.0000,210.0000
682563,2024-03-31,Lead/Arranger-type,0,0.0000,210.0000
682563,2024-03-31,Participant,0,0.0000,
682563,2024-06-30,Participant,0,0.0000,200.0000
682563,2024-09-30,Lead/Arranger-type,0,0.0000,192.5000
682563,2024-09-30,Participant,0,0.0000,
682563,2024-12-31,Lead/Arranger-type,0,0.0000,216.2500
682563,2024-12-31,Participant,3,28.5930,262.5000
682563,2025-03-31,Participant,0,0.0000,
682563,2025-06-30,Lead/Arranger-type,0,0.0000,424.0000
682563,2025-06-30,Participant,0,0.0000,206.2500
682563,2025-09-30,Lead/Arranger-type,0,0.0000,225.0000
682563,2025-09-30,Participant,1,65.0100,197.5000
682563,2025-12-31,Lead/Arranger-type,0,0.0000,225.7500
682563,2025-12-31,Participant,0,0.0000,158.3333
711472,2013-06-30,Participant,0,0.0000,400.0000
711472,2017-09-30,Participant,0,0.0000,616.6667
723112,2010-03-31,Lead/Arranger-type,6,357.4996,399.3939
723112,2010-03-31,Participant,15,348.8613,318.5849
723112,2010-06-30,Lead/Arranger-type,13,376.7496,346.4362
723112,2010-06-30,Participant,36,748.5977,284.2857
723112,2010-09-30,Lead/Arranger-type,6,134.9999,389.7500
723112,2010-09-30,Participant,29,796.1299,291.6570
723112,2010-12-31,Lead/Arranger-type,14,406.9768,387.8716
723112,2010-12-31,Participant,23,657.0078,289.0703
723112,2011-03-31,Lead/Arranger-type,10,307.4930,374.6324
723112,2011-03-31,Participant,23,699.9741,264.6379
723112,2011-06-30,Lead/Arranger-type,5,162.0625,370.0000
723112,2011-06-30,Participant,34,993.3360,241.1964
723112,2011-09-30,Lead/Arranger-type,8,329.3075,356.2719
723112,2011-09-30,Participant,18,584.0517,231.2654
723112,2011-12-31,Lead/Arranger-type,19,759.5883,365.5128
723112,2011-12-31,Participant,41,1344.5010,197.3571
723112,2012-03-31,Lead/Arranger-type,7,276.6950,342.8030
723112,2012-03-31,Participant,31,890.7543,269.1250
723112,2012-06-30,Lead/Arranger-type,20,427.5998,332.2000
723112,2012-06-30,Participant,40,1059.7382,241.7500
723112,2012-09-30,Lead/Arranger-type,12,392.9230,365.6250
723112,2012-09-30,Participant,27,604.7073,217.9392
723112,2012-12-31,Lead/Arranger-type,29,775.6855,356.9255
723112,2012-12-31,Participant,27,915.5310,273.9949
723112,2013-03-31,Lead/Arranger-type,14,314.6535,328.7760
723112,2013-03-31,Participant,18,538.0901,220.2358
723112,2013-06-30,Lead/Arranger-type,42,1943.9078,321.2669
723112,2013-06-30,Participant,38,1140.7696,242.4323
723112,2013-09-30,Lead/Arranger-type,12,456.1375,297.4194
723112,2013-09-30,Participant,41,1102.8275,197.7885
723112,2013-12-31,Lead/Arranger-type,12,591.6807,296.7659
723112,2013-12-31,Participant,17,545.2180,221.2169
723112,2014-03-31,Lead/Arranger-type,7,339.2444,313.6441
723112,2014-03-31,Participant,13,370.5790,243.7891
723112,2014-06-30,Lead/Arranger-type,13,643.1358,262.5341
723112,2014-06-30,Participant,22,687.2663,223.5000
723112,2014-09-30,Lead/Arranger-type,9,400.0100,280.9375
723112,2014-09-30,Participant,28,1108.9108,215.3378
723112,2014-12-31,Lead/Arranger-type,12,637.1555,278.1875
723112,2014-12-31,Participant,34,1126.0645,193.5714
723112,2015-03-31,Lead/Arranger-type,20,1140.6326,269.2857
723112,2015-03-31,Participant,25,997.2053,269.0864
723112,2015-06-30,Lead/Arranger-type,18,637.7214,243.8993
723112,2015-06-30,Participant,28,1064.7375,213.3095
723112,2015-09-30,Lead/Arranger-type,12,686.4807,266.2413
723112,2015-09-30,Participant,23,1351.1969,199.6250
723112,2015-12-31,Lead/Arranger-type,21,1053.7356,260.6884
723112,2015-12-31,Participant,31,783.1344,252.2474
723112,2016-03-31,Lead/Arranger-type,26,909.8733,302.8832
723112,2016-03-31,Participant,16,628.3308,208.5135
723112,2016-06-30,Lead/Arranger-type,26,1133.1412,306.6906
723112,2016-06-30,Participant,20,672.4113,212.8608
723112,2016-09-30,Lead/Arranger-type,6,510.1162,277.5586
723112,2016-09-30,Participant,15,429.9850,252.5000
723112,2016-12-31,Lead/Arranger-type,8,230.3180,302.5278
723112,2016-12-31,Participant,19,747.0788,209.1017
723112,2017-03-31,Lead/Arranger-type,8,390.3530,295.6143
723112,2017-03-31,Participant,8,381.7350,217.7000
723112,2017-06-30,Lead/Arranger-type,14,670.1587,257.3315
723112,2017-06-30,Participant,8,274.4444,194.7727
723112,2017-09-30,Lead/Arranger-type,8,363.1333,251.7147
723112,2017-09-30,Participant,3,124.9532,210.6686
723112,2017-12-31,Lead/Arranger-type,0,0.0000,271.1406
723112,2017-12-31,Participant,5,282.3460,179.4420
723112,2018-03-31,Lead/Arranger-type,0,0.0000,258.3051
723112,2018-03-31,Participant,1,30.0000,224.3651
723112,2018-06-30,Lead/Arranger-type,1,100.0500,256.9911
723112,2018-06-30,Participant,2,108.4050,189.7078
723112,2018-09-30,Lead/Arranger-type,5,325.0510,273.6990
723112,2018-09-30,Participant,7,473.5460,213.8258
723112,2018-12-31,Lead/Arranger-type,4,261.0375,251.1234
723112,2018-12-31,Participant,8,354.9378,202.3571
723112,2019-03-31,Lead/Arranger-type,2,100.0350,247.1382
723112,2019-03-31,Participant,2,35.0400,207.0222
723112,2019-06-30,Lead/Arranger-type,6,563.1446,268.4239
723112,2019-06-30,Participant,4,104.7400,180.3261
723112,2019-09-30,Lead/Arranger-type,5,190.0000,237.8894
723112,2019-09-30,Participant,3,95.0200,190.0556
723112,2019-12-31,Lead/Arranger-type,3,235.0100,263.1847
723112,2019-12-31,Participant,10,450.5400,211.2232
723112,2020-03-31,Lead/Arranger-type,10,445.6136,266.5893
723112,2020-03-31,Participant,2,70.0300,169.4583
723112,2020-06-30,Lead/Arranger-type,2,103.5480,277.0377
723112,2020-06-30,Participant,2,45.0200,187.0833
723112,2020-09-30,Lead/Arranger-type,0,0.0000,278.3333
723112,2020-09-30,Participant,1,15.0000,231.7105
723112,2020-12-31,Lead/Arranger-type,1,27.5028,299.2330
723112,2020-12-31,Participant,4,192.0500,224.7845
723112,2021-03-31,Lead/Arranger-type,1,42.5000,269.5753
723112,2021-03-31,Participant,3,120.0050,179.8295
723112,2021-06-30,Lead/Arranger-type,7,505.3600,251.5327
723112,2021-06-30,Participant,8,360.0200,167.7901
723112,2021-09-30,Lead/Arranger-type,3,146.2495,241.3245
723112,2021-09-30,Participant,2,80.4500,154.6354
723112,2021-12-31,Lead/Arranger-type,4,456.6900,271.1315
723112,2021-12-31,Participant,5,200.5000,195.0492
723112,2022-03-31,Lead/Arranger-type,5,582.3998,235.5321
723112,2022-03-31,Participant,1,124.9200,183.4483
723112,2022-06-30,Lead/Arranger-type,2,285.0400,243.4203
723112,2022-06-30,Participant,4,267.0400,172.8302
723112,2022-09-30,Lead/Arranger-type,0,0.0000,234.1701
723112,2022-09-30,Participant,2,94.0500,203.7594
723112,2022-12-31,Lead/Arranger-type,2,218.4500,253.3433
723112,2022-12-31,Participant,5,250.6000,188.5175
723112,2023-03-31,Lead/Arranger-type,2,112.0000,279.9098
723112,2023-03-31,Participant,2,111.2670,168.3553
723112,2023-06-30,Lead/Arranger-type,5,228.7753,277.7954
723112,2023-06-30,Participant,1,30.0000,249.4444
723112,2023-09-30,Lead/Arranger-type,2,179.1000,301.9937
723112,2023-09-30,Participant,1,30.0000,219.1667
723112,2023-12-31,Lead/Arranger-type,5,119.6700,287.2143
723112,2023-12-31,Participant,5,180.5000,229.8971
723112,2024-03-31,Lead/Arranger-type,1,17.4900,284.3107
723112,2024-03-31,Participant,0,0.0000,258.4286
723112,2024-06-30,Lead/Arranger-type,2,315.0940,272.1622
723112,2024-06-30,Participant,1,49.9800,213.7500
723112,2024-09-30,Lead/Arranger-type,14,1041.2571,264.8342
723112,2024-09-30,Participant,5,469.3200,257.6316
723112,2024-12-31,Lead/Arranger-type,39,1481.5861,263.0322
723112,2024-12-31,Participant,8,327.8300,213.1979
723112,2025-03-31,Lead/Arranger-type,30,1488.6815,238.0079
723112,2025-03-31,Participant,6,154.3532,172.8704
723112,2025-06-30,Lead/Arranger-type,19,1078.8815,256.0632
723112,2025-06-30,Participant,13,915.6165,207.3462
723112,2025-09-30,Lead/Arranger-type,26,1650.3168,271.3668
723112,2025-09-30,Participant,6,216.0983,209.8000
723112,2025-12-31,Lead/Arranger-type,22,1230.7030,264.4386
723112,2025-12-31,Participant,8,335.4900,176.3364
725732,2010-06-30,Participant,2,7.0000,230.0000
725732,2010-09-30,Lead/Arranger-type,0,0.0000,95.0000
725732,2010-09-30,Participant,0,0.0000,210.0000
725732,2010-12-31,Participant,1,2.9999,175.0000
725732,2011-09-30,Lead/Arranger-type,1,6.0000,200.0000
725732,2011-12-31,Participant,0,0.0000,
725732,2012-06-30,Participant,1,6.9920,262.5000
725732,2012-09-30,Participant,1,5.0074,145.0000
725732,2014-06-30,Participant,0,0.0000,
725732,2016-06-30,Participant,1,5.0042,190.0000
725732,2017-03-31,Participant,0,0.0000,
725732,2017-12-31,Participant,0,0.0000,
725732,2018-06-30,Participant,0,0.0000,
725732,2019-09-30,Participant,1,2.9946,170.0000
725732,2021-12-31,Participant,0,0.0000,
783648,2012-06-30,Participant,1,4.4990,
783648,2012-12-31,Participant,1,12.9985,235.0000
783648,2013-06-30,Participant,1,10.0011,
783648,2014-09-30,Participant,1,0.2980,250.0000
783648,2015-06-30,Participant,2,20.0000,150.0000
783648,2015-12-31,Participant,0,0.0000,
783648,2016-03-31,Participant,1,42.2965,
783648,2016-09-30,Participant,0,0.0000,225.0000
783648,2017-06-30,Participant,0,0.0000,
783648,2017-09-30,Participant,1,4.0680,
783648,2018-09-30,Participant,0,0.0000,175.0000
783648,2018-12-31,Participant,0,0.0000,
783648,2020-12-31,Participant,0,0.0000,175.0000
783648,2021-12-31,Participant,0,0.0000,225.0000
783648,2022-06-30,Participant,0,0.0000,400.0000
783648,2022-09-30,Participant,0,0.0000,150.0000
783648,2023-06-30,Participant,0,0.0000,300.0000
783648,2024-03-31,Participant,0,0.0000,
783648,2024-12-31,Participant,1,20.0000,400.0000
795968,2010-03-31,Participant,1,9.9900,175.0000
795968,2010-06-30,Lead/Arranger-type,1,23.3333,287.5000
795968,2010-06-30,Participant,4,69.1671,220.0000
795968,2010-09-30,Participant,2,20.0002,320.8333
795968,2010-12-31,Participant,0,0.0000,450.0000
795968,2011-03-31,Participant,0,0.0000,475.0000
795968,2011-06-30,Participant,1,10.0200,125.0000
795968,2011-09-30,Participant,0,0.0000,128.7500
795968,2011-12-31,Lead/Arranger-type,0,0.0000,150.0000
795968,2011-12-31,Participant,1,10.0500,6.5000
795968,2012-06-30,Lead/Arranger-type,0,0.0000,350.0000
795968,2012-06-30,Participant,1,10.0000,178.7500
795968,2012-09-30,Participant,2,20.0060,225.0000
795968,2012-12-31,Lead/Arranger-type,0,0.0000,275.0000
795968,2012-12-31,Participant,2,34.9600,206.2500
795968,2013-03-31,Lead/Arranger-type,0,0.0000,350.0000
795968,2013-03-31,Participant,3,25.0300,166.6667
795968,2013-06-30,Lead/Arranger-type,0,0.0000,300.0000
795968,2013-06-30,Participant,2,35.0000,213.1250
795968,2013-09-30,Participant,2,35.0100,214.6154
795968,2013-12-31,Participant,0,0.0000,233.3333
795968,2014-03-31,Lead/Arranger-type,0,0.0000,250.0000
795968,2014-03-31,Participant,0,0.0000,425.0000
795968,2014-06-30,Lead/Arranger-type,2,40.0050,131.2500
795968,2014-06-30,Participant,0,0.0000,200.0000
795968,2014-09-30,Participant,1,10.0000,250.0000
795968,2015-03-31,Lead/Arranger-type,0,0.0000,125.0000
795968,2015-03-31,Participant,2,15.0000,158.3333
795968,2015-06-30,Participant,0,0.0000,140.0000
795968,2015-09-30,Participant,0,0.0000,75.0000
795968,2015-12-31,Lead/Arranger-type,0,0.0000,
795968,2015-12-31,Participant,1,30.8200,162.5000
795968,2016-03-31,Participant,1,10.0100,181.6667
795968,2016-06-30,Participant,0,0.0000,110.0000
795968,2016-12-31,Participant,0,0.0000,283.3333
795968,2017-06-30,Participant,0,0.0000,122.5000
795968,2017-09-30,Lead/Arranger-type,0,0.0000,137.5000
795968,2017-09-30,Participant,0,0.0000,170.0000
795968,2018-03-31,Lead/Arranger-type,0,0.0000,140.0000
795968,2018-09-30,Participant,0,0.0000,201.7500
795968,2018-12-31,Participant,0,0.0000,180.0000
795968,2019-06-30,Participant,1,35.1000,115.0000
795968,2019-09-30,Participant,0,0.0000,127.5000
795968,2020-03-31,Lead/Arranger-type,0,0.0000,
795968,2020-03-31,Participant,0,0.0000,425.0000
795968,2020-12-31,Participant,0,0.0000,185.0000
795968,2021-06-30,Participant,0,0.0000,131.2500
795968,2021-09-30,Participant,0,0.0000,105.8333
795968,2022-06-30,Participant,0,0.0000,298.7500
795968,2022-09-30,Participant,0,0.0000,225.5000
795968,2022-12-31,Lead/Arranger-type,0,0.0000,
795968,2022-12-31,Participant,0,0.0000,150.5000
795968,2023-03-31,Lead/Arranger-type,0,0.0000,108.5000
795968,2023-03-31,Participant,0,0.0000,123.3333
795968,2023-06-30,Lead/Arranger-type,0,0.0000,108.5000
795968,2023-06-30,Participant,0,0.0000,270.6250
795968,2023-09-30,Participant,0,0.0000,62.5000
795968,2023-12-31,Participant,0,0.0000,130.0000
795968,2024-03-31,Participant,0,0.0000,545.0000
795968,2024-06-30,Participant,0,0.0000,194.1667
795968,2024-09-30,Participant,0,0.0000,390.0000
795968,2024-12-31,Lead/Arranger-type,0,0.0000,
795968,2024-12-31,Participant,1,40.0050,221.0000
795968,2025-03-31,Lead/Arranger-type,0,0.0000,160.0000
795968,2025-03-31,Participant,0,0.0000,172.5000
795968,2025-06-30,Participant,0,0.0000,275.0000
795968,2025-09-30,Participant,0,0.0000,165.3125
795968,2025-12-31,Participant,5,58.0050,203.0000
838632,2013-06-30,Participant,0,0.0000,450.0000
867632,2016-12-31,Participant,0,0.0000,475.0000
867632,2017-06-30,Participant,0,0.0000,400.0000
867632,2017-12-31,Participant,1,100.0000,
867632,2019-09-30,Participant,0,0.0000,
867632,2019-12-31,Participant,0,0.0000,
867632,2020-09-30,Participant,0,0.0000,300.0000
867632,2022-06-30,Participant,0,0.0000,436.4000
911807,2013-09-30,Participant,0,0.0000,
911807,2014-12-31,Participant,0,0.0000,250.0000
911807,2015-03-31,Participant,0,0.0000,260.0000
911807,2015-09-30,Participant,0,0.0000,450.0000
911807,2015-12-31,Participant,0,0.0000,
911807,2016-12-31,Participant,0,0.0000,413.7500
911807,2017-06-30,Participant,1,9.9600,350.0000
911807,2018-06-30,Participant,0,0.0000,316.6667
911807,2018-12-31,Participant,1,20.0200,200.0000
911807,2019-03-31,Participant,0,0.0000,425.0000
911807,2019-06-30,Participant,0,0.0000,
911807,2019-09-30,Participant,0,0.0000,
911807,2019-12-31,Participant,0,0.0000,343.7500
911807,2020-03-31,Participant,0,0.0000,575.0000
911807,2020-06-30,Participant,0,0.0000,
911807,2020-09-30,Participant,0,0.0000,425.0000
911807,2020-12-31,Participant,0,0.0000,300.0000
911807,2021-03-31,Participant,0,0.0000,583.3333
911807,2021-06-30,Participant,0,0.0000,233.3333
911807,2021-09-30,Participant,0,0.0000,237.5000
911807,2021-12-31,Lead/Arranger-type,0,0.0000,
911807,2021-12-31,Participant,0,0.0000,300.0000
911807,2022-03-31,Participant,0,0.0000,225.0000
911807,2022-06-30,Participant,0,0.0000,200.0000
911807,2023-12-31,Participant,0,0.0000,
918918,2010-09-30,Lead/Arranger-type,0,0.0000,
918918,2011-03-31,Participant,0,0.0000,212.5000
918918,2022-03-31,Participant,0,0.0000,
933957,2010-09-30,Participant,0,0.0000,
933957,2012-12-31,Participant,0,0.0000,200.0000
933957,2013-09-30,Participant,0,0.0000,325.0000
933957,2013-12-31,Participant,1,9.9900,227.5000
933957,2014-12-31,Participant,2,30.0140,215.0000
933957,2015-09-30,Participant,1,25.0050,225.0000
933957,2017-06-30,Participant,0,0.0000,600.0000
933957,2017-09-30,Participant,0,0.0000,225.0000
933957,2018-06-30,Participant,0,0.0000,285.0000
933957,2018-12-31,Participant,0,0.0000,150.0000
933957,2019-06-30,Participant,0,0.0000,215.0000
933957,2019-12-31,Participant,0,0.0000,145.0000
933957,2020-09-30,Participant,0,0.0000,300.0000
933957,2021-03-31,Lead/Arranger-type,0,0.0000,800.0000
933957,2021-03-31,Participant,0,0.0000,300.0000
933957,2021-06-30,Participant,0,0.0000,
978154,2010-03-31,Participant,1,15.0000,262.5000
978154,2010-06-30,Participant,3,84.9998,241.6667
978154,2010-09-30,Participant,1,26.2503,275.0000
978154,2010-12-31,Participant,1,35.0000,293.3333
978154,2011-06-30,Participant,4,91.7900,225.0000
978154,2013-06-30,Lead/Arranger-type,0,0.0000,
978154,2014-06-30,Participant,0,0.0000,175.0000
978154,2016-03-31,Participant,0,0.0000,200.0000
978154,2016-09-30,Participant,0,0.0000,320.0000
978154,2016-12-31,Participant,1,2.2060,
978154,2017-12-31,Participant,0,0.0000,
978154,2018-03-31,Participant,0,0.0000,
978154,2018-06-30,Participant,0,0.0000,300.0000
978154,2018-09-30,Participant,0,0.0000,365.0000
978154,2018-12-31,Participant,0,0.0000,
978154,2019-03-31,Participant,1,24.9960,350.0000
978154,2019-06-30,Participant,0,0.0000,175.0000
978154,2019-09-30,Participant,0,0.0000,250.0000
978154,2019-12-31,Participant,0,0.0000,300.0000
978154,2020-03-31,Participant,0,0.0000,
978154,2020-06-30,Participant,2,10.0000,150.0000
978154,2020-09-30,Participant,0,0.0000,325.0000
978154,2020-12-31,Participant,0,0.0000,287.5000
978154,2021-06-30,Participant,0,0.0000,
978154,2021-09-30,Participant,0,0.0000,300.0000
978154,2021-12-31,Lead/Arranger-type,0,0.0000,
978154,2021-12-31,Participant,0,0.0000,
978154,2022-03-31,Participant,0,0.0000,280.0000
978154,2022-06-30,Participant,0,0.0000,250.0000
978154,2022-09-30,Participant,0,0.0000,375.0000
978154,2022-12-31,Participant,0,0.0000,280.0000
978154,2023-06-30,Participant,0,0.0000,225.0000
980661,2021-12-31,Lead/Arranger-type,0,0.0000,337.5000
980661,2021-12-31,Participant,1,15.0000,118.5714
980661,2022-03-31,Participant,0,0.0000,123.5714
980661,2022-06-30,Participant,0,0.0000,216.1364
980661,2022-09-30,Participant,0,0.0000,140.7955
980661,2022-12-31,Lead/Arranger-type,0,0.0000,
980661,2022-12-31,Participant,0,0.0000,183.5000
980661,2023-03-31,Lead/Arranger-type,0,0.0000,
980661,2023-03-31,Participant,0,0.0000,163.6667
980661,2023-06-30,Lead/Arranger-type,0,0.0000,120.0000
980661,2023-06-30,Participant,0,0.0000,312.5000
980661,2023-09-30,Participant,0,0.0000,155.7500
980661,2023-12-31,Lead/Arranger-type,0,0.0000,130.0000
980661,2023-12-31,Participant,1,13.5000,150.6667
980661,2024-03-31,Participant,0,0.0000,278.1250
980661,2024-06-30,Lead/Arranger-type,0,0.0000,287.5000
980661,2024-06-30,Participant,0,0.0000,177.0833
980661,2024-09-30,Participant,0,0.0000,
980661,2024-12-31,Lead/Arranger-type,1,76.2300,105.0000
980661,2024-12-31,Participant,1,12.1304,117.5000
980661,2025-03-31,Lead/Arranger-type,0,0.0000,160.0000
980661,2025-03-31,Participant,0,0.0000,196.2500
980661,2025-06-30,Lead/Arranger-type,1,25.0068,
980661,2025-06-30,Participant,3,50.0000,164.1071
980661,2025-09-30,Lead/Arranger-type,0,0.0000,127.5000
980661,2025-09-30,Participant,0,0.0000,161.0000
980661,2025-12-31,Lead/Arranger-type,1,33.5000,110.0000
980661,2025-12-31,Participant,1,24.9900,153.7500
983448,2010-03-31,Participant,3,32.1952,273.3333
983448,2010-06-30,Participant,10,222.4465,314.1667
983448,2010-09-30,Lead/Arranger-type,1,22.4999,475.0000
983448,2010-09-30,Participant,1,8.5000,280.0000
983448,2010-12-31,Lead/Arranger-type,0,0.0000,150.0000
983448,2010-12-31,Participant,5,143.0200,297.9167
983448,2011-03-31,Lead/Arranger-type,0,0.0000,500.0000
983448,2011-03-31,Participant,3,72.4450,333.0000
983448,2011-06-30,Participant,4,88.9700,390.3846
983448,2011-09-30,Participant,0,0.0000,350.0000
983448,2011-12-31,Participant,0,0.0000,200.0000
983448,2012-03-31,Participant,0,0.0000,525.0000
983448,2012-06-30,Participant,0,0.0000,300.0000
983448,2012-12-31,Participant,0,0.0000,170.0000
983448,2013-09-30,Participant,0,0.0000,125.0000
983448,2025-09-30,Lead/Arranger-type,0,0.0000,225.0000
1007846,2011-06-30,Participant,1,10.0050,
1007846,2012-06-30,Participant,0,0.0000,241.2500
1007846,2012-09-30,Participant,1,15.0020,358.3333
1007846,2012-12-31,Participant,3,45.0175,208.3333
1007846,2013-03-31,Participant,0,0.0000,
1007846,2013-06-30,Participant,2,15.0150,205.0000
1007846,2013-09-30,Participant,3,34.0560,187.5000
1007846,2014-03-31,Participant,0,0.0000,137.5000
1007846,2014-06-30,Participant,0,0.0000,325.0000
1007846,2014-09-30,Participant,0,0.0000,175.0000
1007846,2015-03-31,Participant,0,0.0000,425.0000
1007846,2015-06-30,Participant,0,0.0000,179.1667
1007846,2015-09-30,Participant,0,0.0000,308.3333
1007846,2015-12-31,Participant,1,22.5165,219.0000
1007846,2016-03-31,Participant,2,37.4858,405.0000
1007846,2016-06-30,Participant,2,41.3071,150.0000
1007846,2016-09-30,Participant,3,35.3511,306.2500
1007846,2016-12-31,Participant,0,0.0000,342.8571
1007846,2017-03-31,Participant,0,0.0000,339.2857
1007846,2017-06-30,Participant,2,24.9900,368.7500
1007846,2017-09-30,Participant,0,0.0000,456.2500
1007846,2017-12-31,Participant,0,0.0000,400.0000
1007846,2018-03-31,Participant,0,0.0000,275.0000
1007846,2018-06-30,Participant,0,0.0000,275.0000
1007846,2018-09-30,Participant,0,0.0000,321.1111
1007846,2018-12-31,Lead/Arranger-type,0,0.0000,
1007846,2018-12-31,Participant,0,0.0000,322.7273
1007846,2019-03-31,Participant,0,0.0000,300.0000
1007846,2019-06-30,Participant,0,0.0000,425.0000
1007846,2019-09-30,Lead/Arranger-type,0,0.0000,
1007846,2019-09-30,Participant,0,0.0000,300.0000
1007846,2019-12-31,Participant,0,0.0000,248.7500
1007846,2020-03-31,Lead/Arranger-type,0,0.0000,175.0000
1007846,2020-03-31,Participant,0,0.0000,350.0000
1007846,2020-06-30,Participant,0,0.0000,
1007846,2020-09-30,Lead/Arranger-type,0,0.0000,
1007846,2020-09-30,Participant,0,0.0000,362.5000
1007846,2020-12-31,Lead/Arranger-type,0,0.0000,
1007846,2020-12-31,Participant,0,0.0000,356.2500
1007846,2021-03-31,Participant,0,0.0000,300.0000
1007846,2021-06-30,Lead/Arranger-type,0,0.0000,250.0000
1007846,2021-06-30,Participant,0,0.0000,291.6667
1007846,2021-09-30,Lead/Arranger-type,0,0.0000,175.0000
1007846,2021-09-30,Participant,0,0.0000,350.0000
1007846,2021-12-31,Lead/Arranger-type,0,0.0000,
1007846,2021-12-31,Participant,0,0.0000,338.3333
1007846,2022-03-31,Lead/Arranger-type,0,0.0000,
1007846,2022-03-31,Participant,0,0.0000,187.5000
1007846,2022-06-30,Lead/Arranger-type,0,0.0000,162.5000
1007846,2022-06-30,Participant,0,0.0000,365.0000
1017939,2013-06-30,Participant,0,0.0000,188.0000
1017939,2013-09-30,Participant,0,0.0000,375.0000
1017939,2014-06-30,Participant,4,29.9725,175.0000
1017939,2014-09-30,Participant,2,12.4970,300.0000
1017939,2014-12-31,Participant,0,0.0000,162.5000
1017939,2015-03-31,Participant,0,0.0000,281.2500
1017939,2015-06-30,Participant,3,17.4970,278.5714
1017939,2015-09-30,Participant,0,0.0000,155.0000
1017939,2015-12-31,Participant,0,0.0000,265.0000
1017939,2016-03-31,Participant,0,0.0000,112.5000
1017939,2016-06-30,Participant,0,0.0000,275.0000
1017939,2016-09-30,Participant,0,0.0000,475.0000
1017939,2016-12-31,Participant,0,0.0000,250.0000
1017939,2017-03-31,Participant,1,11.8800,388.3333
1017939,2017-06-30,Participant,0,0.0000,217.8571
1017939,2017-09-30,Participant,0,0.0000,225.0000
1017939,2017-12-31,Participant,0,0.0000,250.0000
1017939,2018-03-31,Participant,0,0.0000,293.5714
1017939,2018-06-30,Participant,0,0.0000,312.5000
1017939,2018-09-30,Participant,0,0.0000,366.6667
1017939,2018-12-31,Participant,0,0.0000,246.6667
1017939,2019-03-31,Participant,0,0.0000,225.0000
1017939,2019-06-30,Participant,0,0.0000,177.5000
1017939,2019-09-30,Participant,0,0.0000,189.0000
1017939,2019-12-31,Participant,0,0.0000,375.0000
1017939,2020-03-31,Participant,0,0.0000,191.6667
1017939,2020-06-30,Participant,0,0.0000,
1017939,2020-09-30,Participant,0,0.0000,
1017939,2020-12-31,Participant,0,0.0000,207.5000
1017939,2021-06-30,Participant,0,0.0000,125.0000
1017939,2021-09-30,Participant,0,0.0000,
1017939,2021-12-31,Participant,0,0.0000,254.6875
1017939,2022-03-31,Participant,0,0.0000,208.7500
1017939,2022-06-30,Lead/Arranger-type,0,0.0000,
1017939,2022-06-30,Participant,0,0.0000,187.5000
1017939,2022-09-30,Participant,0,0.0000,125.0000
1017939,2022-12-31,Participant,2,53.0972,218.3333
1017939,2023-03-31,Lead/Arranger-type,0,0.0000,
1017939,2023-03-31,Participant,0,0.0000,
1017939,2023-06-30,Lead/Arranger-type,0,0.0000,125.0000
1017939,2023-06-30,Participant,0,0.0000,196.4286
1017939,2023-09-30,Participant,0,0.0000,
1017939,2023-12-31,Participant,0,0.0000,226.8750
1017939,2024-03-31,Participant,0,0.0000,262.5000
1017939,2024-06-30,Participant,0,0.0000,174.1667
1017939,2024-09-30,Participant,0,0.0000,231.2500
1017939,2024-12-31,Lead/Arranger-type,0,0.0000,
1017939,2024-12-31,Participant,0,0.0000,300.0000
1017939,2025-03-31,Participant,0,0.0000,287.5000
1017939,2025-06-30,Lead/Arranger-type,0,0.0000,
1017939,2025-06-30,Participant,0,0.0000,87.5000
1017939,2025-09-30,Lead/Arranger-type,0,0.0000,225.0000
1017939,2025-09-30,Participant,0,0.0000,
1017939,2025-12-31,Participant,0,0.0000,198.3333
1216022,2024-09-30,Participant,0,0.0000,225.0000
1456501,2010-03-31,Lead/Arranger-type,7,702.2380,318.1579
1456501,2010-03-31,Participant,17,888.4804,260.3226
1456501,2010-06-30,Lead/Arranger-type,13,1717.2986,337.1759
1456501,2010-06-30,Participant,34,4024.1911,256.9358
1456501,2010-09-30,Lead/Arranger-type,11,1763.5801,439.2045
1456501,2010-09-30,Participant,29,1861.3297,196.7891
1456501,2010-12-31,Lead/Arranger-type,17,1845.5472,340.8333
1456501,2010-12-31,Participant,44,2018.2197,249.2723
1456501,2011-03-31,Lead/Arranger-type,8,1360.3560,307.0462
1456501,2011-03-31,Participant,33,1829.1025,175.1548
1456501,2011-06-30,Lead/Arranger-type,28,2942.9015,317.3566
1456501,2011-06-30,Participant,34,1592.1806,213.0000
1456501,2011-09-30,Lead/Arranger-type,16,1502.4771,305.2397
1456501,2011-09-30,Participant,19,1172.0030,185.6250
1456501,2011-12-31,Lead/Arranger-type,19,1143.5950,316.9227
1456501,2011-12-31,Participant,39,2737.2239,173.2437
1456501,2012-03-31,Lead/Arranger-type,9,653.7756,332.1198
1456501,2012-03-31,Participant,30,1553.3203,177.1442
1456501,2012-06-30,Lead/Arranger-type,29,2706.5536,360.6068
1456501,2012-06-30,Participant,39,3099.7526,206.4113
1456501,2012-09-30,Lead/Arranger-type,12,1079.4271,343.6832
1456501,2012-09-30,Participant,22,1032.1775,217.5694
1456501,2012-12-31,Lead/Arranger-type,34,2586.8961,384.4248
1456501,2012-12-31,Participant,41,1387.2106,223.4426
1456501,2013-03-31,Lead/Arranger-type,14,822.3000,375.1615
1456501,2013-03-31,Participant,8,365.2530,167.0000
1456501,2013-06-30,Lead/Arranger-type,11,1191.8321,366.0065
1456501,2013-06-30,Participant,40,4087.6138,179.1852
1456501,2013-09-30,Lead/Arranger-type,20,16854.9077,334.6185
1456501,2013-09-30,Participant,23,1024.6309,199.0244
1456501,2013-12-31,Lead/Arranger-type,16,1250.8921,327.2567
1456501,2013-12-31,Participant,18,766.3996,179.1892
1456501,2014-03-31,Lead/Arranger-type,8,1441.1326,350.8293
1456501,2014-03-31,Participant,10,394.5920,188.9286
1456501,2014-06-30,Lead/Arranger-type,14,852.4068,327.4175
1456501,2014-06-30,Participant,24,1681.9856,157.8061
1456501,2014-09-30,Lead/Arranger-type,27,5417.2826,327.0461
1456501,2014-09-30,Participant,25,1491.2298,165.7589
1456501,2014-12-31,Lead/Arranger-type,15,1868.3182,305.4492
1456501,2014-12-31,Participant,23,1295.2605,166.1341
1456501,2015-03-31,Lead/Arranger-type,20,2682.6287,322.0962
1456501,2015-03-31,Participant,22,3083.3373,148.8587
1456501,2015-06-30,Lead/Arranger-type,18,2163.7149,315.6365
1456501,2015-06-30,Participant,25,2884.1525,175.6915
1456501,2015-09-30,Lead/Arranger-type,11,2053.9909,323.6511
1456501,2015-09-30,Participant,21,2552.6063,154.6455
1456501,2015-12-31,Lead/Arranger-type,25,3022.0935,285.0903
1456501,2015-12-31,Participant,30,1893.3866,156.6875
1456501,2016-03-31,Lead/Arranger-type,8,601.9396,306.9133
1456501,2016-03-31,Participant,14,2492.4690,159.8000
1456501,2016-06-30,Lead/Arranger-type,31,2965.0733,344.1207
1456501,2016-06-30,Participant,18,2845.8808,167.7358
1456501,2016-09-30,Lead/Arranger-type,14,1540.3230,335.9459
1456501,2016-09-30,Participant,12,529.0992,158.7500
1456501,2016-12-31,Lead/Arranger-type,13,750.3985,350.5833
1456501,2016-12-31,Participant,14,702.6350,184.2045
1456501,2017-03-31,Lead/Arranger-type,6,352.1398,329.5560
1456501,2017-03-31,Participant,7,512.4237,156.7857
1456501,2017-06-30,Lead/Arranger-type,8,714.4183,348.0300
1456501,2017-06-30,Participant,8,1487.2552,178.5366
1456501,2017-09-30,Lead/Arranger-type,2,460.8254,323.7222
1456501,2017-09-30,Participant,7,1117.6500,156.1029
1456501,2017-12-31,Lead/Arranger-type,12,1561.0305,310.0694
1456501,2017-12-31,Participant,4,237.4506,157.2391
1456501,2018-03-31,Lead/Arranger-type,11,5705.5534,288.3562
1456501,2018-03-31,Participant,3,343.8350,166.1364
1456501,2018-06-30,Lead/Arranger-type,12,1520.8108,288.4458
1456501,2018-06-30,Participant,3,198.5050,154.7794
1456501,2018-09-30,Lead/Arranger-type,2,68.1979,367.4849
1456501,2018-09-30,Participant,9,853.2100,143.0556
1456501,2018-12-31,Lead/Arranger-type,5,1121.2752,321.7388
1456501,2018-12-31,Participant,15,1036.7766,137.0926
1456501,2019-03-31,Lead/Arranger-type,12,1700.2336,265.9542
1456501,2019-03-31,Participant,2,226.7642,154.4531
1456501,2019-06-30,Lead/Arranger-type,7,610.0731,300.3525
1456501,2019-06-30,Participant,6,331.7940,171.7500
1456501,2019-09-30,Lead/Arranger-type,8,467.6365,325.2072
1456501,2019-09-30,Participant,2,209.2000,144.8583
1456501,2019-12-31,Lead/Arranger-type,19,2320.4757,282.6257
1456501,2019-12-31,Participant,13,1240.0900,148.9773
1456501,2020-03-31,Lead/Arranger-type,14,2377.2216,287.3333
1456501,2020-03-31,Participant,5,792.9150,135.2308
1456501,2020-06-30,Lead/Arranger-type,7,302.3676,302.8859
1456501,2020-06-30,Participant,5,516.1210,157.5000
1456501,2020-09-30,Lead/Arranger-type,8,142.9384,351.2520
1456501,2020-09-30,Participant,1,36.0000,169.7222
1456501,2020-12-31,Lead/Arranger-type,6,650.7246,363.3608
1456501,2020-12-31,Participant,8,870.5772,162.3788
1456501,2021-03-31,Lead/Arranger-type,6,12956.4909,337.7351
1456501,2021-03-31,Participant,9,644.5160,243.6098
1456501,2021-06-30,Lead/Arranger-type,14,1514.1528,320.9019
1456501,2021-06-30,Participant,12,1042.8250,132.7388
1456501,2021-09-30,Lead/Arranger-type,7,567.6410,331.9880
1456501,2021-09-30,Participant,10,757.3600,149.3922
1456501,2021-12-31,Lead/Arranger-type,15,1252.7930,314.5196
1456501,2021-12-31,Participant,13,1471.1970,192.7780
1456501,2022-03-31,Lead/Arranger-type,10,734.0431,337.3293
1456501,2022-03-31,Participant,8,1163.2893,187.1429
1456501,2022-06-30,Lead/Arranger-type,15,910.3835,287.6251
1456501,2022-06-30,Participant,4,160.0300,186.9938
1456501,2022-09-30,Lead/Arranger-type,8,1088.6714,332.6636
1456501,2022-09-30,Participant,8,516.4100,189.6483
1456501,2022-12-31,Lead/Arranger-type,7,645.8640,326.3762
1456501,2022-12-31,Participant,15,1620.1500,168.7419
1456501,2023-03-31,Lead/Arranger-type,8,1144.5431,334.6101
1456501,2023-03-31,Participant,7,394.2075,161.8426
1456501,2023-06-30,Lead/Arranger-type,13,669.8683,291.4151
1456501,2023-06-30,Participant,3,414.2000,179.2647
1456501,2023-09-30,Lead/Arranger-type,10,680.6511,347.2945
1456501,2023-09-30,Participant,5,321.2434,178.8750
1456501,2023-12-31,Lead/Arranger-type,8,477.9988,339.2108
1456501,2023-12-31,Participant,6,432.6600,177.3889
1456501,2024-03-31,Lead/Arranger-type,11,669.3944,319.2102
1456501,2024-03-31,Participant,4,266.9500,194.3333
1456501,2024-06-30,Lead/Arranger-type,8,780.2899,312.1224
1456501,2024-06-30,Participant,10,683.7446,210.7137
1456501,2024-09-30,Lead/Arranger-type,17,2085.8663,302.0962
1456501,2024-09-30,Participant,10,463.0350,175.9091
1456501,2024-12-31,Lead/Arranger-type,23,11153.1202,298.0025
1456501,2024-12-31,Participant,20,1901.2610,186.7615
1456501,2025-03-31,Lead/Arranger-type,15,1957.6547,295.7982
1456501,2025-03-31,Participant,16,3792.8190,177.4123
1456501,2025-06-30,Lead/Arranger-type,30,3380.0796,283.1454
1456501,2025-06-30,Participant,23,1395.0118,152.1711
1456501,2025-09-30,Lead/Arranger-type,23,2516.6514,295.4315
1456501,2025-09-30,Participant,10,806.7630,160.5294
1456501,2025-12-31,Lead/Arranger-type,36,5164.5870,263.5969
1456501,2025-12-31,Participant,16,1884.3745,159.7356
1718188,2010-12-31,Participant,0,0.0000,145.0000
1718188,2011-09-30,Participant,0,0.0000,275.0000
1718188,2012-12-31,Participant,2,9.9970,275.0000
1718188,2016-12-31,Participant,0,0.0000,200.0000
1718188,2017-12-31,Participant,0,0.0000,425.0000
1718188,2018-03-31,Participant,0,0.0000,262.5000
1718188,2018-09-30,Participant,0,0.0000,300.0000
1718188,2018-12-31,Participant,0,0.0000,275.0000
1718188,2019-03-31,Participant,0,0.0000,125.0000
1718188,2020-03-31,Participant,0,0.0000,125.0000
1718188,2020-06-30,Participant,0,0.0000,300.0000
1718188,2020-12-31,Participant,0,0.0000,175.0000
1718188,2021-06-30,Participant,0,0.0000,125.0000
1718188,2021-12-31,Participant,0,0.0000,175.0000
1718188,2022-06-30,Participant,0,0.0000,225.0000
1718188,2022-09-30,Participant,0,0.0000,125.0000
1718188,2022-12-31,Participant,0,0.0000,125.0000
1718188,2023-09-30,Participant,0,0.0000,225.0000
1718188,2023-12-31,Participant,0,0.0000,245.0000
1718188,2025-03-31,Participant,0,0.0000,150.0000
1718188,2025-06-30,Participant,0,0.0000,225.0000
1718188,2025-09-30,Participant,0,0.0000,166.6667
1718188,2025-12-31,Participant,0,0.0000,218.7500
2132941,2010-12-31,Participant,1,9.9990,300.0000
2132941,2011-09-30,Participant,1,7.5000,150.0000
2132941,2011-12-31,Participant,2,10.0000,316.6667
2132941,2012-03-31,Participant,0,0.0000,300.0000
2132941,2012-09-30,Participant,0,0.0000,225.0000
2132941,2016-12-31,Participant,0,0.0000,500.0000
2132941,2017-03-31,Participant,0,0.0000,215.0000
2132941,2017-06-30,Participant,0,0.0000,
2132941,2019-09-30,Participant,0,0.0000,250.0000
2132941,2020-12-31,Participant,0,0.0000,250.0000
2132941,2021-03-31,Participant,0,0.0000,250.0000
2132941,2022-06-30,Participant,0,0.0000,400.0000
2132941,2024-12-31,Participant,1,30.0000,400.0000
2182786,2010-03-31,Lead/Arranger-type,6,748.6124,356.4062
2182786,2010-03-31,Participant,21,1076.3278,265.5000
2182786,2010-06-30,Lead/Arranger-type,10,994.1824,384.1081
2182786,2010-06-30,Participant,49,3200.9653,285.2208
2182786,2010-09-30,Lead/Arranger-type,15,3599.1235,395.5238
2182786,2010-09-30,Participant,22,2528.3990,249.6598
2182786,2010-12-31,Lead/Arranger-type,25,1782.3865,331.9828
2182786,2010-12-31,Participant,34,1481.3107,262.9567
2182786,2011-03-31,Lead/Arranger-type,10,2556.8677,366.5000
2182786,2011-03-31,Participant,40,1962.0778,222.8065
2182786,2011-06-30,Lead/Arranger-type,23,1668.6470,318.6382
2182786,2011-06-30,Participant,43,2409.5103,216.9940
2182786,2011-09-30,Lead/Arranger-type,12,746.3204,321.8852
2182786,2011-09-30,Participant,19,1102.6943,185.8594
2182786,2011-12-31,Lead/Arranger-type,12,1058.3870,312.9710
2182786,2011-12-31,Participant,42,3436.1321,181.0692
2182786,2012-03-31,Lead/Arranger-type,14,1642.6891,331.5300
2182786,2012-03-31,Participant,29,1266.7026,202.8145
2182786,2012-06-30,Lead/Arranger-type,21,1571.9053,400.5909
2182786,2012-06-30,Participant,47,3122.3499,164.5580
2182786,2012-09-30,Lead/Arranger-type,13,1779.1822,353.3019
2182786,2012-09-30,Participant,22,1135.1675,195.0213
2182786,2012-12-31,Lead/Arranger-type,14,753.2187,408.1771
2182786,2012-12-31,Participant,25,1611.4005,176.3542
2182786,2013-03-31,Lead/Arranger-type,19,1104.8172,357.4654
2182786,2013-03-31,Participant,17,869.6135,220.9444
2182786,2013-06-30,Lead/Arranger-type,28,1554.7439,358.6462
2182786,2013-06-30,Participant,39,3832.8944,188.6417
2182786,2013-09-30,Lead/Arranger-type,20,1857.9253,367.8977
2182786,2013-09-30,Participant,24,2911.4161,206.0000
2182786,2013-12-31,Lead/Arranger-type,17,1855.4698,345.1041
2182786,2013-12-31,Participant,24,1372.4660,163.1466
2182786,2014-03-31,Lead/Arranger-type,28,5964.9962,346.9831
2182786,2014-03-31,Participant,10,950.4639,206.2805
2182786,2014-06-30,Lead/Arranger-type,27,3212.6776,341.8670
2182786,2014-06-30,Participant,18,1263.2074,173.2870
2182786,2014-09-30,Lead/Arranger-type,13,1067.2372,345.2788
2182786,2014-09-30,Participant,21,2123.3415,197.8333
2182786,2014-12-31,Lead/Arranger-type,13,4789.6698,328.6166
2182786,2014-12-31,Participant,28,1342.3809,170.8038
2182786,2015-03-31,Lead/Arranger-type,18,4082.9785,337.6966
2182786,2015-03-31,Participant,24,1518.8296,172.0833
2182786,2015-06-30,Lead/Arranger-type,26,1598.8834,310.4789
2182786,2015-06-30,Participant,32,2734.9836,157.1094
2182786,2015-09-30,Lead/Arranger-type,21,4870.7431,320.7723
2182786,2015-09-30,Participant,30,2663.7796,181.9000
2182786,2015-12-31,Lead/Arranger-type,24,3574.7784,323.7258
2182786,2015-12-31,Participant,33,2457.9651,204.0656
2182786,2016-03-31,Lead/Arranger-type,21,2120.1587,292.7138
2182786,2016-03-31,Participant,23,1504.1717,194.4344
2182786,2016-06-30,Lead/Arranger-type,29,5641.6549,308.6394
2182786,2016-06-30,Participant,22,1992.1851,178.9623
2182786,2016-09-30,Lead/Arranger-type,21,2513.8397,325.4036
2182786,2016-09-30,Participant,13,648.2080,177.4375
2182786,2016-12-31,Lead/Arranger-type,24,4536.2052,324.2311
2182786,2016-12-31,Participant,20,1775.1015,184.5000
2182786,2017-03-31,Lead/Arranger-type,15,887.7985,323.8165
2182786,2017-03-31,Participant,7,524.9167,197.1111
2182786,2017-06-30,Lead/Arranger-type,12,1042.6906,321.8750
2182786,2017-06-30,Participant,19,539.8069,177.2549
2182786,2017-09-30,Lead/Arranger-type,10,627.9984,325.6041
2182786,2017-09-30,Participant,10,835.8545,266.0526
2182786,2017-12-31,Lead/Arranger-type,15,2202.9996,320.7543
2182786,2017-12-31,Participant,8,563.7882,157.6442
2182786,2018-03-31,Lead/Arranger-type,6,674.1660,320.2843
2182786,2018-03-31,Participant,6,3991.5319,199.5000
2182786,2018-06-30,Lead/Arranger-type,18,2128.6554,290.8981
2182786,2018-06-30,Participant,6,466.0050,183.9524
2182786,2018-09-30,Lead/Arranger-type,9,487.0370,339.6121
2182786,2018-09-30,Participant,14,2666.5790,170.8537
2182786,2018-12-31,Lead/Arranger-type,13,3371.8722,331.3737
2182786,2018-12-31,Participant,16,1098.2959,178.9156
2182786,2019-03-31,Lead/Arranger-type,13,1437.1251,308.7805
2182786,2019-03-31,Participant,2,136.6000,180.6522
2182786,2019-06-30,Lead/Arranger-type,15,1358.8179,312.1792
2182786,2019-06-30,Participant,7,250.1600,175.3241
2182786,2019-09-30,Lead/Arranger-type,12,571.2313,330.7769
2182786,2019-09-30,Participant,2,344.8000,179.4150
2182786,2019-12-31,Lead/Arranger-type,25,2495.6468,300.4701
2182786,2019-12-31,Participant,20,2320.9289,145.2905
2182786,2020-03-31,Lead/Arranger-type,14,1406.6652,295.5824
2182786,2020-03-31,Participant,11,1602.9330,208.4388
2182786,2020-06-30,Lead/Arranger-type,9,2512.3340,276.7243
2182786,2020-06-30,Participant,6,355.1267,211.2459
2182786,2020-09-30,Lead/Arranger-type,8,949.0150,338.9466
2182786,2020-09-30,Participant,3,228.2083,193.7931
2182786,2020-12-31,Lead/Arranger-type,7,673.3531,374.9483
2182786,2020-12-31,Participant,11,1012.9572,201.5000
2182786,2021-03-31,Lead/Arranger-type,8,823.1909,327.8099
2182786,2021-03-31,Participant,13,955.6761,183.7179
2182786,2021-06-30,Lead/Arranger-type,15,2099.6637,311.6160
2182786,2021-06-30,Participant,19,1774.0625,170.1705
2182786,2021-09-30,Lead/Arranger-type,11,983.0656,337.8546
2182786,2021-09-30,Participant,11,1106.9230,136.9519
2182786,2021-12-31,Lead/Arranger-type,5,456.9600,344.1480
2182786,2021-12-31,Participant,11,906.4295,157.5494
2182786,2022-03-31,Lead/Arranger-type,15,1326.5864,305.6549
2182786,2022-03-31,Participant,11,2719.4398,140.5769
2182786,2022-06-30,Lead/Arranger-type,20,2088.4707,287.0576
2182786,2022-06-30,Participant,11,1232.2333,175.0056
2182786,2022-09-30,Lead/Arranger-type,13,930.1816,287.5175
2182786,2022-09-30,Participant,13,1129.3700,163.1579
2182786,2022-12-31,Lead/Arranger-type,10,1432.5850,291.3220
2182786,2022-12-31,Participant,12,1320.2500,170.1857
2182786,2023-03-31,Lead/Arranger-type,12,1638.3142,317.4236
2182786,2023-03-31,Participant,5,526.8900,184.7692
2182786,2023-06-30,Lead/Arranger-type,15,565.8896,309.7663
2182786,2023-06-30,Participant,11,934.7375,184.6290
2182786,2023-09-30,Lead/Arranger-type,14,715.9061,353.1298
2182786,2023-09-30,Participant,16,773.9635,200.8696
2182786,2023-12-31,Lead/Arranger-type,12,474.4787,330.5561
2182786,2023-12-31,Participant,4,394.9500,200.6477
2182786,2024-03-31,Lead/Arranger-type,14,1116.8890,330.4008
2182786,2024-03-31,Participant,6,505.9480,201.2879
2182786,2024-06-30,Lead/Arranger-type,21,1409.6464,315.9176
2182786,2024-06-30,Participant,13,987.6950,162.2312
2182786,2024-09-30,Lead/Arranger-type,23,1882.9918,304.7153
2182786,2024-09-30,Participant,17,1687.4520,171.4444
2182786,2024-12-31,Lead/Arranger-type,15,1057.9403,308.7125
2182786,2024-12-31,Participant,23,1687.1575,171.4848
2182786,2025-03-31,Lead/Arranger-type,19,2638.1392,300.3768
2182786,2025-03-31,Participant,15,1455.9948,148.2615
2182786,2025-06-30,Lead/Arranger-type,32,2880.3885,279.0084
2182786,2025-06-30,Participant,29,1798.0865,156.9043
2182786,2025-09-30,Lead/Arranger-type,36,4101.8556,300.8892
2182786,2025-09-30,Participant,16,1488.0905,151.9018
2182786,2025-12-31,Lead/Arranger-type,39,5162.2756,275.5057
2182786,2025-12-31,Participant,24,1480.4650,165.5342
2736219,2019-06-30,Lead/Arranger-type,0,0.0000,
2736219,2021-03-31,Participant,0,0.0000,
2736219,2021-06-30,Lead/Arranger-type,0,0.0000,
2736219,2021-06-30,Participant,0,0.0000,
2736219,2021-09-30,Lead/Arranger-type,0,0.0000,
2736219,2021-12-31,Participant,0,0.0000,275.0000
2736219,2022-03-31,Lead/Arranger-type,0,0.0000,
2736219,2023-03-31,Lead/Arranger-type,0,0.0000,
2736219,2023-03-31,Participant,0,0.0000,
2736219,2023-06-30,Lead/Arranger-type,0,0.0000,
2736219,2023-06-30,Participant,0,0.0000,
2736219,2023-09-30,Lead/Arranger-type,0,0.0000,
2736219,2024-03-31,Participant,0,0.0000,
2736219,2024-06-30,Participant,0,0.0000,
2736219,2024-09-30,Participant,0,0.0000,
2736219,2024-12-31,Participant,0,0.0000,
2736219,2025-06-30,Participant,0,0.0000,250.0000
2736291,2013-09-30,Participant,0,0.0000,
2736291,2016-09-30,Participant,0,0.0000,366.6667
2736291,2017-06-30,Participant,0,0.0000,150.0000
2736291,2018-03-31,Participant,0,0.0000,300.0000
2860440,2013-03-31,Participant,1,7.0014,300.0000
2860440,2019-12-31,Lead/Arranger-type,0,0.0000,250.0000
3284070,2010-03-31,Lead/Arranger-type,0,0.0000,400.0000
3284070,2010-03-31,Participant,0,0.0000,412.5000
3284070,2010-06-30,Lead/Arranger-type,0,0.0000,517.8571
3284070,2010-09-30,Lead/Arranger-type,0,0.0000,468.7500
3284070,2010-09-30,Participant,1,25.0000,400.0000
3284070,2010-12-31,Lead/Arranger-type,0,0.0000,496.4286
3284070,2010-12-31,Participant,1,24.9975,400.0000
3284070,2011-03-31,Lead/Arranger-type,0,0.0000,533.3333
3284070,2011-03-31,Participant,1,10.0005,399.0000
3284070,2011-06-30,Lead/Arranger-type,0,0.0000,425.0000
3284070,2011-06-30,Participant,0,0.0000,400.0000
3284070,2011-09-30,Lead/Arranger-type,0,0.0000,456.2500
3284070,2011-09-30,Participant,0,0.0000,550.0000
3284070,2011-12-31,Lead/Arranger-type,0,0.0000,516.6667
3284070,2011-12-31,Participant,0,0.0000,500.0000
3284070,2012-03-31,Lead/Arranger-type,0,0.0000,581.5789
3284070,2012-06-30,Lead/Arranger-type,0,0.0000,553.3333
3284070,2012-06-30,Participant,0,0.0000,475.0000
3284070,2012-09-30,Lead/Arranger-type,0,0.0000,493.7500
3284070,2012-09-30,Participant,0,0.0000,525.0000
3284070,2012-12-31,Lead/Arranger-type,2,24.1200,479.6296
3284070,2012-12-31,Participant,0,0.0000,515.3846
3284070,2013-03-31,Lead/Arranger-type,0,0.0000,450.0000
3284070,2013-06-30,Lead/Arranger-type,1,2.7500,436.5385
3284070,2013-06-30,Participant,0,0.0000,464.2857
3284070,2013-09-30,Lead/Arranger-type,0,0.0000,486.5385
3284070,2013-09-30,Participant,0,0.0000,450.0000
3284070,2013-12-31,Lead/Arranger-type,3,21.7170,440.2174
3284070,2013-12-31,Participant,0,0.0000,500.0000
3284070,2014-03-31,Lead/Arranger-type,0,0.0000,444.6429
3284070,2014-03-31,Participant,0,0.0000,650.0000
3284070,2014-06-30,Lead/Arranger-type,0,0.0000,492.3077
3284070,2014-06-30,Participant,0,0.0000,425.0000
3284070,2014-09-30,Lead/Arranger-type,0,0.0000,429.1667
3284070,2014-09-30,Participant,0,0.0000,500.0000
3284070,2014-12-31,Lead/Arranger-type,0,0.0000,462.5000
3284070,2014-12-31,Participant,4,69.9600,322.5000
3284070,2015-03-31,Lead/Arranger-type,0,0.0000,458.3333
3284070,2015-03-31,Participant,0,0.0000,625.0000
3284070,2015-06-30,Lead/Arranger-type,0,0.0000,491.9355
3284070,2015-06-30,Participant,0,0.0000,450.0000
3284070,2015-09-30,Lead/Arranger-type,0,0.0000,485.0000
3284070,2015-09-30,Participant,0,0.0000,471.1538
3284070,2015-12-31,Lead/Arranger-type,3,18.5010,462.5000
3284070,2015-12-31,Participant,0,0.0000,285.0000
3284070,2016-03-31,Lead/Arranger-type,0,0.0000,478.6458
3284070,2016-03-31,Participant,0,0.0000,456.8182
3284070,2016-06-30,Lead/Arranger-type,0,0.0000,495.6977
3284070,2016-06-30,Participant,0,0.0000,510.0000
3284070,2016-09-30,Lead/Arranger-type,0,0.0000,501.5102
3284070,2016-09-30,Participant,0,0.0000,266.6667
3284070,2016-12-31,Lead/Arranger-type,0,0.0000,469.8276
3284070,2016-12-31,Participant,0,0.0000,500.0000
3284070,2017-03-31,Lead/Arranger-type,0,0.0000,491.8919
3284070,2017-03-31,Participant,0,0.0000,474.1667
3284070,2017-06-30,Lead/Arranger-type,0,0.0000,452.2727
3284070,2017-06-30,Participant,0,0.0000,525.0000
3284070,2017-09-30,Lead/Arranger-type,0,0.0000,462.5000
3284070,2017-09-30,Participant,0,0.0000,300.0000
3284070,2017-12-31,Lead/Arranger-type,0,0.0000,434.7297
3284070,2017-12-31,Participant,0,0.0000,292.1429
3284070,2018-03-31,Lead/Arranger-type,0,0.0000,460.6667
3284070,2018-03-31,Participant,0,0.0000,300.0000
3284070,2018-06-30,Lead/Arranger-type,0,0.0000,461.3929
3284070,2018-06-30,Participant,0,0.0000,247.8571
3284070,2018-09-30,Lead/Arranger-type,0,0.0000,395.2500
3284070,2018-09-30,Participant,0,0.0000,441.6667
3284070,2018-12-31,Lead/Arranger-type,0,0.0000,464.4737
3284070,2018-12-31,Participant,0,0.0000,451.4286
3284070,2019-03-31,Lead/Arranger-type,0,0.0000,398.8636
3284070,2019-03-31,Participant,0,0.0000,375.0000
3284070,2019-06-30,Lead/Arranger-type,0,0.0000,446.8750
3284070,2019-06-30,Participant,0,0.0000,365.0000
3284070,2019-09-30,Lead/Arranger-type,0,0.0000,434.1667
3284070,2019-12-31,Lead/Arranger-type,0,0.0000,511.7647
3284070,2019-12-31,Participant,0,0.0000,130.0000
3284070,2020-03-31,Lead/Arranger-type,0,0.0000,234.3750
3284070,2020-03-31,Participant,1,34.9200,329.1667
3284070,2020-06-30,Lead/Arranger-type,0,0.0000,356.1111
3284070,2020-06-30,Participant,0,0.0000,400.0000
3284070,2020-09-30,Lead/Arranger-type,0,0.0000,503.3333
3284070,2020-09-30,Participant,0,0.0000,175.0000
3284070,2020-12-31,Lead/Arranger-type,0,0.0000,403.5714
3284070,2020-12-31,Participant,0,0.0000,326.6667
3284070,2021-03-31,Lead/Arranger-type,0,0.0000,399.3056
3284070,2021-03-31,Participant,0,0.0000,345.0000
3284070,2021-06-30,Lead/Arranger-type,0,0.0000,439.5833
3284070,2021-06-30,Participant,0,0.0000,320.1429
3284070,2021-09-30,Lead/Arranger-type,0,0.0000,395.8333
3284070,2021-09-30,Participant,0,0.0000,600.0000
3284070,2021-12-31,Lead/Arranger-type,0,0.0000,400.0000
3284070,2021-12-31,Participant,0,0.0000,180.0000
3284070,2022-03-31,Lead/Arranger-type,0,0.0000,470.8333
3284070,2022-03-31,Participant,0,0.0000,245.0000
3284070,2022-06-30,Lead/Arranger-type,0,0.0000,483.3333
3284070,2022-06-30,Participant,0,0.0000,400.0000
3284070,2022-09-30,Participant,0,0.0000,350.0000
3284070,2022-12-31,Lead/Arranger-type,0,0.0000,455.0000
3284070,2022-12-31,Participant,0,0.0000,250.0000
3284070,2023-03-31,Lead/Arranger-type,0,0.0000,501.0000
3284070,2023-03-31,Participant,0,0.0000,272.5000
3284070,2023-06-30,Lead/Arranger-type,0,0.0000,465.2500
3284070,2023-09-30,Lead/Arranger-type,0,0.0000,485.7143
3284070,2023-09-30,Participant,0,0.0000,450.0000
3284070,2023-12-31,Participant,0,0.0000,400.0000
3284070,2024-03-31,Lead/Arranger-type,0,0.0000,447.2222
3284070,2024-03-31,Participant,0,0.0000,475.0000
3284070,2024-06-30,Lead/Arranger-type,0,0.0000,457.1429
3284070,2024-06-30,Participant,0,0.0000,
3284070,2024-09-30,Lead/Arranger-type,0,0.0000,336.0000
3284070,2024-09-30,Participant,0,0.0000,450.0000
3284070,2024-12-31,Lead/Arranger-type,4,42.6470,431.8182
3284070,2024-12-31,Participant,3,24.3459,222.2727
3284070,2025-03-31,Lead/Arranger-type,1,84.9975,370.0000
3284070,2025-03-31,Participant,2,40.5053,
3284070,2025-06-30,Lead/Arranger-type,0,0.0000,350.0000
3284070,2025-06-30,Participant,0,0.0000,
3284070,2025-09-30,Lead/Arranger-type,1,132.5000,315.0000
3284070,2025-12-31,Lead/Arranger-type,0,0.0000,250.0000
3284070,2025-12-31,Participant,1,20.5212,
3402913,2022-06-30,Lead/Arranger-type,0,0.0000,
3402913,2022-09-30,Lead/Arranger-type,0,0.0000,
3402913,2022-09-30,Participant,0,0.0000,400.0000
3402913,2023-12-31,Lead/Arranger-type,0,0.0000,
3402913,2024-12-31,Lead/Arranger-type,0,0.0000,275.0000
3402913,2025-06-30,Participant,0,0.0000,
3783313,2020-12-31,Participant,0,0.0000,
3783313,2023-06-30,Participant,0,0.0000,
3783313,2023-09-30,Participant,0,0.0000,
3783313,2023-12-31,Lead/Arranger-type,0,0.0000,
3783313,2024-03-31,Participant,0,0.0000,335.0000
3783313,2025-09-30,Lead/Arranger-type,0,0.0000,250.0000
4114567,2010-12-31,Participant,0,0.0000,350.0000
4114567,2011-12-31,Participant,0,0.0000,225.0000
4114567,2012-09-30,Participant,0,0.0000,241.6667
4114567,2013-03-31,Participant,0,0.0000,275.0000
4114567,2013-09-30,Participant,0,0.0000,350.0000
4114567,2013-12-31,Participant,0,0.0000,291.6667
4114567,2014-03-31,Participant,0,0.0000,312.5000
4114567,2014-09-30,Participant,0,0.0000,225.0000
4114567,2014-12-31,Participant,0,0.0000,
4114567,2015-06-30,Lead/Arranger-type,0,0.0000,355.0000
4114567,2015-06-30,Participant,0,0.0000,350.0000
4114567,2015-12-31,Lead/Arranger-type,0,0.0000,155.0000
4114567,2015-12-31,Participant,1,40.0000,
4114567,2016-03-31,Participant,0,0.0000,300.0000
4114567,2016-06-30,Participant,0,0.0000,225.0000
4114567,2016-12-31,Participant,2,45.0000,241.6667
4114567,2017-03-31,Participant,0,0.0000,300.0000
4114567,2017-06-30,Participant,0,0.0000,200.0000
4114567,2017-09-30,Lead/Arranger-type,0,0.0000,300.0000
4114567,2017-09-30,Participant,0,0.0000,375.0000
4114567,2017-12-31,Lead/Arranger-type,0,0.0000,275.0000
4114567,2018-03-31,Participant,0,0.0000,175.0000
4114567,2018-06-30,Lead/Arranger-type,0,0.0000,275.0000
4114567,2018-12-31,Participant,0,0.0000,225.0000
4114567,2019-06-30,Participant,0,0.0000,225.0000
4114567,2020-06-30,Lead/Arranger-type,0,0.0000,
4114567,2020-06-30,Participant,0,0.0000,225.0000
4114567,2020-12-31,Lead/Arranger-type,0,0.0000,
4114567,2021-09-30,Participant,0,0.0000,225.0000
4114567,2022-06-30,Participant,0,0.0000,
